-- MySQL dump 10.17  Distrib 10.3.22-MariaDB, for debian-linux-gnu (x86_64)
--
-- Host: localhost    Database: cl_general
-- ------------------------------------------------------
-- Server version	10.3.22-MariaDB-0+deb10u1

/*!40101 SET @OLD_CHARACTER_SET_CLIENT=@@CHARACTER_SET_CLIENT */;
/*!40101 SET @OLD_CHARACTER_SET_RESULTS=@@CHARACTER_SET_RESULTS */;
/*!40101 SET @OLD_COLLATION_CONNECTION=@@COLLATION_CONNECTION */;
/*!40101 SET NAMES utf8mb4 */;
/*!40103 SET @OLD_TIME_ZONE=@@TIME_ZONE */;
/*!40103 SET TIME_ZONE='+00:00' */;
/*!40014 SET @OLD_UNIQUE_CHECKS=@@UNIQUE_CHECKS, UNIQUE_CHECKS=0 */;
/*!40014 SET @OLD_FOREIGN_KEY_CHECKS=@@FOREIGN_KEY_CHECKS, FOREIGN_KEY_CHECKS=0 */;
/*!40101 SET @OLD_SQL_MODE=@@SQL_MODE, SQL_MODE='NO_AUTO_VALUE_ON_ZERO' */;
/*!40111 SET @OLD_SQL_NOTES=@@SQL_NOTES, SQL_NOTES=0 */;

--
-- Table structure for table `examination`
--

DROP TABLE IF EXISTS `examination`;
/*!40101 SET @saved_cs_client     = @@character_set_client */;
/*!40101 SET character_set_client = utf8 */;
CREATE TABLE `examination` (
  `examination_id` int(11) NOT NULL AUTO_INCREMENT,
  `name` varchar(50) COLLATE utf8_bin NOT NULL,
  `sample_requirement` varchar(100) COLLATE utf8_bin NOT NULL DEFAULT 'NULL',
  `edit_specification` varchar(1000) COLLATE utf8_bin NOT NULL,
  `description` varchar(300) COLLATE utf8_bin DEFAULT NULL,
  PRIMARY KEY (`examination_id`),
  KEY `sample_requirement` (`sample_requirement`),
  CONSTRAINT `examination_ibfk_1` FOREIGN KEY (`sample_requirement`) REFERENCES `sample_id_strategy` (`sample_requirement`)
) ENGINE=InnoDB AUTO_INCREMENT=100024 DEFAULT CHARSET=utf8 COLLATE=utf8_bin;
/*!40101 SET character_set_client = @saved_cs_client */;

--
-- Dumping data for table `examination`
--

LOCK TABLES `examination` WRITE;
/*!40000 ALTER TABLE `examination` DISABLE KEYS */;
INSERT INTO `examination` VALUES (1,'WBC (Leucocyte Count)','EDTA-Blood-HI','{\"type\":\"number\",\"help\":\" /cmm  4000-10000 (Impedance)\",\"step\":\"1\", \"interval_l\":\"4000\",\"interval_h\":\"10000\",\"cinterval_l\":\"2000\",\"cinterval_h\":\"30000\"}',''),(2,'RBC (Erythrocyte Count)','EDTA-Blood-HI','{\"type\":\"number\",\"help\":\"M/cmm, M:4.5-5.5 F:3.8-4.8 (Impedance)\",\"interval_l\":\"3.8\",\"interval_h\":\"5.5\",\"step\":\"0.01\"}','None'),(3,'Hemoglobin','EDTA-Blood-HI','{\"type\":\"number\",\"help\":\"gm/dL M: 13-17 F:12-15 (Non-CyanomethHb)\",\"interval_l\":\"12\",\"interval_h\":\"17\",\"cinterval_l\":\"7\",\"cinterval_h\":\"20\",\"step\":\"0.1\"}','None'),(4,'PCV (Packed Cell Volume)','EDTA-Blood-HI','{\"type\":\"number\",\"step\":\"0.1\",\"help\":\"% M:40-50 F:36-46 (Impedance)\",\"interval_l\":\"36\",\"interval_h\":\"50\",\"cinterval_l\":\"20\",\"cinterval_h\":\"60\"}','None'),(5,'MCV (Mean Corp Vol)','EDTA-Blood-HI','{\"type\":\"number\",\"help\":\"fL 80-96 (Calculated)\",\"step\":\"0.1\",\"interval_l\":\"80\",\"interval_h\":\"96\"}','None'),(6,'MCH (Mean Corp Hb)','EDTA-Blood-HI','{\"type\":\"number\",\"help\":\"pg 27-31 (Calculated)\",\"step\":\"0.1\",\"interval_l\":\"27\",\"interval_h\":\"31\"}','None'),(7,'MCHC (Mean Corp Hb Conc)','EDTA-Blood-HI','{\"type\":\"number\",\"help\":\"gm/dL 32-36 (Calculated)\",\"step\":\"0.1\",\"interval_l\":\"32\",\"interval_h\":\"36\"}','None'),(8,'RDW (Red Cell Dist Width)','EDTA-Blood-HI','{\"type\":\"number\",\"help\":\"% 11.5-14 (Calculated)\",\"step\":\"0.1\",\"interval_l\":\"11.5\",\"interval_h\":\"14\"}','None'),(9,'Platelet','EDTA-Blood-HI','{\"type\":\"number\",\"help\":\"/cmm 150000-400000 (Impedance)\",\"step\":\"1\",\"interval_l\":\"150000\",\"interval_h\":\"400000\",\"cinterval_l\":\"20000\",\"cinterval_h\":\"1000000\"}','None'),(13,'Lymphocyte%','EDTA-Blood-HI','{\"type\":\"text\",\"help\":\"Describe\"}','None'),(14,'Monocyte%','EDTA-Blood-HI','{\"type\":\"text\",\"help\":\"Describe\"}','None'),(15,'Granulocyte%','EDTA-Blood-HI','{\"type\":\"text\",\"help\":\"Describe\"}','None'),(19,'RBC Graph','EDTA-Blood-HI','{\"type\":\"blob\",\"readonly\":\"readonly\",\"img\":\"dw\"}','None'),(20,'WBC Graph','EDTA-Blood-HI','{\"type\":\"blob\",\"readonly\":\"readonly\",\"img\":\"dw\"}','None'),(21,'Platelet Graph','EDTA-Blood-HI','{\"type\":\"blob\",\"readonly\":\"readonly\",\"img\":\"dw\"}','None'),(26,'Sample_Report_Time','None','{\"type\":\"datetime-local\", \"pattern\":\"[0-9]{4}-[0-9]{2}-[0-9]{2}T[0-9]{2}:[0-9]{2}\",\"default\":\"date(\'Y-m-d\')\" }',''),(39,'Neutrophils','EDTA-Blood-HI','{\"type\":\"number\",\"help\":\"% 40-80\",\"step\":\"1\",\"interval_l\":\"40\",\"interval_h\":\"80\"}',''),(40,'Lymphocytes','EDTA-Blood-HI','{\"type\":\"number\",\"help\":\"% 20-40\",\"step\":\"1\",\"interval_l\":\"20\",\"interval_h\":\"40\"}',''),(41,'Eosinophils','EDTA-Blood-HI','{\"type\":\"number\",\"help\":\"% 01-06\",\"step\":\"1\",\"interval_h\":\"6\"}',''),(42,'Monocytes','EDTA-Blood-HI','{\"type\":\"number\",\"help\":\"% 02-10\",\"step\":\"1\",\"interval_h\":\"10\"}',''),(43,'Basophils','EDTA-Blood-HI','{\"type\":\"number\",\"help\":\"% 00-02\",\"step\":\"1\",\"interval_h\":\"2\"}',''),(44,'NRBCs','EDTA-Blood-HI','',''),(45,'Platelets on smear','EDTA-Blood-HI','{\"type\":\"select\",\"help\":\"\",\"option\":\",Adequate,Reduced,Increased,Mildly Reduced, Markedly Reduced,\"}',''),(46,'Plasmodium Vivax Malarial Antigen','EDTA-Blood-HI','{\"type\":\"select\",\"option\":\",Negative, Positive\"}','For P. Vivax'),(47,'Plasmodium Falciparum Malarial Antigen','EDTA-Blood-HI','{\"type\":\"select\",\"option\":\",Negative, Positive\"}','For P. Vivax'),(48,'ANC (Absolute Neutrophil Count)','EDTA-Blood-HI','{\"type\":\"number\",\"help\":\"/cmm 1600-8000 (Calculation)\",\"step\":\"1\",\"interval_l\":\"1600\",\"interval_h\":\"8000\"}',''),(49,'ALC (Absolute Lymphocyte Count)','EDTA-Blood-HI','{\"type\":\"number\",\"help\":\"/cmm 800-4000 (Calculation)\",\"step\":\"1\",\"interval_l\":\"800\",\"interval_h\":\"4000\"}',''),(50,'AEC (Absolute Eosinophil Count)','EDTA-Blood-HI','{\"type\":\"number\",\"help\":\"/cmm 20-500 (Calculation)\",\"step\":\"1\",\"interval_l\":\"20\",\"interval_h\":\"500\"}',''),(51,'Blasts','EDTA-Blood-HI','{\"type\":\"number\",\"help\":\"%\"}',''),(52,'Promyelocytes','EDTA-Blood-HI','{\"type\":\"number\",\"help\":\"%\"}',''),(53,'Myelocytes','EDTA-Blood-HI','{\"type\":\"number\",\"help\":\"%\"}',''),(54,'Metamyelocytes','EDTA-Blood-HI','{\"type\":\"number\",\"help\":\"%\"}',''),(55,'Neutrophils + Band Cells','EDTA-Blood-HI','{\"type\":\"number\",\"help\":\"%\"}',''),(56,'Remark','EDTA-Blood-HI','{\"type\":\"text\"}','For Differential Count'),(57,'Morphology','EDTA-Blood-HI','{\"type\":\"select\",\"option\":\",Normocytic,Normochromic,Normocytic Normochromic,Hypochromic Microcytic,Predominantly Normocytic Normochromic\"}',''),(58,'Anisocytosis','EDTA-Blood-HI','{\"type\":\"select\",\"option\":\",+,++,+++,++++,Mild,Occasional,Few\"}',''),(59,'Poikilocytosis','EDTA-Blood-HI','{\"type\":\"select\",\"option\":\",+,++,+++,++++,Mild,Occasional,Few\"}',''),(60,'Microcytosis','EDTA-Blood-HI','{\"type\":\"select\",\"option\":\",+,++,+++,++++,Mild,Occasional,Few\"}',''),(61,'Macrocytosis','EDTA-Blood-HI','{\"type\":\"select\",\"option\":\",+,++,+++,++++,Mild,Occasional,Few\"}',''),(62,'Hypochromia','EDTA-Blood-HI','{\"type\":\"select\",\"option\":\",+,++,+++,++++,Mild,Occasional,Few\"}',''),(63,'Target Cells','EDTA-Blood-HI','{\"type\":\"select\",\"option\":\",+,Occasional,Few\"}',''),(64,'Elliptocytes','EDTA-Blood-HI','{\"type\":\"select\",\"option\":\",+,Occasional,Few\"}',''),(65,'Tear Drop Cells','EDTA-Blood-HI','{\"type\":\"select\",\"option\":\",+,Occasional,Few\"}',''),(66,'Others','EDTA-Blood-HI','{\"type\":\"text\"}','For RBC Morphology'),(67,'Platelet Morphology','EDTA-Blood-HI','	{\"type\":\"select\",\"option\":\",Giant Platelet seen,Platelet aggregates seen\"}',''),(68,'Species','EDTA-Blood-HI','{\"type\":\"select\",\"option\":\",Not Detected, Plasmodium Vivax Ring Forms and Trophozoites,Plasmodium Falciparum Ring Forms, Plasmodium Falciparum Ring Forms with Gametocytes, Plasmodium Falciparum Gametocytes Detected,Plasmodium Vivax Ring and Trophozoites with Schizonts, Plasmodium Vivax Ring and Trophozoites with Gametocytes, Mixed Infection, Others\"}',''),(69,'Grade','EDTA-Blood-HI','{\"type\":\"select\",\"option\":\",+,++,+++,++++\"}',''),(70,'Others','EDTA-Blood-HI','{\"type\":\"text\"}','For other parasites and mixed'),(71,'MPV (Mean Platelet Volume)','EDTA-Blood-HI','{\"type\":\"number\",\"help\":\"fL 6.5-10 (Calculated)\",\"step\":\"0.1\",\"interval_l\":\"6.5\",\"interval_h\":\"10\"}','None'),(72,'PDW (Platelet Distribution Width)','EDTA-Blood-HI','{\"type\":\"number\",\"help\":\"% 10-18 (Calculated)\",\"step\":\"0.1\",\"interval_l\":\"10\",\"interval_h\":\"18\"}','None'),(73,'Reticulocyte Count ','EDTA-Blood-HI','{\"type\":\"number\",\"help\":\"% 0.5-2.5 (Microscopy)\",\"step\":\"0.1\",\"interval_l\":\"0.5\",\"interval_h\":\"2.5\"}','None'),(74,'Corrected Reticulocyte Count ','EDTA-Blood-HI','{\"type\":\"number\",\"help\":\"% (Calculated)\",\"step\":\"0.1\"}','None'),(75,'Erythrocyte Sedimentation Rate','EDTA-Blood-HI','{\"type\":\"number\",\"help\":\"mm/hr 0-12 (Westergren Method)\",\"interval_l\":\"0\",\"interval_h\":\"12\"}','None'),(76,'Prothrombin Time (PT)','Citrate-Blood-HI','{\"type\":\"number\",\"help\":\"secs 11-16 (Clot Based)\",\"interval_l\":\"11\",\"interval_h\":\"16\",\"cinterval_h\":\"60\"}','None'),(77,'Control (MNPT)','Citrate-Blood-HI','{\"type\":\"number\",\"help\":\"secs\"}','None'),(78,'Ratio','Citrate-Blood-HI','{\"type\":\"number\",\"calculate\":\"max(E/e,1)\",\"ex_list\":\"76,77\",\"step\":\"0.01\",\"decimal\":\"2\",\"help\":\"PT/MNPT (Calculated)\"}','None'),(79,'Index','Citrate-Blood-HI','{\"type\":\"number\",\"calculate\":\"100/e\",\"ex_list\":\"78\",\"step\":\"1\",\"decimal\":\"0\",\"help\":\"% 100/Ratio (Calculated)\"}','None'),(80,'PT (INR) Value','Citrate-Blood-HI','{\"type\":\"number\",\"calculate\":\"e^1.08\",\"ex_list\":\"78\",\"step\":\"0.01\",\"decimal\":\"2\",\"help\":\"Normal Population: 0.8-1.2\\nStandard Therapy: 2.0-3.0\\nHigh Dose Therapy: 3.0-4.5\\n(Calculated, ISI=1.0)\"}','None'),(81,'aPTT - Test','Citrate-Blood-HI','{\"type\":\"number\",\"help\":\"secs 27-34 (Clot Based)\",\"interval_l\":\"27\",\"interval_h\":\"34\",\"cinterval_h\":\"100\"}','None'),(82,'aPTT - Control ','Citrate-Blood-HI','{\"type\":\"number\",\"help\":\"secs\"}','None'),(83,'Fibrinogen','Citrate-Blood-HI','{\"type\":\"number\",\"help\":\"mg% 150-400 (Clot Based)\",\"interval_l\":\"150\",\"interval_h\":\"400\"}','None'),(84,'Fibrinogen Degradation Product (FDP)','Citrate-Blood-HI','{\"type\":\"select\",\"help\":\"(Agglutination)\",\"option\":\",Negative, Positive\"}','None'),(85,'Factor VIII Assay','Citrate-Blood-HI','{\"type\":\"number\",\"help\":\"% 50-150 (Clot Based)\",\"interval_l\":\"50\",\"interval_h\":\"150\"}','None'),(86,'Factor IX Assay','Citrate-Blood-HI','{\"type\":\"number\",\"help\":\"% 50-150 (Clot Based)\",\"interval_l\":\"50\",\"interval_h\":\"150\"}','None'),(87,'Bleeding Time (BT)','Citrate-Blood-HI','{\"type\":\"number\",\"help\":\"mins 02-05 (Duke Method)\",\"interval_l\":\"2\",\"interval_h\":\"5\"}','None'),(88,'Clotting Time (BT)','Citrate-Blood-HI','{\"type\":\"number\",\"help\":\"mins 08-15 (Capillary Tube Method)\",\"interval_l\":\"8\",\"interval_h\":\"15\"}','None'),(89,'Physical Examination','Plain-Urine-CP','{\"type\":\"subsection\",\"readonly\":\"readonly\"}','For Urine Physical Examination'),(90,'Quantity','Plain-Urine-CP','{\"type\":\"number\",\"help\":\"ml\"}','None'),(91,'Colour','Plain-Urine-CP','{\"type\":\"select\",\"help\":\"Pale Yellow\",\"option\":\",Pale Yellow, Yellow, Reddish, Dark Yellow,Slightly Reddish,Amber,Colourless,Pink\"}','None'),(92,'Appearance','Plain-Urine-CP','{\"type\":\"select\",\"help\":\"Clear\",\"option\":\",Clear, Slightly Turbid, Turbid, Cloudy\"}','None'),(93,'Odour','Plain-Urine-CP','{\"type\":\"select\",\"help\":\"Non-Specific\",\"option\":\",Non-Specific, Fruity, Mousy/Musty, Fishy, Ammoniacal, Foul, Rancid, Maple Syrup/Burnt Sugar\"}','For Urine Odour'),(94,'Chemical Examination','Plain-Urine-CP','{\"type\":\"subsection\",\"readonly\":\"readonly\"}','For Urine Chemical Examination'),(95,'pH','Plain-Urine-CP','{\"type\":\"text\",\"help\":\"4.5 - 8\"}',''),(96,'Specific Gravity','Plain-Urine-CP','{\"type\":\"text\",\"help\":\"1.003 - 1.030\"}',''),(97,'Protein (Albumin)','Plain-Urine-CP','{\"type\":\"select\",\"help\":\"Absent\",\"option\":\",Absent,Trace,+,++,+++,++++\"}','None'),(98,'Glucose','Plain-Urine-CP','{\"type\":\"select\",\"help\":\"Absent\",\"option\":\",Absent,Trace,+,++,+++,++++\"}','None'),(99,'Ketones','Plain-Urine-CP','{\"type\":\"select\",\"help\":\"Absent\",\"option\":\",Absent,Trace,+,++,+++,++++\"}','None'),(100,'Bile Salts','Plain-Urine-CP','{\"type\":\"select\",\"help\":\"Absent\",\"option\":\",Absent, Present\"}','None'),(101,'Bile Pigments','Plain-Urine-CP','{\"type\":\"select\",\"help\":\"Absent\",\"option\":\",Absent, Present\"}','None'),(102,'Blood','Plain-Urine-CP','{\"type\":\"select\",\"help\":\"Absent\",\"option\":\",Absent,Trace,+,++,+++,++++\"}','None'),(103,'Microscopic Examination','Plain-Urine-CP','{\"type\":\"subsection\",\"readonly\":\"readonly\"}','For Urine Microscopic Examination'),(104,'Pus Cells','Plain-Urine-CP','{\"type\":\"text\",\"help\":\"Absent\",\"option\":\",Nil,1-2,2-4\"}',''),(105,'RBC (Red Blood Cells)','Plain-Urine-CP','{\"type\":\"text\",\"help\":\"Absent\",\"option\":\",Nil,1-2,2-4\"}',''),(106,'Epithelial Cells Number','Plain-Urine-CP','{\"type\":\"text\",\"help\":\"/hpf 0 - 5\"}',''),(107,'Crystals','Plain-Urine-CP','	{\"type\":\"select\",\"help\":\"Absent\",\"option\":\",Nil\"}','None'),(108,'Casts','Plain-Urine-CP','{\"type\":\"select\",\"help\":\"Absent\",\"option\":\",Nil\"}','None'),(109,'Others','Plain-Urine-CP','{\"type\":\"text\"}','For Urine Microscopic Examination'),(110,'Special Tests','Plain-Urine-CP','{\"type\":\"subsection\",\"readonly\":\"readonly\"}','For Urine Special Tests'),(111,'Test  Name','Plain-Urine-CP','{\"type\":\"select\",\"help\":\"Absent\",\"option\":\"NA, Bence Jones Proteins, Porphobilinogen, Chyluria, Cylindroids\"}','None'),(113,'Result','Plain-Urine-CP','{\"type\":\"text\"}','For Urine Special Test Result'),(114,'Physical Examination','Plain-Stool-CP','{\"type\":\"subsection\",\"readonly\":\"readonly\"}','For Stool Physical Examination'),(115,'Colour','Plain-Stool-CP','{\"type\":\"select\",\"option\":\",Brown, Yellow, Green,  Black, Greenish Yellow, Dark Yellow, Dark Brown, Whitish, Rice-water \"}','None'),(116,'Consistency','Plain-Stool-CP','{\"type\":\"select\",\"option\":\", Solid, Semi-solid, Loose, Watery\"}','None'),(117,'Chemical Examination','Plain-Stool-CP','{\"type\":\"subsection\",\"readonly\":\"readonly\"}','For Stool Chemical Examination'),(118,'Occult Blood','Plain-Stool-CP','{\"type\":\"select\",\"help\":\"Absent (Benzidine Test)\",\"option\":\",Absent, Present\"}','None'),(119,'Microscopic Examination','Plain-Stool-CP','{\"type\":\"subsection\",\"readonly\":\"readonly\"}','For Stool Microscopic Examination'),(120,'Trophozoites','Plain-Stool-CP','{\"type\":\"select\",\"help\":\"Absent\",\"option\":\",Absent, Present\"}','None'),(121,'Ova','Plain-Stool-CP','{\"type\":\"select\",\"help\":\"Absent\",\"option\":\",Absent, Present\"}','None'),(122,'Cysts','Plain-Stool-CP','{\"type\":\"select\",\"help\":\"Absent\",\"option\":\",Nil\"}','None'),(123,'Pus Cells','Plain-Stool-CP','{\"type\":\"select\",\"help\":\"Absent\",\"option\":\",Absent, 1-2, 3-5, 6-8, 10-12, 15-20, Plenty\"}','None'),(124,'RBC (Red Blood Cells)','Plain-Stool-CP','{\"type\":\"select\",\"help\":\"Absent\",\"option\":\",Absent, 1-2, 3-5, 6-8, 10-12, 15-20, Plenty\"}','None'),(125,'Others','Plain-Stool-CP','{\"type\":\"text\"}','For Stool Microscopic Examination'),(126,'Specimen','EDTA-BodyFluid-CP','{\"type\":\"select\",\"option\":\",Cerebrospinal Fluid (CSF), Ascitic Fluid, Pleural Fluid, Peritoneal Fluid, Synovial Fluid, Pus, Pericardial Fluid, Cystic Fluid, Drain Fluid, Colposcopy Fluid, Abscess Material\"}','None'),(127,'Physical Examination','EDTA-BodyFluid-CP','{\"type\":\"subsection\",\"readonly\":\"readonly\"}','For Body Fluidl Examination'),(128,'Quantity','EDTA-BodyFluid-CP','{\"type\":\"select\",\"help\":\"ml\",\"option\":\",0.5, 1, 1.5, 2, 2.5, 3, 3.5\"}','None'),(129,'Colour','EDTA-BodyFluid-CP','{\"type\":\"select\",\"option\":\",Colourless, Pale Yellow, Yellow, Reddish, Dark Yellow,Slightly Reddish, Amber, Brownish, Greenish, Greyish, Milky-white, Black\"}','None'),(130,'Appearance','EDTA-BodyFluid-CP','{\"type\":\"select\",\"help\":\"Clear\",\"option\":\",Clear, Slightly Turbid, Turbid, Cloudy\"}','None'),(131,'Clot Formation','EDTA-BodyFluid-CP','{\"type\":\"select\",\"help\":\"Absent\",\"option\":\",Absent, Present\"}','None'),(132,'Microscopic Examination','EDTA-BodyFluid-CP','{\"type\":\"subsection\",\"readonly\":\"readonly\"}','For Microscopic Body Fluid Examination'),(133,'Total RBC (Red Blood Cells) Count','EDTA-BodyFluid-CP','{\"type\":\"text\",\"help\":\"cells/cmm\"}','None'),(134,'Total WBC (White Blood Cell) Count','EDTA-BodyFluid-CP','{\"type\":\"text\",\"help\":\"cells/cmm\"}','None'),(135,'Polymorphs','EDTA-BodyFluid-CP','{\"type\":\"text\",\"help\":\"%\"}','None'),(136,'Lymphocytes','EDTA-BodyFluid-CP','{\"type\":\"text\",\"help\":\"%\"}','None'),(137,'Remarks','EDTA-BodyFluid-CP','{\"type\":\"text\"}','For Body Fluid Microscopy'),(138,'Physical Examination','Plain-Semen-CP','{\"type\":\"subsection\",\"readonly\":\"readonly\"}','For Semen Physical Examination'),(139,'Quantity','Plain-Semen-CP','{\"type\":\"select\",\"help\":\"ml 2 - 5\",\"option\":\",0.5, 1, 2, 3, 4, 5, 6, 7, 8, 9, 10\"}','None'),(140,'Colour','Plain-Semen-CP','{\"type\":\"select\",\"help\":\"Greyish White\",\"option\":\",Greyish White, Whitish, Pale Yellow, Reddish, Slightly Reddish\"}','None'),(141,'Microscopic Examination','Plain-Semen-CP','{\"type\":\"subsection\",\"readonly\":\"readonly\"}','For Semen Examination'),(142,'Total Sperm Count','Plain-Semen-CP','{\"type\":\"text\",\"help\":\"mil/mL 30 - 300\"}','None'),(143,'Sperm motility','Plain-Semen-CP','{\"type\":\"subsection\",\"readonly\":\"readonly\"}','For Sperm Motility '),(144,'Actively Motile','Plain-Semen-CP','{\"type\":\"text\",\"help\":\"% 60 - 70\"}','None'),(145,'Sluggishly Motile','Plain-Semen-CP','{\"type\":\"text\",\"help\":\"%\"}','None'),(146,'Non - Motile','Plain-Semen-CP','{\"type\":\"text\",\"help\":\"%\"}','None'),(147,'Bone Marrow Aspiration/Biopsy Number:','EDTA-Blood-HI','{\"type\":\"text\"}','For Bone marrow aspiration and biopsy'),(148,'Nature of Specimen:','EDTA-Blood-HI','{\"type\":\"text\"}','For Bone marrow aspiration and biopsy'),(149,'Brief Clinical History:','EDTA-Blood-HI','{\"type\":\"text\"}','For Bone marrow aspiration and biopsy'),(150,'Bone Marrow Aspiration Report','EDTA-Blood-HI','{\"type\":\"subsection\",\"readonly\":\"readonly\"}',''),(151,'Site:','EDTA-Blood-HI','{\"type\":\"select\",\"option\":\",Left Posterior Superior Iliac Spine, Right Posterior Superior Iliac Spine, Left Anterior Superior Iliac Spine, Right Anterior Superior Iliac Spine, Left Tibial Tuberosity, Right Tibial Tuberosity\"}',''),(152,'Particles:','EDTA-Blood-HI','{\"type\":\"select\",\"option\":\",Grossly appreciated, Grossly not appreciated, Heavily diluted with blood\"}',''),(153,'Cellularity:','EDTA-Blood-HI','{\"type\":\"select\",\"option\":\",Normocellular for age of patient, Hypocellular for age of patient, Hypercellular for age of patient\"}',''),(154,'M:E ratio','EDTA-Blood-HI','{\"type\":\"text\"}',''),(155,'Erythropoiesis','EDTA-Blood-HI','{\"type\":\"text\"}',''),(156,'Myelopoiesis','EDTA-Blood-HI','{\"type\":\"text\"}',''),(157,'Megakaryopoiesis','EDTA-Blood-HI','{\"type\":\"text\"}',''),(158,'Iron store:','EDTA-Blood-HI','{\"type\":\"text\"}',''),(159,'Differential count','EDTA-Blood-HI','{\"type\":\"subsection\",\"readonly\":\"readonly\"}','For Bone marrow aspiration'),(160,'Blasts:','EDTA-Blood-HI','{\"type\":\"text\"}','For Bone marrow aspiration'),(161,'Promyelocytes:','EDTA-Blood-HI','{\"type\":\"text\"}','For Bone marrow aspiration'),(162,'Myelocytes:','EDTA-Blood-HI','{\"type\":\"text\"}','For Bone marrow aspiration'),(163,'Metamyelocytes:','EDTA-Blood-HI','{\"type\":\"text\"}','For Bone marrow aspiration'),(164,'Neutrophils/Band cells','EDTA-Blood-HI','{\"type\":\"text\"}','For Bone marrow aspiration'),(165,'Lymphocytes:','EDTA-Blood-HI','{\"type\":\"text\"}','For Bone marrow aspiration'),(166,'Eosinophils and precursors','EDTA-Blood-HI','{\"type\":\"text\"}','For Bone marrow aspiration'),(167,'Monocytes:','EDTA-Blood-HI','{\"type\":\"text\"}','For Bone marrow aspiration'),(168,'Basophils:','EDTA-Blood-HI','{\"type\":\"text\"}','For Bone marrow aspiration'),(169,'Plasma cells:','EDTA-Blood-HI','{\"type\":\"text\"}','For Bone marrow aspiration'),(170,'others:','EDTA-Blood-HI','{\"type\":\"text\"}','For Bone marrow aspiration'),(171,'Findings:','EDTA-Blood-HI','{\"type\":\"text\"}','For Bone marrow aspiration'),(172,'Conclusion:','EDTA-Blood-HI','{\"type\":\"text\"}','For Bone marrow aspiration'),(173,'Bone Marrow Biopsy Report','EDTA-Blood-HI','{\"type\":\"subsection\",\"readonly\":\"readonly\"}',''),(174,'Site:','EDTA-Blood-HI','{\"type\":\"select\",\"option\":\",Left Posterior Superior Iliac Spine, Right Posterior Superior Iliac Spine, Left Anterior Superior Iliac Spine, Right Anterior Superior Iliac Spine, Left Tibial Tuberosity, Right Tibial Tuberosity\"}','for BMB'),(175,'Cellularity:','EDTA-Blood-HI','{\"type\":\"select\",\"option\":\",Normocellular for age of patient, Hypocellular for age of patient, Hypercellular for age of patient\"}','for BMB'),(176,'Erythropoesis:','EDTA-Blood-HI','{\"type\":\"text\"}','For Bone marrow biopsy'),(177,'Myelopoesis:','EDTA-Blood-HI','{\"type\":\"text\"}','For Bone marrow biopsy'),(178,'Megakaryopoesis:','EDTA-Blood-HI','{\"type\":\"text\"}','For Bone marrow biopsy'),(179,'Findings:','EDTA-Blood-HI','{\"type\":\"text\"}','For Bone marrow biopsy'),(180,'Conclusion:','EDTA-Blood-HI','{\"type\":\"text\"}','For Bone marrow biopsy'),(181,'Epithelial Cells Type','Plain-Urine-CP','{\"type\":\"select\",\"option\":\",Squamous Epithelial Cells, Transitional Epithelial Cells\"}',''),(400,'Lymphocyte','EDTA-Blood-HI','{\"type\":\"number\",\"help\":\"%\"}',''),(401,'Eosinophil','EDTA-Blood-HI','{\"type\":\"number\",\"help\":\"%\"}',''),(402,'Monocyte','EDTA-Blood-HI','{\"type\":\"number\",\"help\":\"%\"}',''),(403,'Basophil','EDTA-Blood-HI','{\"type\":\"number\",\"help\":\"%\"}',''),(404,'Others','EDTA-Blood-HI','{\"type\":\"text\"}','For premature dc'),(501,'Parasite','EDTA-Blood-HI','{\"type\":\"json\",\"json\":{\"Parasite Name\":{\"select\":\",PF,PV,F\"},\"Number\":{\"select\":\",+,++,+++\"},\"Stages\":\"Text\"}}',''),(502,'Basic','EDTA-Blood-HI','{\"type\":\"subsection\",\"readonly\":\"readonly\"}','For Basic PS'),(503,'Advanced','EDTA-Blood-HI','{\"type\":\"subsection\",\"readonly\":\"readonly\"}','For Advanced PS'),(510,'Manual Platelet Count','EDTA-Blood-HI','{\"type\":\"number\",\"help\":\"/cmm 150000-400000 (Impedance)\",\"step\":\"1\",\"interval_l\":\"150000\",\"interval_h\":\"400000\",\"cinterval_l\":\"20000\",\"cinterval_h\":\"1000000\"}','None'),(511,'Platelets on Peripheral Smear','EDTA-Blood-HI','{\"type\":\"select\",\"help\":\"\",\"option\":\",Adequate,Reduced,Increased,Mildly Reduced, Markedly Reduced,\"}',''),(555,'Hemoglobin','EDTA-Blood-HI','{\"type\":\"number\",\"help\":\"gm/dL M: 13-17 F:12-15 (Non-CyanomethHb)\",\"interval_l\":\"12\",\"interval_h\":\"17\",\"cinterval_l\":\"7\",\"cinterval_h\":\"20\",\"step\":\"0.1\"}','None'),(600,'Hemogram and Blood Indices','EDTA-Blood-HI','{\"type\":\"subsection\",\"readonly\":\"readonly\"}','For CBC'),(601,'Differential Count (Microscopy)','EDTA-Blood-HI','{\"type\":\"subsection\",\"readonly\":\"readonly\"}','For CBC'),(602,'Remark','Citrate-Blood-HI','{\"type\":\"text\"}','For PT'),(603,'Remark','Citrate-Blood-HI','{\"type\":\"text\"}','For aPTT'),(1000,'Sample_requirement','None','{\"type\":\"text\",\"help\":\"Describe\",\"readonly\":\"readonly\"}','None'),(1001,'MRD','None','','None'),(1002,'Name','None','{\"type\":\"text\"}','None'),(1003,'Request_id','None','{\"type\":\"text\",\"help\":\"Describe\"}','None'),(1004,'Department','None','{\"type\":\"select\",\"option\":\",ART,Dentistry,IHBT,EmergencyMedicine,ENT,Medicine,OG,Opthalmology,Orthopaedics,Kidney Hospital,Paediatrics,PlasticSurgery,Psychiatry,Skin,Surgery,TBChest,Samaras,Unspecified\"}','None'),(1005,'Unit','None','{\"type\":\"select\",\"option\":\",-,1,2,3,4,5,6,7,8,A,B\"}','None'),(1006,'OPD/Ward','None','{\"type\":\"select\",\"option\":\",C2(684),old building 1st floor,old building 2nd floor,old building 3rd floor,old building ground floor,IHBT,C3(685),PICU,Casualty(446),E0(506),E1(507),E2(508),E3(509),E4(510),EMW(485),EOT(591),F0(511),F1(512),F2(513),F3(514),F3N(503),F4(515),FOW,G0(516),G0MICU(500),G1(517),G2(518),G3(519),G4(520),GOT(551),H0(497),H1(522),H2(523),H3(524),H4(525),HemodialysisUNIT(741),Isolation Ward,J0(521),J1(531),J2(527),J3(529),J4(530),LeptoWard(506),MICU(500-2),MOT(567),MOW(310),NEWORTHO(311),NOT(551),NOW(311),O2(539),OB(546),OBICU,OLDORTHO(310),OPD,PrisonerWard(310),RI(548),RII(564),RIII(580),SICU(478),SpecialWard(570-71),SwineFluWard(529),StemGround,StemF1,StemF2,StemF3,StemF4,StemF5,StemF6,StemF7,StemF8,StemF9,StemF10,StemHosp,KidneyOPD,StemOPD,TBICU,TRAUMA1(476),TRAUMA2(485),TraumaCenter(472-87),KidneyF5ICU,KidneyF5,kidneyF6,StemTriageSemiCritical,StemTriageICU,Stem Triage,Kidney 6th ICU- B,Kidney 6th ICU-A,Kidney F7,NICU,SAMRAS,Unspecified\"}','None'),(1007,'Age(Y)','None','{\"type\":\"number\",\"help\":\"Full Years\"}',''),(1008,'Sex','None','{\"type\":\"select\",\"option\":\",M,F,O\"}',''),(1009,'Sample_Collection_Time','None','{\"type\":\"datetime-local\", \"pattern\":\"[0-9]{4}-[0-9]{2}-[0-9]{2}T[0-9]{2}:[0-9]{2}\" }',''),(1010,'Sample_Receipt_Time','None','{\"type\":\"datetime-local\", \"pattern\":\"[0-9]{4}-[0-9]{2}-[0-9]{2}T[0-9]{2}:[0-9]{2}\" }',''),(1011,'Request_Entry_time','None','{\"type\":\"datetime-local\",\"pattern\":\"[0-9]{4}-[0-9]{2}-[0-9]{2}T[0-9]{2}:[0-9]{2}\"}',''),(1012,'DOB','None','{\"type\":\"date\"}',''),(1013,'Laboratory Name','None','{\"type\":\"select\",\"option\":\",Haematology and Clinical Pathology OPD-10 New Civil Hospital Surat Ph: 216-2244456 Ext: 424 425 426,Biochemistry Near Blood Bank New Civil Hospital Surat Ph: 0216-2244456 Ext: 317\"}',''),(1014,'released_by','None','{\"type\":\"text\",\"readonly\":\"readonly\"}',''),(1015,'Collection_Date','None','{\"type\":\"date\"}',''),(1016,'Collection_Time','None','{\"type\":\"time\"}',''),(1017,'Received_on','None','{\"type\":\"date\"}',''),(1018,'Receipt_time','None','{\"type\":\"time\"}',''),(1019,'(Interim) Released by ','None','{\"type\":\"text\"}',''),(1020,'Age(M)','None','{\"type\":\"number\",\"help\":\"Full Months\"}',''),(1021,'Age(D)','None','{\"type\":\"number\",\"help\":\"Days\"}',''),(1022,'Sample Remark','None','',''),(1023,'Sample Collection Condition','None','{\"type\":\"select\",\"option\":\"Random,Fasting,Postprendial-2HR,PostGlucose-75GM-1HR,PostGlucose-75GM-2HR,PostGlucose-75GM-3HR,PostGlucose-50GM-1HR\"}',''),(1024,'email','None','{\"type\":\"select\",\"option\":\",suratcv19@gmail.com\"}','suratcv19@gmail.com'),(1025,'mobile','None','{\"type\":\"realtext\"}',''),(1026,'sample_volume','None','{\"type\":\"select\",\"option\":\"-,0.5,1.0,1.5,2.0,2.5,3.0,3.5,4.0,4.5\"}',''),(1027,'request_date','None','{\"type\":\"date\",\"hide\":\"yes\"}',''),(1028,'request_time','None','{\"type\":\"time\",\"hide\":\"yes\"}',''),(1029,'sample_preparation_date','None','{\"type\":\"date\",\"hide\":\"yes\"}',''),(1030,'sample_preparation_time','None','{\"type\":\"time\",\"hide\":\"yes\"}',''),(1031,'analysis_date','None','{\"type\":\"date\",\"hide\":\"yes\"}',''),(1032,'analysis_time','None','{\"type\":\"time\",\"hide\":\"yes\"}',''),(1033,'verification_date','None','{\"type\":\"date\",\"hide\":\"yes\"}',''),(1034,'verification_time','None','{\"type\":\"time\",\"hide\":\"yes\"}',''),(1035,'release_date','None','{\"type\":\"date\"}',''),(1036,'release_time','None','{\"type\":\"time\"}',''),(1037,'interim_release_date','None','{\"type\":\"date\"}',''),(1038,'interim_release_time','None','{\"type\":\"time\"}',''),(1039,'wing','None','{\"type\":\"select\",\"option\":\"-,A,B,C,D\"}',''),(1040,'Transporter','None','{\"type\":\"select\",\"option\":\",Krunal,Manish,viral,Rajesh,Kiran,Jignesh,Jayaben,Suraj,Ravi,Suraj Gaud\"}',''),(2001,'Clinical History','Formalin-Tissue-HP','{\"zoom\":\"zoom\"}',''),(2002,'Nature of specimen','Formalin-Tissue-HP','{\"zoom\":\"zoom\"}',''),(2003,'Macroscopic examination done by','Formalin-Tissue-HP','',''),(2004,'Total Number of Blocks','Formalin-Tissue-HP','',''),(2005,'Macroscopic Examination','Formalin-Tissue-HP','{\"zoom\":\"zoom\"}',''),(2006,'Microscopic Examination','Formalin-Tissue-HP','{\"zoom\":\"zoom\"}',''),(2007,'Conclusion','Formalin-Tissue-HP','{\"zoom\":\"zoom\"}','For Formalin HP specimen'),(2008,'Notes','Formalin-Tissue-HP','{\"zoom\":\"zoom\"}','For Formalin HP specimen'),(2009,'Stains','Formalin-Tissue-HP','',''),(2010,'General','Formalin-Tissue-HP','{\"type\":\"subsection\",\"readonly\":\"readonly\"}','For Histopathology'),(2011,'.                                              .','Formalin-Tissue-HP','{\"type\":\"subsection\",\"readonly\":\"readonly\"}','For Histopathology'),(2012,'Dr.','None','{\"type\":\"select\",\"option\":\",Komal Patel (M.D Pathology),V M Bhagat (M.D Pathology),Sejal Gamit (M.D Pathology)\"}',''),(2013,'Dr.','None','{\"type\":\"select\",\"option\":\",Komal Patel (M.D Pathology),V M Bhagat (M.D Pathology),Sejal Gamit (M.D Pathology)\"}',''),(2014,'Dr.','None','{\"type\":\"select\",\"option\":\",Komal Patel (M.D Pathology),V M Bhagat (M.D Pathology),Sejal Gamit (M.D Pathology)\"}',''),(2015,'Dr.','None','{\"type\":\"select\",\"option\":\",Komal Patel (M.D Pathology),V M Bhagat (M.D Pathology),Sejal Gamit (M.D Pathology)\"}',''),(5001,'Creatinine','Plain-Blood-BI','{\"type\":\"number\",\"help\":\"mg/dL (Jaffe two point)\\n Male: 0.9-1.3\\n Female: 0.6-1.1\",\"step\":\"0.1\",\"interval_h\":\"1.3\",\"cinterval_h\":\"4.0\",\"ainterval_h\":\"40.0\",\"ainterval_l\":\"0.1\",\"equipment\":\"C\"}',''),(5002,'Urea','Plain-Blood-BI','{\"type\":\"number\",\"help\":\"mg/dL 13-43 (Urease  GLDH)\",\"interval_h\":\"43\",\"interval_l\":\"13\",\"cinterval_h\":\"100\",\"ainterval_h\":\"400\",\"equipment\":\"C\"}',''),(5006,'Alanine Transaminase','Plain-Blood-BI','{\"type\":\"text\",\"help\":\"U/L <45 (L-Alanine LDH UV Kinetic)\",\"interval_h\":\"45\",\"cinterval_h\":\"450\",\"ainterval_h\":\"4500\",\"equipment\":\"C\"}',''),(5007,'Alkaline Phosphatase','Plain-Blood-BI','{\"type\":\"number\",\"help\":\"U/L 42-128 (pNPP with AMP buffer)\",\"interval_h\":\"128\",\"cinterval_h\":\"1000\",\"ainterval_h\":\"3000\",\"equipment\":\"C\"}',''),(5008,'Amylase','Plain-Blood-BI','{\"type\":\"number\",\"help\":\"U/L 28-100 (CNPG)\",\"interval_h\":\"100\",\"cinterval_h\":\"400\",\"ainterval_h\":\"5000\",\"equipment\":\"C\"}',''),(5009,'Total Billirubin','Plain-Blood-BI','{\"type\":\"text\",\"help\":\"mg/dL <1.3 (Diazo Reaction)\",\"step\":\"0.1\",\"cinterval_h\":\"15\",\"interval_h\":\"1.3\",\"ainterval_h\":\"50\",\"equipment\":\"C\"}',''),(5010,'Direct Billirubin','Plain-Blood-BI','{\"type\":\"text\",\"help\":\"mg/dL <0.4 (Diazo Reaction)\",\"step\":\"0.1\",\"interval_h\":\"0.4\",\"ainterval_h\":\"50\",\"equipment\":\"C\"}',''),(5011,'Albumin','Plain-Blood-BI','{\"type\":\"number\",\"help\":\" g/dL <3.5-5.2 (BCG)\",\"step\":\"0.1\",\"cinterval_l\":\"1\",\"interval_h\":\"5.2\",\"interval_l\":\"3.5\",\"ainterval_h\":\"10\",\"ainterval_l\":\"0.5\",\"equipment\":\"C\"}',''),(5012,'Total Protein','Plain-Blood-BI','{\"type\":\"number\",\"help\":\" g/dL <6.4-8.3 (Biuret)\",\"step\":\"0.1\",\"cinterval_l\":\"3\",\"interval_h\":\"8.3\",\"interval_l\":\"6.4\",\"ainterval_h\":\"15\",\"ainterval_l\":\"1\",\"equipment\":\"C\"}',''),(5013,'Aspartate transaminase','Plain-Blood-BI','{\"type\":\"number\",\"help\":\"U/L <35 ( UV Kinetic)\",\"interval_h\":\"35\",\"cinterval_h\":\"450\",\"ainterval_h\":\"4500\",\"equipment\":\"C\"}',''),(5014,'Calcium','Plain-Blood-BI','{\"type\":\"number\",\"help\":\"mg/dL 8.6-10.2 (Arsenazo III)\",\"step\":\"0.1\",\"cinterval_l\":\"6.5\",\"cinterval_h\":\"13\",\"interval_l\":\"8.6\",\"interval_h\":\"10.2\",\"ainterval_h\":\"15\",\"ainterval_l\":\"3\",\"equipment\":\"C\"}',''),(5015,'Total Cholesterol','Plain-Blood-BI','{\"type\":\"number\",\"help\":\" mg/dL <200 (CHOD-POD)\",\"interval_h\":\"200\",\"ainterval_h\":\"1000\",\"ainterval_l\":\"30\",\"equipment\":\"C\"}',''),(5016,'HDL Cholesterol','Plain-Blood-BI','{\"type\":\"number\",\"help\":\" mg/dL >40 (Dextransulphate-Mg2+precipitat)\",\"interval_l\":\"40\",\"equipment\":\"C\"}',''),(5017,'LDL Cholesterol','Plain-Blood-BI','{\"type\":\"number\",\"help\":\" mg/dL <130 (Calculated)\",\"interval_h\":\"130\",\"calculate\":\"E-E-E\",\"ex_list\":\"5015,5016,5028\",\"equipment\":\"C\"}',''),(5018,'Triglyceride','Plain-Blood-BI','{\"type\":\"number\",\"help\":\"mg/dL <150 (LipaseGPOPOD)\",\"interval_h\":\"150\",\"cinterval_h\":\"1000\",\"ainterval_h\":\"1500\",\"equipment\":\"C\"}',''),(5019,'Sodium','Plain-Blood-BI','{\"type\":\"number\",\"help\":\" mmol/L 136-145 (Direct ISE)\",\"cinterval_l\":\"129\",\"cinterval_h\":\"160\",\"interval_h\":\"145\",\"interval_l\":\"136\",\"ainterval_h\":\"175\",\"ainterval_l\":\"110\",\"equipment\":\"C\"}',''),(5020,'Potassium','Plain-Blood-BI','{\"type\":\"number\",\"help\":\" mmol/L 3.5-5.1 (Direct ISE)\",\"step\":\"0.1\",\"cinterval_l\":\"3\",\"cinterval_h\":\"7.1\",\"interval_h\":\"5.1\",\"interval_l\":\"3.5\",\"ainterval_h\":\"7.5\",\"ainterval_l\":\"1\",\"equipment\":\"C\"}',''),(5021,'Iron','Plain-Blood-BI','{\"type\":\"number\",\"help\":\"microgm/dL 41-141 (Ferrozine)\",\"interval_h\":\"141\",\"interval_l\":\"41\",\"ainterval_h\":\"750\",\"equipment\":\"C\"}',''),(5022,'TIBC','Plain-Blood-BI','{\"type\":\"number\",\"help\":\"microgm/dL 251-406(calculated)\",\"interval_h\":\"406\",\"interval_l\":\"251\",\"ainterval_h\":\"750\",\"equipment\":\"C\"}',''),(5023,'UIBC','Plain-Blood-BI','{\"type\":\"number\",\"help\":\"microgm/dL 120-470((Ferrozine Alkaline PH)\",\"interval_h\":\"470\",\"interval_l\":\"120\",\"ainterval_h\":\"600\",\"equipment\":\"C\"}',''),(5024,'Indirect Billirubin','Plain-Blood-BI','{\"type\":\"text\",\"calculate\":\"E-E\",\"ex_list\":\"5009,5010\", \"step\":\"0.1\",\"decimal\":\"1\",\"help\":\"(Calculated)(mg/dL)<1.3\",\"cinterval_h\":\"15\",\"interval_h\":\"1.3\",\"ainterval_h\":\"50\",\"equipment\":\"C\"}',''),(5025,'Lactate Dehydrogenase','Plain-Blood-BI','{\"type\":\"number\",\"help\":\"U/L <360 (L to P UV Kinetic)\",\"interval_h\":\"360\",\"equipment\":\"C\"}',''),(5026,'Lipase','Plain-Blood-BI','{\"type\":\"number\",\"help\":\" U/L 0-5 (Turbidimetry )\",\"interval_h\":\"5\",\"equipment\":\"C\"}',''),(5027,'Uric Acid','Plain-Blood-BI','{\"type\":\"number\",\"help\":\"mg/dL 2.6-7.2 (Uricase POD)\",\"step\":\"0.1\",\"interval_h\":\"7.2\",\"cinterval_h\":\"10\",\"ainterval_h\":\"20\",\"equipment\":\"C\"}',''),(5028,'VLDL Cholesterol','Plain-Blood-BI','{\"type\":\"number\",\"help\":\" mg/dL <30 (Calculated)\",\"interval_h\":\"30\",\"calculate\":\"E/5\",\"ex_list\":\"5018\",\"equipment\":\"C\"}',''),(5029,'Glucose','Plain-CSF-BI','{\"type\":\"number\",\"help\":\"mg/dl 40-70 (GOD-POD)\",\"interval_l\":\"40\",\"interval_h\":\"70\",\"cinterval_l\":\"30\",\"ainterval_h\":\"1500\",\"equipment\":\"C\"}',''),(5030,'Total Protein','Plain-CSF-BI','{\"type\":\"number\",\"help\":\"mg/dL 15-40 (Pyrogallol red)\",\"interval_l\":\"15\",\"interval_h\":\"40\",\"method\":\"Pyrogallol Red\",\"equipment\":\"C\"}',''),(5031,'Glucose','Fluoride-Blood-BI','{\"type\":\"number\",\"help\":\"mg/dl (GOD-POD endpoint)\\n **Diabetes Mellitus (ADA 2016)**\\n   ===========================\\nFasting >126 mg/dL \\nPost Glucose (75gm) >=200 mg/dL \\n\\n **Impaired Glucose Tolerance (ADA 2016)**\\n   =====================================\\nFasting 100-125 mg/dL\\nPost Glucose (75gm) 140-199 mg/dL\",\"interval_l\":\"70\",\"interval_h\":\"140\",\"cinterval_l\":\"55\",\"cinterval_h\":\"300\",\"ainterval_h\":\"1500\",\"ainterval_l\":\"5\",\"equipment\":\"C\"}',''),(5032,'Adenosine Deaminase','Plain-CSF-BI','{\"type\":\"number\",\"help\":\"U/mL <15 (Berthelot)\",\"interval_h\":\"15\"}',''),(5033,'Adenosine Deaminase','Plain-Peritoneal Fluid-BI','{\"type\":\"number\",\"help\":\"U/mL N/A (Berthelot)\"}',''),(5034,'Adenosine Deaminase','Plain-Pleural Fluid-BI','{\"type\":\"number\",\"help\":\"U/mL N/A (Berthelot)\"}',''),(5035,'Glucose','Plain-Peritoneal Fluid-BI','{\"type\":\"number\",\"help\":\"mg/dl NA(GOD-POD)\",\"equipment\":\"C\"}',''),(5036,'Glucose','Plain-Pleural Fluid-BI','{\"type\":\"number\",\"help\":\"mg/dl NA(GOD-POD)\",\"equipment\":\"C\"}',''),(5037,'Total Protein','Plain-Pleural Fluid-BI','{\"type\":\"number\",\"help\":\"g/dL NA(Biuret)\",\"step\":\"0.1\",\"method\":\"Biuret\",\"equipment\":\"C\"}',''),(5038,'Total Protein','Plain-Peritoneal Fluid-BI','{\"type\":\"number\",\"help\":\"g/dL NA(Biuret)\",\"step\":\"0.1\",\"method\":\"Biuret\",\"equipment\":\"C\"}',''),(5039,'Lipase','Plain-Peritoneal Fluid-BI','{\"type\":\"number\",\"help\":\"U/L NA (Turbidimetry)\",\"equipment\":\"C\"}',''),(5040,'Amylase','Plain-Peritoneal Fluid-BI','{\"type\":\"number\",\"help\":\"U/L NA(CNPG)\",\"equipment\":\"C\"}',''),(5041,'Lactate Dehydrogenase','Plain-Peritoneal Fluid-BI','{\"type\":\"number\",\"help\":\"U/L NA(L to P UV Kinetic)\",\"equipment\":\"C\"}',''),(5042,'Cholesterol','Plain-Peritoneal Fluid-BI','{\"type\":\"number\",\"help\":\" mg/dL N/A(CHOD-POD)\",\"equipment\":\"C\"}',''),(5043,'Triglyceride','Plain-Peritoneal Fluid-BI','{\"type\":\"number\",\"help\":\" mg/dL N/A(Lipase  GPO - POD)\",\"equipment\":\"C\"}',''),(5044,'Amylase','Plain-Pleural Fluid-BI','{\"type\":\"number\",\"help\":\"U/L NA(CNPG)\",\"equipment\":\"C\"}',''),(5045,'Lipase','Plain-Pleural Fluid-BI','{\"type\":\"number\",\"help\":\"U/L NA (Turbidimetry)\",\"step\":\"0.1\",\"equipment\":\"C\"}',''),(5046,'Lactate Dehydrogenase','Plain-Pleural Fluid-BI','{\"type\":\"number\",\"help\":\"U/L NA(L to P UV Kinetic)\",\"equipment\":\"C\"}',''),(5047,'Lactate Dehydrogenase','Plain-CSF-BI','{\"type\":\"number\",\"help\":\"U/L NA(L to P UV Kinetic)\",\"equipment\":\"C\"}',''),(5048,'Sodium','Plain-Urine-BI','{\"type\":\"number\",\"help\":\" mmol/L N/A(Direct ISE)\",\"equipment\":\"C\"}',''),(5049,'Potassium','Plain-Urine-BI','{\"type\":\"number\",\"help\":\" mmol/L N/A(Direct ISE)\",\"step\":\"0.1\",\"equipment\":\"C\"}',''),(5050,'Calcium','Plain-Urine-BI','{\"type\":\"number\",\"help\":\" mg/dL N/A (Arsenazo III)\",\"step\":\"0.1\",\"equipment\":\"C\"}',''),(5051,'Phosphorus','Plain-Urine-BI','{\"type\":\"number\",\"help\":\" mg/dL N/A (Ammonium Molybdate)\",\"step\":\"0.1\",\"equipment\":\"C\"}',''),(5052,'Creatinine','Plain-Urine-BI','{\"type\":\"number\",\"help\":\" mg/dL N/A (Jaffe two point)\",\"step\":\"0.1\",\"equipment\":\"C\"}',''),(5053,'Total Protein','Plain-Urine-BI','{\"type\":\"number\",\"help\":\"g/dL N/A (Biuret)\",\"step\":\"0.1\",\"method\":\"Biuret\",\"equipment\":\"C\"}',''),(5054,'Ketone body','Plain-Urine-BI','{\"type\":\"select\",\"option\":\", Positive , Negative\",\"help\":\" (Nitropruside)\",\"equipment\":\"K\"}',''),(5055,'Uric Acid','Plain-Urine-BI','{\"type\":\"number\",\"help\":\"mg/dL N/A (Uricase POD)\",\"step\":\"0.1\",\"step\":\"0.1\",\"equipment\":\"C\"}',''),(5056,'Protein:creatinine Ratio','Plain-Urine-BI','{\"type\":\"number\",\"calculate\":\"E/e\",\"ex_list\":\"5085,5052\", \"step\":\"0.1\",\"decimal\":\"1\",\"help\":\"(Calculated)(mg/mg)\",\"method\":\"Pyrogallol Red\",\"equipment\":\"C\"}',''),(5057,'Calcium:creatinine Ratio','Plain-Urine-BI','{\"type\":\"number\",\"calculate\":\"E/e\",\"ex_list\":\"5050,5052\", \"step\":\"0.1\",\"decimal\":\"1\",\"help\":\"(Calculated)(mg/mg)\",\"equipment\":\"C\"}',''),(5058,'24 hours Urine Volume','Plain-Urine-BI','{\"type\":\"number\",\"help\":\"mL (24 hours urine volume)\",\"equipment\":\"C\"}',''),(5059,'24 hours Urine  Protein','Plain-Urine-BI','{\"type\":\"number\",\"calculate\":\"E*E/100\",\"ex_list\":\"5058,5085,\",\"step\":\"0.1\", \"decimal\":\"1\",\"help\":\"mg(Calculated)\",\"method\":\"Pyrogallol Red\",\"equipment\":\"C\"}',''),(5060,'eGFR','Plain-Blood-BI','{\"type\":\"number\",\"calculate\":\"175*E^-1.154*E^-.203*E*E\",\"ex_list\":\"5001,5088,5087,5089\",\"step\":\"0.1\", \"decimal\":\"1\",\"help\":\"mL/min/1.73 m²(Calculated)(MDRD)\",\"equipment\":\"C\"}',''),(5061,'Serum Osmolality','Plain-Blood-BI','{\"type\":\"number\",\"calculate\":\"2*E+(E*0.17)+(E*0.06)+9\",\"ex_list\":\"5019,5002,5031\",\"step\":\"0.1\", \"decimal\":\"1\",\"help\":\"(Calculated)\",\"equipment\":\"C\"}',''),(5062,'Protein Electrophoresis','Plain-Blood-BI','{\"zoom\":\"zoom\"}',''),(5063,'Electrophoresis Observation','EDTA-Blood-BI','{\"type\":\"subsection\",\"readonly\":\"readonly\",\"equipment\":\"E\"}',NULL),(5064,'Dithonite Test Observation','EDTA-Blood-BI','{\"type\":\"subsection\",\"readonly\":\"readonl\"}',NULL),(5065,'Band at HbA position','EDTA-Blood-BI','{\"type\":\"select\",\"option\":\",Not Seen,Light,Dark\"}',''),(5066,'Band at HbF position','EDTA-Blood-BI','{\"type\":\"select\",\"option\":\",Not Seen,Light,Dark\"}',''),(5067,'Band at HbS position','EDTA-Blood-BI','{\"type\":\"select\",\"option\":\",Not Seen,Light,Dark\"}',''),(5068,'Band at HbA2 position','EDTA-Blood-BI','{\"type\":\"select\",\"option\":\",Not Seen,Light,Dark\"}',''),(5069,'Other Bands','EDTA-Blood-BI','{\"zoom\":\"zoom\"}',''),(5070,'Dithonite test without Urea','EDTA-Blood-BI','{\"type\":\"select\",\"option\":\",Not Done,Turbid,Clear\"}',''),(5071,'Dithonite test with Urea','EDTA-Blood-BI','{\"type\":\"select\",\"option\":\",Not Done,Turbid,Clear\"}',''),(5072,'Clinical Laboratory Interpretation','EDTA-Blood-BI','{\"zoom\":\"zoom\"}','For HB Electrophoresis'),(5073,'Electrophoresis Image','EDTA-Blood-BI','{\"type\":\"blob\",\"img\":\"png\",\"width\":\"300\",\"height\":\"200\"}',''),(5074,'Remarks','EDTA-Blood-BI','',''),(5075,'Remarks','Plain-Blood-BI','',''),(5076,'Electrophoresis Image','Plain-Blood-BI','{\"type\":\"blob\",\"img\":\"png\",\"width\":\"300\",\"height\":\"200\"}',''),(5077,'Clinical Laboratory Interpretation','Plain-Blood-BI','{\"zoom\":\"zoom\",\"equipment\":\"PR\"}','For HB Electrophoresis'),(5078,'Electrophoresis Observation','Plain-Blood-BI','{\"type\":\"subsection\",\"readonly\":\"readonly\"}',''),(5079,'Band at M position','Plain-Blood-BI','{\"type\":\"select\",\"option\":\",Not Seen,Light,Dark\"}',''),(5080,'Total Protein','Plain-CSF-BI','{\"type\":\"number\",\"help\":\"g/dL 0.015-0.040 (Biuret)\",\"method\":\"Biuret\",\"equipment\":\"C\"}',''),(5081,'Total Protein','Plain-Pleural Fluid-BI','{\"type\":\"number\",\"help\":\"mg/dL NA(Pyrogallol Red)\",\"method\":\"Pyrogallol Red\",\"equipment\":\"C\"}',''),(5082,'Total Protein','Plain-Peritoneal Fluid-BI','{\"type\":\"number\",\"help\":\"mg/dL NA(Pyrogallol Red)\",\"method\":\"Pyrogallol Red\",\"equipment\":\"C\"}',''),(5083,'Sodium','Plain-CSF-BI','{\"type\":\"number\",\"help\":\" mmol/L N/A(Direct ISE)\",\"equipment\":\"C\"}',''),(5084,'Calcium','HCL-Urine-BI','{\"type\":\"number\",\"help\":\" mg/dL N/A (Arsenazo III)(Preservative:30 mL 6 M HCL)\",\"step\":\"0.1\",\"method\":\"24Hr Urine\",\"equipment\":\"C\"}',''),(5085,'Total Protein','Plain-Urine-BI','{\"type\":\"number\",\"help\":\"mg/dL NA(Pyrogallol Red)\",\"method\":\"Pyrogallol Red\",\"equipment\":\"C\"}',''),(5086,'Protein:creatinine Ratio','Plain-Urine-BI','{\"type\":\"number\",\"calculate\":\"(E*1000)/e\", \"ex_list\":\"5053,5052\", \"step\":\"0.1\",\"decimal\":\"1\",\"help\":\"(Calculated)(mg/mg)\",\"method\":\"Biuret\",\"equipment\":\"C\"}',''),(5087,'Sex for eGFR','Plain-Blood-BI','{\"type\":\"select\",\"option\":\",1,0.742\",\"help\":\" (male:1) (female:0.742)\"}',''),(5088,'Age for GFR','Plain-Blood-BI','{\"type\":\"number\"}',''),(5089,'race for eGFR','Plain-Blood-BI','{\"type\":\"select\",\"option\":\",1,1.210\",\"help\":\" (Non african:1) (African:1.210)\"}',''),(5092,'CK','Plain-Blood-BI','{\"type\":\"number\",\"help\":\"U/L 25-125 (phosphocreatine HK G6PD)\",\"interval_h\":\"125\",\"equipment\":\"C\"}',''),(5093,'CK-MB','Plain-Blood-BI','{\"type\":\"number\",\"help\":\"U/L 0-24 (Immunoinhibition, HK, G6PD)\",\"interval_h\":\"24\",\"equipment\":\"C\"}',''),(5094,'Creatinine','Plain-Peritoneal Fluid-BI','{\"type\":\"number\",\"help\":\" mg/dL N/A (Jaffe two point)\",\"step\":\"0.1\",\"equipment\":\"C\"}',''),(5095,'Sample_Rejection','None','{\"type\":\"select\",\"option\":\",not done as sample inadequate\"}',''),(5096,'Examination_Rejection','None','{\"type\":\"select\",\"option\":\",not done because instrument is breakdown, some examinations are not done because sample is inadequate,Creatinine is  not done because sample is highly icteric and high bilirubin has negative interference on creatinine level,not done because sample not received, not  done because sample was highly hemolyzed, not done as lab resources are inadequate ,not  done because sample was highly viscous ,examinations are not done because sample is clotted,not done because sample is overfilled\"}',''),(5097,'Critical_Alert','None','{\"zoom\":\"zoom\"}',''),(5098,'Remark','None','{\"zoom\":\"zoom\"}',''),(5099,'Withdrawn_Report','None','{\"zoom\":\"zoom\"}',''),(5100,'Phosphorus','Plain-Blood-BI','{\"type\":\"number\",\"help\":\" mg/dL <2.5-4.5 (Ammonium Molybdate)\",\"step\":\"0.1\",\"cinterval_l\":\"1\",\"cinterval_h\":\"8.9\",\"interval_h\":\"4.5\",\"interval_l\":\"2.5\",\"ainterval_h\":\"12.0\",\"ainterval_l\":\"0.5\",\"equipment\":\"C\"}',''),(5101,'Corrected Calcium','Plain-Blood-BI','{\"type\":\"number\",\"calculate\":\"0.8*(4-E)+E\",\"ex_list\":\"5011,5014\", \"step\":\"0.1\",\"decimal\":\"1\",\"help\":\"(Calculated)(mg/dL)8.6 - 10.2\",\"equipment\":\"C\"}',''),(5102,'Ketone body','Plain-Blood-BI','{\"type\":\"select\",\"option\":\",Positive,Negative,Not Done(See Remark)\",\"help\":\" (Nitropruside)\",\"equipment\":\"K\"}',''),(5103,'OPD_Sequence','None','','For Biochemistry OPD Sequence'),(5105,'Lactate Dehydrogenase','Plain-Other-BI','{\"type\":\"number\",\"help\":\"U/L NA(L to P UV Kinetic)\",\"equipment\":\"C\"}',''),(5106,'Amylase','Plain-Other-BI','{\"type\":\"number\",\"help\":\"U/L NA(CNPG)\",\"equipment\":\"C\"}',''),(5107,'Lipase','Plain-Other-BI','{\"type\":\"number\",\"help\":\"U/L NA (Turbidimetry)\",\"equipment\":\"C\"}',''),(5108,'Glucose','Plain-Other-BI','{\"type\":\"number\",\"help\":\"mg/dl NA(GOD-POD)\",\"equipment\":\"C\"}',''),(5109,'Cholesterol','Plain-Other-BI','{\"type\":\"number\",\"help\":\" mg/dL N/A(CHOD-POD)\",\"equipment\":\"C\"}',''),(5110,'Triglyceride','Plain-Other-BI','{\"type\":\"number\",\"help\":\" mg/dL N/A(Lipase  GPO - POD)\",\"equipment\":\"C\"}',''),(5111,'Micro Protein','Plain-Other-BI','{\"type\":\"number\",\"help\":\"mg/dL NA(Pyrogallol Red)\",\"method\":\"Pyrogallol Red\",\"equipment\":\"C\"}',''),(5112,'Total Protein','Plain-Other-BI','{\"type\":\"number\",\"help\":\" g/dL N/A (Biuret)\",\"step\":\"0.1\",\"method\":\"Biuret\",\"equipment\":\"C\"}',''),(5113,'Cholinesterase','Plain-Blood-BI','{\"type\":\"number\",\"help\":\" U/L <3000-13000 (Butyrylthiocholine)\",\"cinterval_l\":\"3000\",\"equipment\":\"C\"}',''),(5114,'HCL wash','Plain-Blood-BI','{\"hide\":\"yes\"}',''),(5115,'Total T4','Plain-Blood-BI','{\"type\":\"number\",\"help\":\"nmol/L , 71.2-141 , (ECIA)\",\"equipment\":\"I\"}',''),(5116,'Total T3','Plain-Blood-BI','{\"type\":\"number\",\"help\":\"nmol/L , 1.49-2.60 , (ECIA)\",\"equipment\":\"I\"}',NULL),(5117,'TSH','Plain-Blood-BI','{\"type\":\"number\",\"help\":\"mIU/L , 0.465-4.68 \\n(ECIA)\",\"interval_l\":\"0.465\",\"interval_h\":\"4.68\",\"equipment\":\"I\"}',NULL),(5118,'Ferritin','Plain-Blood-BI','{\"type\":\"number\",\"help\":\"microgram/L\\n Male(Adult): 20-250\\n Female(Adult): 10-120\\n Newborn: 25-200 \\n 1 month: 200-600  \\n 2-5 month:50-200  \\n 6 month-15 years:7-140  \\n(ECLIA) \",\"interval_l\":\"6.24\",\"interval_h\":\"464\",\"equipment\":\"I\"}',''),(5120,'Procalcitonin (PCT)','Plain-Blood-BI','{\"type\":\"number\",\"help\": \"microgram/L \\n # less than 0.5 => systemic infection is unlikely \\n # 0.5-2.0 => systemic infection is possible \\n # 2.0-10.0 => systemic infection is likely \\n # more than 10.0 => almost exclusively due to systemic infection\\n(ECIA)\", \"interval_h\":\"0.5\",\"cinterval_h\":\"2\",\"equipment\":\"I\"}',''),(5121,'CRP','Plain-Blood-BI','{\"type\":\"number\",\"help\": \"mg/L \\n less than 10 \\n This is not hsCRP. Donot use this result for interpretation when result is less than 10\\n(Immunoturbidimetry)\",\"interval_h\":\"10\",\"equipment\":\"D\"}',''),(5122,'D-dimer','Citrate-Blood-BI','{\"type\":\"number\",\"help\":\"microgram/L , <500 , (ECIA)\",\"interval_h\":\"500\",\"equipment\":\"D\"}',NULL),(5123,'Cardiac Troponin I (cTnI)','Plain-Blood-BI','{\"type\":\"number\",\"help\":\"ng/L\\n Male: 8.8-23.7\\n Female: 4.4-21.4\\n (high sensitivity, ECIA)\",\"interval_h\":\"23.7\",\"equipment\":\"I\"}',NULL),(5124,'Interleukin-6','EDTA-Blood-BI','{\"help\":\"pg/mL\\n  <7.0 \\n (upconverting phosphor immunoassay)\",\"interval_h\":\"7\",\"equipment\":\"6\"}',NULL),(5125,'NT-ProBNP','Plain-Blood-BI','{\"help\":\"pg/ml (ECIA)\\n===Heart Failure Unlikely===\\n # Any age, <300\\n====Heart Failure Likely====\\n # 20-50 Y, >450 \\n # 50-75 Y, >900\\n # >75Y, >1800\",\"interval_h\":\"300\",\"equipment\":\"I\"}',NULL),(5126,'Request Form','None','{\"type\":\"blob\"}',NULL),(5127,'Free T4','Plain-Blood-BI','{\"type\":\"number\",\"help\": \"pmol/L \\n 10.0-28.2 \\n(ECIA)\",\"interval_l\":\"10.0\",\"interval_h\":\"28.2\",\"equipment\":\"I\"}',NULL),(5128,'Free T3','Plain-Blood-BI','{\"type\":\"number\",\"help\": \"pmol/L \\n 4.26-8.10 \\n(ECIA)\",\"interval_l\":\"4.26\",\"interval_h\":\"8.10\",\"equipment\":\"I\"}',NULL),(5129,'prolactin','Plain-Blood-BI','{\"type\":\"number\",\"help\": \"ng/mL \\n Normal Nonpregnant Female: 3.0-18.6 \\n Male:3.7-17.9 \\n(ECIA)\",\"interval_h\":\"18.6\",\"equipment\":\"I\"}',NULL),(5130,'FSH','Plain-Blood-BI','{\"type\":\"number\",\"help\": \"IU/L \\n # normal female follicular phase => 1.98-11.6 \\n # norma female midcycle peak=>5.14-23.4 \\n # normal female lueal phase => 1.38-9.58 \\n # post menopausal female => 21.5- 131 \\n Normal male=> 1.555-9.74 \\n(ECIA)\", \"equipment\":\"I\"}',NULL),(5131,'LH','Plain-Blood-BI','{\"type\":\"number\",\"help\": \"IU/L \\n # normal female follicular phase => 2.58-12.1 \\n # norma female midcycle peak=>27.3-96.9 \\n # normal female lueal phase => 0.833-15.5 \\n # post menopausal female => 13.1- 86.5 \\n(ECIA)\", \"equipment\":\"I\"}',NULL),(5132,'Magnesium','Plain-Blood-BI','{\"type\":\"number\",\"help\":\" mg/dL 1.7-2.7 (Xylidyl blue)\",\"step\":\"0.1\",\"interval_h\":\"2.7\",\"interval_l\":\"1.7\",\"equipment\":\"C\"}',NULL),(5133,'B-hCG','Plain-Blood-BI','{\"type\":\"number\",\"help\":\"IU/L,\\n<=25, \\n(ECIA)\",\"interval_h\":\"25\",\"equipment\":\"I\"}',NULL),(5134,'Urine osmolality','Plain-Urine-BI','{\"type\":\"number\",\"help\":\" mmol/L<1200 (Calculated)\",\"calculate\":\"E/6+E/18+2*E+2*E+E/11.312\",\"ex_list\":\"5135,5136,5048,5049,5052\",\"equipment\":\"C\"}',''),(5135,'Urea','Plain-Urine-BI','{\"type\":\"number\",\"help\":\" mg/dl(urease GLDH)\",\"equipment\":\"C\"}',''),(5136,'Glucose','Plain-Urine-BI','{\"type\":\"number\",\"help\":\" mg/dl(GOD-POD endpoint)\",\"equipment\":\"C\"}',''),(5137,'Creatinine','Plain-Urine-BI','{\"type\":\"number\",\"help\":\" mg/dL N/A (Jaffe two point)\",\"step\":\"0.1\",\"equipment\":\"C\"}',''),(5138,'HCL wash','Plain-Blood-BI','{\"hide\":\"yes\"}',''),(5139,'Adenosine Deaminase','Plain-Other-BI','{\"type\":\"number\",\"help\":\"U/mL N/A (Berthelot)\"}',''),(5140,'Testosterone','Plain-Blood-BI','{\"type\":\"number\",\"help\": \"nmol/L \\n #  Normal male(20-49 years) : 4.56-28.2 \\n # Normal males(>50 years): 2.49-21.6 \\n #  Females with normal  menstrual  cycles : 0.198-2.67  \\n(ECIA)\", \"equipment\":\"I\"}',NULL),(5141,'Total 25-OH Vit-D','Plain-Blood-BI','{\"type\":\"number\",\"help\":\"nmol/L\\n Deficient: <50\\n Insufficient: 50-<75\\n Sufficient: 75-250 \\n potential toxicity: >250\\n(ECIA) \\n Multiply The Value with 0.4 to Covert it from nmol/L into ng/ml \",\"interval_l\":\"75\",\"interval_h\":\"250\",\"equipment\":\"I\"}',NULL),(5142,'Vitamin B12','Plain-Blood-BI','{\"type\":\"number\",\"help\":\"pmol/L 176-687  \\n(ECIA)\",\"interval_h\":\"687\",\"interval_l\":\"176\",\"equipment\":\"I\"}',NULL),(5143,'pH','Heparinised Arterial-Blood-BI','{\"type\":\"number\",\"help\":\"7.35-7.45 (Direct ISE)\",\"interval_l\":\"7.35\",\"interval_h\":\"7.45\",\"cinterval_l\":\"7.20\",\"cinterval_h\":\"7.60\",\"ainterval_h\":\"7.8\",\"ainterval_l\":\"6.9\",\"equipment\":\"A\"}',''),(5144,'PCO2','Heparinised Arterial-Blood-BI','{\"type\":\"number\",\"help\":\"mmHg 32-48 (Direct ISE)\",\"interval_l\":\"32\",\"interval_h\":\"48\",\"cinterval_l\":\"20\",\"cinterval_h\":\"70\",\"equipment\":\"A\"}',''),(5145,'PO2','Heparinised Arterial-Blood-BI','{\"type\":\"number\",\"help\":\"mmHg 83-108 (Direct ISE)\",\"interval_l\":\"83\",\"interval_h\":\"108\",\"cinterval_l\":\"40\",\"cinterval_h\":\"250\",\"ainterval_h\":\"500\",\"ainterval_l\":\"20\",\"equipment\":\"A\"}',''),(5146,'Hematocrit','Heparinised Arterial-Blood-BI','{\"type\":\"number\",\"help\":\"% (Calculated)\\n Male 20-60\\n Female 30-60\",\"interval_l\":\"20\",\"interval_h\":\"60\",\"equipment\":\"A\"}',''),(5147,'ct Hct','Heparinised Arterial-Blood-BI','',''),(5148,'Na+','Heparinised Arterial-Blood-BI','{\"type\":\"number\",\"help\":\"mmol/L 136-145 (Direct ISE)\",\"interval_l\":\"136\",\"interval_h\":\"145\",\"equipment\":\"A\"}',''),(5149,'K+','Heparinised Arterial-Blood-BI','{\"type\":\"number\",\"help\":\"mmol/L 3.5-5.1 (Direct ISE)\",\"interval_l\":\"3.5\",\"interval_h\":\"5.1\",\"equipment\":\"A\"}',''),(5150,'Ionized Calcium(Ca2+)','Heparinised Arterial-Blood-BI','{\"type\":\"number\",\"help\":\"mmol/L 1.15-1.30 (Direct ISE)\",\"interval_l\":\"1.15\",\"interval_h\":\"1.30\",\"equipment\":\"A\"}',''),(5151,'Cl-','Heparinised Arterial-Blood-BI','{\"type\":\"number\",\"help\":\"mmol/L 101-110 (Direct ISE)\",\"interval_l\":\"101\",\"interval_h\":\"110\",\"equipment\":\"A\"}',''),(5152,' Base(B)','Heparinised Arterial-Blood-BI','{\"type\":\"number\",\"help\":\"mmol/L -3.0-3.0 (Calculated)\",\"interval_l\":\"-3.0\",\"interval_h\":\"3.0\",\"equipment\":\"A\"}',''),(5153,'Anion Gap','Heparinised Arterial-Blood-BI','',''),(5154,'HCO3 ','Heparinised Arterial-Blood-BI','{\"type\":\"number\",\"help\":\"mmol/L 22.0-28.0 (Calculated)\",\"interval_l\":\"22.0\",\"interval_h\":\"28.0\",\"equipment\":\"A\"}',''),(5155,'cHCO3-(P,st)c','Heparinised Arterial-Blood-BI','',''),(5156,'sO2','Heparinised Arterial-Blood-BI','{\"type\":\"number\",\"help\":\"mmol/L 95.0-99.0 (Calculated)\",\"interval_l\":\"95.0\",\"interval_h\":\"99.0\",\"equipment\":\"A\"}',''),(5157,'Bilirubin Reference range','Plain-Blood-BI','{\"zoom\":\"zoom\"}',NULL),(5158,'Glucose','Heparinised Arterial-Blood-BI','',''),(5159,'Lactate','Heparinised Arterial-Blood-BI','{\"type\":\"number\",\"help\":\"mmol/L\\n <1.39 at Bed Rest\\n (Direct ISE)\",\"interval_h\":\"1.3\"}',''),(5160,'tHb','Heparinised Arterial-Blood-BI','',''),(5161,'FO2Hb','Heparinised Arterial-Blood-BI','',''),(5162,'FCOHb','Heparinised Arterial-Blood-BI','',''),(5163,'FMetHb','Heparinised Arterial-Blood-BI','',''),(5164,'FHHb','Heparinised Arterial-Blood-BI','',''),(5165,'HCO3-std','Heparinised Arterial-Blood-BI','',''),(5166,'ctCO2','Heparinised Arterial-Blood-BI','',''),(5167,'mOSm','Heparinised Arterial-Blood-BI','',''),(5168,'BO2','Heparinised Arterial-Blood-BI','',''),(5169,'ct O2(a)','Heparinised Arterial-Blood-BI','',''),(5170,'Albumin','Plain-Blood-BI','{\"type\":\"number\",\"help\":\" g/dL <3.5-5.2 (BCG)\",\"step\":\"0.1\",\"cinterval_l\":\"1\",\"interval_h\":\"5.2\",\"interval_l\":\"3.5\",\"ainterval_h\":\"10\",\"ainterval_l\":\"0.5\",\"equipment\":\"C\"}',''),(5171,'Anti-SARS-CoV-2 IgG','Plain-Blood-BI','{\"type\":\"number\",\"help\":\"Test/Cutoff Ratio \\n <1   = Non reactive\\n >1   = Reactive \\n(ECIA)\",\"equipment\":\"I\"}',''),(5172,'Sodium','Plain-Urine-BI','{\"type\":\"number\",\"help\":\" mmol/L N/A(Direct ISE)\",\"equipment\":\"C\"}',''),(5173,'Potassium','Plain-Urine-BI','{\"type\":\"number\",\"help\":\" mmol/L N/A(Direct ISE)\",\"step\":\"0.1\",\"equipment\":\"C\"}',''),(5174,'HbA1c','EDTA-Blood-BI','{\"type\":\"number\",\"help\":\" % \\n < 5.7 =normal \\n 5.7-6.4 =prediabetes \\n >6.4 =diabetes \\n (HPLC)\",\"step\":\"0.1\",\"interval_h\":\"6.5\",\"equipment\":\"H\"}',''),(5175,'SARS-CoV-2 Ag','Plain-Swab-BI','{\"type\":\"number\",\"help\":\"Test/Cutoff Ratio \\n <1   = Non reactive\\n >1   = Reactive \\n(ECIA)\",\"equipment\":\"I\"}',''),(5176,'SARS-CoV-2 RT-PCR-E','Plain-Swab-BI','{\"type\":\"number\",\"help\":\"Test/Cutoff Ratio \\n <1   = Non reactive\\n >1   = Reactive \\n(ECIA)\",\"equipment\":\"I\"}',''),(5177,'SARS-CoV-2 RT-PCR-N','Plain-Swab-BI','{\"type\":\"number\",\"help\":\"Test/Cutoff Ratio \\n <1   = Non reactive\\n >1   = Reactive \\n(ECIA)\",\"equipment\":\"I\"}',''),(5178,'HbA1c Chromatogram','EDTA-Blood-BI','{\"type\":\"blob\",\"img\":\"png\"}',''),(5179,'HbF','EDTA-Blood-BI','{\"equipment\":\"H\"}',''),(5180,'Rapid SARS-CoV-2 Ag card test','Plain-Swab-BI','{\"type\":\"select\",\"option\":\", Positive , Negative\"}',''),(5181,'Albumin','Plain-Peritoneal Fluid-BI','{\"type\":\"number\",\"help\":\" g/dL N/A (BCG)\",\"step\":\"0.1\",\"equipment\":\"C\"}',NULL),(5182,'Micro albumin','Plain-Urine-BI','{\"type\":\"number\",\"help\":\"mg/L (Turbilatex)\",\"method\":\"Turbilatex\",\"equipment\":\"C\"}',''),(9000,'QC Equipment','None','{\"type\":\"select\",\"option\":\",XL_640,XL_1000,VITROS3600,HPLC_723GX,Erba Chem 5 Plus semiauto(060379) 2 \"}',NULL),(9001,'Creatinine','QC-QC-BI','',''),(9002,'Urea','QC-QC-BI','',''),(9006,'ALT','QC-QC-BI','',''),(9007,'Alkaline Phosphatase','QC-QC-BI','',''),(9008,'Amylase','QC-QC-BI','',''),(9009,'Total Billirubin','QC-QC-BI','',''),(9010,'Direct Billirubin','QC-QC-BI','',''),(9011,'Albumin','QC-QC-BI','',''),(9012,'Total Protein','QC-QC-BI','',''),(9013,'Aspartate transaminase','QC-QC-BI','',''),(9014,'Calcium','QC-QC-BI','',''),(9015,'Total Cholesterol','QC-QC-BI','',''),(9016,'HDL Cholesterol','QC-QC-BI','',''),(9018,'Triglyceride','QC-QC-BI','',''),(9019,'Sodium','QC-QC-BI','',''),(9020,'Potassium','QC-QC-BI','',''),(9021,'Iron','QC-QC-BI','',''),(9023,'UIBC','QC-QC-BI','',''),(9025,'Lactate Dehydrogenase','QC-QC-BI','',''),(9026,'Lipase','QC-QC-BI','',''),(9027,'Uric Acid','QC-QC-BI','',''),(9031,'Glucose','QC-QC-BI','',''),(9051,'Phosphorus','QC-QC-BI','',''),(9081,'Micro Protein','QC-QC-BI','',''),(9092,'CK','QC-QC-BI','',''),(9093,'CK-MB','QC-QC-BI','',''),(9113,'Cholinesterase','QC-QC-BI','',''),(9114,'HCL wash','QC-QC-BI','{\"hide\":\"yes\"}',''),(9201,'Ferritin','QC-QC-BI','',''),(9202,'CRP','QC-QC-BI','',''),(9203,'TSH','QC-QC-BI','',''),(9204,'D-dimer','QC-QC-BI','',''),(9205,'PCT','QC-QC-BI','',''),(9206,'Total T4','QC-QC-BI','',''),(9207,'Cardiac Troponin I(cTnI)','QC-QC-BI','',''),(9208,'Interlukin-6','QC-QC-BI','',''),(9209,'NT-ProBNP','QC-QC-BI','',''),(9210,'Magnesium','QC-QC-BI','',''),(9211,'FSH','QC-QC-BI','',''),(9212,'LH','QC-QC-BI','',NULL),(9213,'Free T3','QC-QC-BI','',NULL),(9214,'Free T4','QC-QC-BI','',NULL),(9215,'prolactin','QC-QC-BI','',NULL),(9216,'B-hCG','QC-QC-BI','',NULL),(9217,'Lipase','QC-QC-BI','',NULL),(9218,'ADA','QC-QC-BI','',NULL),(9219,'VitaminB12','QC-QC-BI','',NULL),(9220,'Total-25-OH-Vitamin-D','QC-QC-BI','',NULL),(9221,'DDIMER','QC-QC-BI','',NULL),(9222,'HbA1c','QC-QC-BI','',NULL),(9223,'HbA1c Chromatogram','QC-QC-BI','{\"type\":\"blob\",\"img\":\"png\"}',''),(9224,'HbF','QC-QC-BI','',NULL),(9225,'Micro albumin','QC-QC-BI','',NULL),(10001,'SARS-CoV2','Plain-BodyFluid-MI','{\"type\":\"select\",\"option\":\"Positive,Negative\"}',''),(10002,'Other Respiratory Viruses','Plain-BodyFluid-MI','',''),(10003,'Laboratory Section','None','{\"type\":\"select\",\"option\":\",VDRL\"}','');
/*!40000 ALTER TABLE `examination` ENABLE KEYS */;
UNLOCK TABLES;

--
-- Table structure for table `profile`
--

DROP TABLE IF EXISTS `profile`;
/*!40101 SET @saved_cs_client     = @@character_set_client */;
/*!40101 SET character_set_client = utf8 */;
CREATE TABLE `profile` (
  `profile_id` int(11) NOT NULL,
  `name` varchar(100) NOT NULL,
  `examination_id_list` varchar(500) NOT NULL,
  `extra` varchar(300) DEFAULT NULL,
  `edit_specification` varchar(500) NOT NULL,
  PRIMARY KEY (`profile_id`)
) ENGINE=InnoDB DEFAULT CHARSET=utf8mb4;
/*!40101 SET character_set_client = @saved_cs_client */;

--
-- Dumping data for table `profile`
--

LOCK TABLES `profile` WRITE;
/*!40000 ALTER TABLE `profile` DISABLE KEYS */;
INSERT INTO `profile` VALUES (1,'Patient_Identification','1001,1002,1008,1004,1005,1006,1007','1020,1021,1012,1024,1025,1039','{\"header\":\"no\",\"print_style\":\"horizontal\",\"compact\":\"no\"}'),(2,'Sample Details','1000,1015,1016,1017,1018,1014,1026','1019,1022,1023,5103,9000,5126,1027,1028,1029,1030,1031,1032,1033,1034,1035,1036,1037,1038,1040','{\"header\":\"no\",\"print_style\":\"horizontal\",\"compact\":\"no\"}'),(20,'Bone Marrow Examination Details','147,148','',''),(21,'Hemogram - Blood Counts and Indices','3,2,4,5,6,7,8,1,9','',''),(22,'Differential Leucocyte Count  with Premature Cells (Microscopy)','51,52,53,54,55,400,401,402,403,404','',''),(23,'Differential Leucocyte Count (Microscopy)','39,40,41,42,43,56','',''),(24,'Absolute Counts','48,49,50','',''),(25,'Peripheral Smear (Red Blood Cells)','57,58,59,60,61,62,63,64,65,66','',''),(26,'Peripheral Smear (Platelets)','45,67','',''),(27,'Peripheral Smear (Parasites)','68,69,70','',''),(28,'Rapid Malarial Antigen Test','46,47','',''),(29,'Platelet Indices','510,511,71,72','',''),(30,'Reticulocyte Count (RC)','73,74','',''),(31,'Erythrocyte Sedimentation Rate','75','',''),(32,'Prothrombin Time ','76,77,78,79,80,602','',''),(33,'Activated Partial Thromboplastin Time (aPTT)','81,82,603','',''),(34,'Plasma Fibrinogen','83,84','',''),(35,'Factor Assay','85,86','',''),(36,'Bleeding Time (BT) and Clotting Time (CT)','87,88','',''),(37,'Urine Routine and Microscopy','89,90,91,92,93,94,95,96,97,98,99,100,101,102,103,104,105,106,181,107,108,109,110,111,113','',''),(38,'Stool Examination','114,115,116,117,118,119,120,121,122,123,124,125','',''),(39,'Body Fluid Examination','126,127,128,129,130,131,132,133,134,135,136,137','',''),(40,'Semen Examination','138,139,140,141,142,143,144,145,146','',''),(41,'Bone Marrow Examination Report','150,151,152,153,154,155,156,157,158,159,160,161,162,163,164,165,166,167,168,169,170,171,172,173,174,175,176,177,178,179,180','',''),(101,'Histopathology','2010,2001,2002,2003,2004,2011,2005,2009,2006,2007,2008','','{\"header\":\"no\",\"print_style\":\"vertical\"}'),(231,'Dw Graphs','19,20,21','','{\"display_name\":\"no\",\"header\":\"no\",\"print_hide\":\"no\"}'),(300,'Reported by','2012,2013,2014','2015','{\"header\":\"no\",\"print_style\":\"horizontal\"}'),(501,'Diabetes Mellitus Profile','5031','5102,5174,5178,5179','{\"group\":\"BI\"}'),(502,'Immuno-assay','5118,5121,5122','5117,5120,5123,5124,5127,5128,5129,5130,5131,5133,5125,5140,5141,5142,5171','{\"group\":\"BI\"}'),(503,'LFT','5006,5009,5010,5024','5013','{\"group\":\"BI\"}'),(504,'ALB+TP(ALP)','5012,5011','5007','{\"display_name\":\"no\",\"group\":\"BI\"}'),(505,'Pancreatic profile','5008,5026','','{\"group\":\"BI\"}'),(506,'Electrolyte','5019,5020','','{\"group\":\"BI\"}'),(507,'RFT','5001','','{\"group\":\"BI\"}'),(508,'Adavanced RFT','5002,5027','','{\"group\":\"BI\",\"display_name\":\"no\",\"header\":\"no\"}'),(509,'Cal+PO4','5014,5100,5114,5101','','{\"display_name\":\"no\",\"group\":\"BI\"}'),(510,'Cardiac profile','5092,5093','','{\"group\":\"BI\"}'),(511,'Misc','5025','5113','{\"display_name\":\"no\",\"group\":\"BI\"}'),(512,'Urine','5054,5050,5057,5052,5056,5086,5085,5053,5058,5059,5172,5173,5136,5182','','{\"group\":\"BI\"}'),(514,'eGFR','5088,5089,5087,5060','','{\"group\":\"BI\"}'),(515,'Lipid profile','5015,5018','5016,5017,5028','{\"group\":\"BI\"}'),(516,'Mg 2+','5132,5138',NULL,'{\"group\":\"BI\"}'),(517,'urine osmolality','5134,5135,5136,5048,5049,5137','','{\"group\":\"BI\"}'),(519,'Other Fluid','5105,5139','5106,5107,5108,5109,5110,5111,5112','{\"display_name\":\"no\",\"group\":\"BI\"}'),(520,'Peritoneal profile','5033,5035,5038,5039,5040,5041,5042,5043,5082,5094,5181','','{\"group\":\"BI\"}'),(521,'Pleural profile','5034,5036,5037,5044,5045,5046,5081','','{\"group\":\"BI\"}'),(522,'Anemia profile','5021,5022,5023','','{\"group\":\"BI\"}'),(529,'ABG ','5143,5144,5145,5154,5148,5149,5159','5146,5147,5152,5153,5155,5160,5161,5162,5163,5164,5165,5166,5167,5168,51695150,5151,5156,5158','{\"group\":\"BI\"}'),(530,'Protein Electrophoresis','5076,5078,5079,5077,5075','','{\"header\":\"no\",\"print_style\":\"vertical\",\"group\":\"BI\"}'),(531,'Hemoglobin Electrophoresis','5063,5065,5066,5067,5068,5069,5064,5070,5071,5072,5073,5074','','{\"header\":\"no\",\"print_style\":\"vertical\",\"group\":\"BI\"}'),(532,'CSF profile','5029,5030,5080,5032','5047','{\"group\":\"BI\"}'),(534,'Serum osmolality','5061','','{\"group\":\"BI\"}'),(535,'QC others','9016,9021,9023,9092,9093,9113,9081,9210,9217,9218,9222,9223,9224,9225','','{\"group\":\"BI\"}'),(536,'Morning QC','9001,9002,9006,9007,9008,9009,9010,9011,9012,9013,9014,9015,9031,9018,9019,9020,9025,9027,9051,9114',NULL,'{\"group\":\"BI\"}'),(537,'QC Immuno-assay','9201,9202,9203,9205,9206,9207,9208,9209,9211,9212,9213,9214,9215,9216,9219,9220,9221','','{\"group\":\"BI\"}'),(538,'Bilirubin Reference range (Paediatric)','5157','','{\"display_name\":\"no\",\"header\":\"no\",\"print_style\":\"vertical\",\"group\":\"BI\"}'),(539,'COVID research','5175,5176,5177,5180','','{\"group\":\"BI\"}'),(1001,'Remark','5095,5096,5097,5098,5099','','{\"header\":\"no\",\"print_style\":\"vertical\",\"group\":\"BI\"}'),(2001,'COVID19','10003,10001,10002','','{\"group\":\"MI\"}');
/*!40000 ALTER TABLE `profile` ENABLE KEYS */;
UNLOCK TABLES;

--
-- Table structure for table `report`
--

DROP TABLE IF EXISTS `report`;
/*!40101 SET @saved_cs_client     = @@character_set_client */;
/*!40101 SET character_set_client = utf8 */;
CREATE TABLE `report` (
  `id` int(11) NOT NULL AUTO_INCREMENT,
  `report_name` varchar(100) NOT NULL,
  `examination_id` varchar(1000) DEFAULT NULL,
  PRIMARY KEY (`id`)
) ENGINE=InnoDB AUTO_INCREMENT=3 DEFAULT CHARSET=utf8mb4;
/*!40101 SET character_set_client = @saved_cs_client */;

--
-- Dumping data for table `report`
--

LOCK TABLES `report` WRITE;
/*!40000 ALTER TABLE `report` DISABLE KEYS */;
INSERT INTO `report` VALUES (1,'ABG','5143,5144,5145,5148,5149,5154,5159'),(2,'Chinka','1000,1001,1003,1004,1006,1009,1010,1011,1012,1026,1015,1016,1017,1018');
/*!40000 ALTER TABLE `report` ENABLE KEYS */;
UNLOCK TABLES;

--
-- Table structure for table `sample_id_strategy`
--

DROP TABLE IF EXISTS `sample_id_strategy`;
/*!40101 SET @saved_cs_client     = @@character_set_client */;
/*!40101 SET character_set_client = utf8 */;
CREATE TABLE `sample_id_strategy` (
  `sample_requirement` varchar(100) COLLATE utf8_bin NOT NULL,
  `lowest_id` bigint(20) DEFAULT NULL,
  `highest_id` bigint(20) DEFAULT NULL,
  `description` varchar(500) COLLATE utf8_bin NOT NULL,
  PRIMARY KEY (`sample_requirement`)
) ENGINE=InnoDB DEFAULT CHARSET=utf8 COLLATE=utf8_bin;
/*!40101 SET character_set_client = @saved_cs_client */;

--
-- Dumping data for table `sample_id_strategy`
--

LOCK TABLES `sample_id_strategy` WRITE;
/*!40000 ALTER TABLE `sample_id_strategy` DISABLE KEYS */;
INSERT INTO `sample_id_strategy` VALUES ('Citrate-Blood-BI',1000000,1999999,'Biochemistry'),('Citrate-Blood-HI',2000000,2999999,'Haematology'),('EDTA-Blood-BI',1000000,1999999,'Biochemistry'),('EDTA-Blood-HI',2000000,2999999,'Haematology'),('EDTA-BodyFluid-CP',3000000,3999999,'Clinical Pathology - Body Fluid'),('EDTA-CSF-CP',3000000,3999999,'Clinical Pathology - CSF'),('Fluoride-Blood-BI',1000000,1999999,'Biochemistry'),('Formalin-Tissue-HP',4000000,4999999,''),('Frozen-Tissue-HP',4000000,4999999,''),('HCL-Urine-BI',1000000,1999999,'Biochemistry'),('Heparinised Arterial-Blood-BI',1000000,1999999,'Biochemistry'),('None',NULL,NULL,''),('Plain-Blood-BI',1000000,1999999,'Biochemistry'),('Plain-Blood-DM',1,1000,'Dummy plain sample'),('Plain-BodyFluid-CY',5000000,5999999,''),('Plain-BodyFluid-MI',6000000,6999999,'Microbiology'),('Plain-CSF-BI',1000000,1999999,'Biochemistry'),('Plain-FNA-CY',5000000,5999999,''),('Plain-Nasopharyngeal-MI',6000000,6999999,'Microbiology'),('Plain-Other-BI',1000000,1999999,'Biochemistry'),('Plain-PAP-CY',5000000,5999999,''),('Plain-Peritoneal Fluid-BI',1000000,1999999,'Biochemistry'),('Plain-Pleural Fluid-BI',1000000,1999999,'Biochemistry'),('Plain-Semen-CP',3000000,3999999,'Clinical Pathology - Semen'),('Plain-Smear-CY',5000000,5999999,''),('Plain-Stool-CP',3000000,3999999,'Clinical Pathology - Stool'),('Plain-Swab-BI',1000000,1999999,'Biochemistry'),('Plain-Urine-BI',1000000,1999999,'Biochemistry'),('Plain-Urine-CP',3000000,3999999,'Clinical Pathology - Urine'),('QC-QC-BI',9000000,9999999,'For Biochemistry QC');
/*!40000 ALTER TABLE `sample_id_strategy` ENABLE KEYS */;
UNLOCK TABLES;

--
-- Table structure for table `dashboard`
--

DROP TABLE IF EXISTS `dashboard`;
/*!40101 SET @saved_cs_client     = @@character_set_client */;
/*!40101 SET character_set_client = utf8 */;
CREATE TABLE `dashboard` (
  `id` int(11) NOT NULL AUTO_INCREMENT,
  `topic` varchar(100) NOT NULL,
  `description` varchar(2000) NOT NULL,
  `priority` int(11) DEFAULT NULL,
  PRIMARY KEY (`id`)
) ENGINE=InnoDB AUTO_INCREMENT=9 DEFAULT CHARSET=utf8mb4;
/*!40101 SET character_set_client = @saved_cs_client */;

--
-- Dumping data for table `dashboard`
--

LOCK TABLES `dashboard` WRITE;
/*!40000 ALTER TABLE `dashboard` DISABLE KEYS */;
INSERT INTO `dashboard` VALUES (1,'Calculated Parameters','Prothrombin Time related calculation of indexes is now available. \nWhen in <b>Edit</b> mode, Click <b>Calculate</b> to refresh calculation.\nModification in database is required to add new calculated tests.\nChanging ISI value in database as required is essential',NULL),(2,'Suggestions and Feedback','For suggestion for improvement, contact lab in-charge or whatsApp: 9664555812 Dr Shailesh ',NULL),(3,'Super Profiles','Use Super Profiles to reduce your clicks and prevent lapses in entry',3),(4,'View Statistics','Click <b>HOME</b>. select Click <span class=\"bg-danger\">red colored number</span> to view data. Provide appropriate input (e.g date). Export Data in spreadsheet if required',4),(5,'Bold','use (((xyz)) to bold a word',NULL),(6,'New Software','New Software have 7 digit sample ID (REMEMBER)',5),(7,'Dokuwiki and Docs Old LIS Started',' Click ---> <a href=\"\\dokuwiki\">Dokuwiki</a> <a href=\"\\docs\">Docs</a>  <a href=\"http://12.207.3.250\">Old LIS</a>',6),(8,'Worklist Print','See number 6 (get examination id from 7)',8);
/*!40000 ALTER TABLE `dashboard` ENABLE KEYS */;
UNLOCK TABLES;

--
-- Table structure for table `super_profile`
--

DROP TABLE IF EXISTS `super_profile`;
/*!40101 SET @saved_cs_client     = @@character_set_client */;
/*!40101 SET character_set_client = utf8 */;
CREATE TABLE `super_profile` (
  `super_profile_id` int(11) NOT NULL,
  `name` varchar(100) NOT NULL,
  `profile_id_list` varchar(500) NOT NULL,
  `extra` varchar(300) DEFAULT NULL,
  `edit_specification` varchar(500) NOT NULL,
  PRIMARY KEY (`super_profile_id`)
) ENGINE=InnoDB DEFAULT CHARSET=utf8mb4;
/*!40101 SET character_set_client = @saved_cs_client */;

--
-- Dumping data for table `super_profile`
--

LOCK TABLES `super_profile` WRITE;
/*!40000 ALTER TABLE `super_profile` DISABLE KEYS */;
INSERT INTO `super_profile` VALUES (1,'Blood Counts - Hb, TC, Platelet','21','',''),(2,'CBC (Routine)','21,23','',''),(3,'CBC MP (Routine)','21,23,26,27','',''),(4,'PSCM','21,23,25,26,27','',''),(5,'RC','30','',''),(6,'ESR','31','',''),(7,'PT','32','',''),(8,'Urine Routine','37','',''),(9,'Stool Routine','38','',''),(10,'CBC (Emergency)','21','',''),(11,'CBC MP (Emergency)','21,26,27','',''),(12,'PSCM Leukemia Panel','21,22,25,26,27','',''),(13,'Bone Marrow Examination Report','20,21,23,25,26,27,30,41','',''),(14,'Expert Level PSCM','21,23,25,26,27','',''),(15,'Fine Needle Aspiration Cytology Report','201,202','',''),(16,'RFT+Electrolyte','507,506','','{\"group\":\"BI\"}'),(17,'creatinine + eGFR','507,514','','{\"group\":\"BI\"}'),(18,'LRE','503,507,506','','{\"group\":\"BI\"}'),(19,'LRE+GLC','501,503,507,506','','{\"group\":\"BI\"}'),(20,'LL-RR-E','503,507,508,504','','{\"group\":\"BI\"}'),(22,'Glc + Lipid','501,515','','{\"group\":\"BI\"}'),(23,'CAL+PHO+ALb+TP','509,504',NULL,'{\"group\":\"BI\"}'),(24,'COVID profile','502,503,506,507,511',NULL,'{\"group\":\"BI\"}');
/*!40000 ALTER TABLE `super_profile` ENABLE KEYS */;
UNLOCK TABLES;

--
-- Table structure for table `copy_bin_text`
--

DROP TABLE IF EXISTS `copy_bin_text`;
/*!40101 SET @saved_cs_client     = @@character_set_client */;
/*!40101 SET character_set_client = utf8 */;
CREATE TABLE `copy_bin_text` (
  `id` int(11) NOT NULL AUTO_INCREMENT,
  `name` varchar(20) NOT NULL,
  `text` varchar(200) NOT NULL,
  PRIMARY KEY (`id`)
) ENGINE=InnoDB AUTO_INCREMENT=12 DEFAULT CHARSET=utf8mb4;
/*!40101 SET character_set_client = @saved_cs_client */;

--
-- Dumping data for table `copy_bin_text`
--

LOCK TABLES `copy_bin_text` WRITE;
/*!40000 ALTER TABLE `copy_bin_text` DISABLE KEYS */;
INSERT INTO `copy_bin_text` VALUES (1,'Absurd K+ EDTA','Absurd K+ may be due to EDTA contamination of Plain Blood. '),(3,'Absurd K+ Hemolysis','Sample Grossly Hemolysed. Absurd K+ may be due to Excess hemolysis'),(4,'High DBIL','Majority of bilirubin is of conjugated bilirubin(Direct), disregard total bilirubin.'),(5,'QNS','Test is not done as sample is inadequate'),(6,'Missing sample','Test is not done as sample is not received'),(7,'Bilirubin interfence','Very High bilirubin has negative interferance in creatinine estimation  '),(8,'Lipemic sample','Test is not done as sample is lipemic'),(9,'Viscous sample','Test is not done as sample is highly viscous'),(10,'email for COVID-19','suratcv19@gmail.com'),(11,'Not done','Test is not done as lab resources are inadequate');
/*!40000 ALTER TABLE `copy_bin_text` ENABLE KEYS */;
UNLOCK TABLES;

--
-- Table structure for table `view_info_data`
--

DROP TABLE IF EXISTS `view_info_data`;
/*!40101 SET @saved_cs_client     = @@character_set_client */;
/*!40101 SET character_set_client = utf8 */;
CREATE TABLE `view_info_data` (
  `id` int(11) NOT NULL,
  `info` varchar(100) NOT NULL,
  `Fields` varchar(2000) NOT NULL,
  `sql` varchar(1000) NOT NULL,
  PRIMARY KEY (`id`)
) ENGINE=InnoDB DEFAULT CHARSET=utf8mb4;
/*!40101 SET character_set_client = @saved_cs_client */;

--
-- Dumping data for table `view_info_data`
--

LOCK TABLES `view_info_data` WRITE;
/*!40000 ALTER TABLE `view_info_data` DISABLE KEYS */;
INSERT INTO `view_info_data` VALUES (1,'Total Sample On a Day','<input type=date name=__p1 title=\'Give Date\'>','select count(examination_id) as Total_Sample from result where examination_id=1017 and result=\"__p1\"'),(2,'Test count on a date','<input type=date name=__p1 title=\'Give Date\'>','select  	r1.examination_id A ,e1.name B ,  	r2.examination_id C ,e2.name D, 	r2.result E, 	count(r2.result) F from  	examination e1,examination e2,  	result r1,result r2  where  	r1.sample_id=r2.sample_id and  	r2.examination_id=1017 and  	r2.result=\"__p1\" and 	e1.examination_id=r1.examination_id and  	e2.examination_id=r2.examination_id  group by r1.examination_id order by r1.examination_id'),(3,'Max ID (series 2,3,1)','','select 2 as series, max(sample_id) from result where sample_id between 2000000 and 2999999 union select 3 as series, max(sample_id) from result where sample_id between 3000000 and 3999999 union select 1 as series, max(sample_id) from result where sample_id between 1000000 and 1999999'),(4,'Test count on a date (a bit better)','<input type=date name=__p1 title=\'Give Date\'>','select  	r1.examination_id examination_id ,e1.name Test,  r2.result Date, 	count(r2.result) Test_Count  from  	examination e1,examination e2,  	result r1,result r2  where  	r1.sample_id=r2.sample_id and  	r2.examination_id=1017 and  	r2.result=\"__p1\" and 	e1.examination_id=r1.examination_id and  	e2.examination_id=r2.examination_id  and e1.sample_requirement!=\'None\' group by r1.examination_id order by r1.examination_id'),(5,'Test count on between two dates','From:<input type=date name=__p1 title=\'Give From  Date\'>To:<input type=date name=__p2 title=\'Give To Date\'>','select r1.examination_id examination_id ,e1.name Test,  	count(r2.result) Test_Count   from  	examination e1,examination e2,  	result r1,result r2   where  	r1.sample_id=r2.sample_id and  	r2.examination_id=1017 and  	 r2.result between str_to_date(\'__p1\',\'%Y-%m-%d\') and str_to_date(\'__p2\',\'%Y-%m-%d\') and 	 e1.examination_id=r1.examination_id and  	e2.examination_id=r2.examination_id   and e1.sample_requirement!=\'None\' group by r1.examination_id order by r1.examination_id'),(6,'(Worklist) Sample_ID,Test name and result of a date','Date:<input type=date name=__p1 title=\'Give From  Date\'>Ex_ID:<input type=number name=__p2 title=\'Give Examination_id\'>','select  	 r1.sample_id sample_id, r1.examination_id examination_id ,e1.name Test, r1.result , r2.result Date  from  	 examination e1,examination e2,  	 result r1,result r2    where  	 r1.sample_id=r2.sample_id and  	 r2.examination_id=1017 and  	 r2.result=\"__p1\" and 	 e1.examination_id=r1.examination_id and  	 e2.examination_id=r2.examination_id  and  e1.examination_id=\"__p2\" and e1.sample_requirement!=\'None\'   order by r1.examination_id'),(7,'Test ID and their Name','','select examination_id,name,sample_requirement from examination order by name'),(8,'Profile count between two dates','From:<input type=date name=__p1 title=\'Give From  Date\'>To:<input type=date name=__p2 title=\'Give To Date\'>','select  p.profile_id, p.name,  	count(r2.result) Test_Count   from  	 examination e1,examination e2, result r1,result r2, profile p  where  	 r1.sample_id=r2.sample_id and  	 r2.examination_id=1017 and  	  r2.result between str_to_date(\'__p1\',\'%Y-%m-%d\') and str_to_date(\'__p2\',\'%Y-%m-%d\') and e1.examination_id=r1.examination_id and  	 e2.examination_id=r2.examination_id   and  e1.sample_requirement!=\'None\' and substring_index(p.examination_id_list,\',\',1)=e1.examination_id  group by  r1.examination_id   order by  p.profile_id'),(9,'sample count: age more than 60 years','From:<input type=date name=__p1 title=\'Give From Date\'>To<input type=date name=__p2 title=\'Give To Date\'>','select count(sample_id) from result where examination_id=1007  and (recording_time between \"__p1\" and \"__p2\" )and result>=60'),(10,'Sample Location with  Specific Date','<input type=date name=__p1 title=\'Give Date\'>','select s1.sample_id as sample_id ,s1.result as date ,s2.result as location  from result s1, result s2  where    s1.examination_id=1017 and s1. result like \"__p1\" and  s2.examination_id=1006    and  s1.sample_id=s2.sample_id'),(11,'Sample Location with  Specific Date(color)','<input type=date name=__p1 title=\'Give Date\'>','select s1.sample_id as sample_id ,s1.result as date ,if(s2.result=\"OPD\",concat(\'<span class=bg-danger>\',s2.result,\'</span>\'),s2.result) as location  from result s1, result s2  where    s1.examination_id=1017 and s1. result like \"__p1\" and  s2.examination_id=1006    and  s1.sample_id=s2.sample_id'),(12,'Sample Release Status(between two sample_id)','<input type=number name=__p1><input type=number name=__p2>','select sample_id,if(examination_id=1017,\"Received on\",\"Released_by\"),result from result where examination_id in (1017,1014) and sample_id between \"__p1\" and \"__p2\" order by sample_id'),(13,'Test count of a date with total','<input type=date name=__p1 title=\'Give Date\'>','(select  r1.examination_id examination_id ,e1.name Test,  r2.result Date, 	count(r2.result) Test_Count  from  	examination e1,examination e2,  	result r1,result r2  where  	r1.sample_id=r2.sample_id and  	r2.examination_id=1017 and  	r2.result=\"__p1\" and 	e1.examination_id=r1.examination_id and  	e2.examination_id=r2.examination_id  and e1.sample_requirement!=\'None\' group by r1.examination_id order by r1.examination_id) UNION (select  \'Grand \' ,\'Total \',  \' \', 	count(r2.result) Test_Count  from  	examination e1,examination e2,  	result r1,result r2  where  	r1.sample_id=r2.sample_id and  	r2.examination_id=1017 and  	r2.result=\"__p1\" and 	e1.examination_id=r1.examination_id and  	e2.examination_id=r2.examination_id  and e1.sample_requirement!=\'None\')'),(14,'Test count between two dates with total','From:<input type=date name=__p1 title=\'Give Date\'>To:<input type=date name=__p2 title=\'Give Date\'>','(select  r1.examination_id examination_id ,e1.name Test,  r2.result Date, 	count(r2.result) Test_Count    from  	examination e1,examination e2,  	result r1,result r2  where  	 r1.sample_id=r2.sample_id and  	r2.examination_id=1017 and  	r2.result between \"__p1\" and \"__p2\"	and  e1.examination_id=r1.examination_id and  	e2.examination_id=r2.examination_id  and e1.sample_requirement!=\'None\'  group by r1.examination_id order by r1.examination_id) UNION   (select  \'Grand \' ,\'Total \',  \' \', 	count(r2.result) Test_Count  from  	examination e1,examination e2,  	 result r1,result r2  where  	r1.sample_id=r2.sample_id and  	r2.examination_id=1017 and  	 (r2.result between \"__p1\" and \"__p2\")	and e1.examination_id=r1.examination_id and  	e2.examination_id=r2.examination_id  and e1.sample_requirement!=\'None\')'),(15,'Samples Types count between two dates','From:<input type=date name=__p1 title=\'Give Date\'>To:<input type=date name=__p2 title=\'Give Date\'>','select r1.result,count(r1.sample_id)  from result  r1, result r2   where  r2.examination_id=1017  and (r2.result between \"__p1\" and \"__p2\")  and r1.examination_id=1000 and r1.sample_id=r2.sample_id  group by result '),(16,'Samples Types count between two dates (only OPD)','From:<input type=date name=__p1 title=\'Give Date\'>To:<input type=date name=__p2 title=\'Give Date\'>','select r1.result,count(r1.sample_id)  from result  r1, result r2 ,result r3  where  r2.examination_id=1017  and (r2.result between \"__p1\" and \"__p2\")  and r1.examination_id=1000 and r1.sample_id=r2.sample_id and r1.sample_id=r3.sample_id and r3.examination_id=1006  and (r3.result =\'OPD\')   group by result  '),(17,'Worklist between two dates','From:<input type=date name=__p1 title=\'Give From  Date\'>To:<input type=date name=__p2 title=\'Give From  Date\'>Ex_ID:<input type=number name=__p3 title=\'Give Examination_id\'>','select  	  r1.sample_id sample_id, r1.examination_id examination_id ,e1.name Test, r1.result , r2.result Date    from  	  examination e1,examination e2,  	 result r1,result r2      where  	   r1.sample_id=r2.sample_id and  	 r2.examination_id=1017 and  	  (r2.result between \"__p1\" and \"__p2\") and 	 e1.examination_id=r1.examination_id and  	  e2.examination_id=r2.examination_id  and  e1.examination_id=\"__p3\"  and e1.sample_requirement!=\'None\'     order by r1.examination_id'),(18,'OPD Samples on a date','<input type=date name=__p1 title=\'Give Date\'>','select s1.sample_id as sample_id ,s1.result as date ,if(s2.result=\"OPD\",concat(\'<span class=bg-danger>\',s2.result,\'</span>\'),s2.result) as location   from result s1, result s2   where    s1.examination_id=1017 and s1. result like \"__p1\" and  s2.examination_id=1006    and  s1.sample_id=s2.sample_id and s2.result=\'OPD\''),(19,'non-OPD Samples on a date','<input type=date name=__p1 title=\'Give Date\'>','select s1.sample_id as sample_id ,s1.result as date ,if(s2.result!=\"OPD\",concat(\'<span class=bg-danger>\',s2.result,\'</span>\'),s2.result) as location   from result s1, result s2   where    s1.examination_id=1017 and s1. result like \"__p1\" and  s2.examination_id=1006    and  s1.sample_id=s2.sample_id and s2.result!=\'OPD\''),(20,'QC Statistics on between two dates','From:<input type=date name=__p1 title=\'Give From  Date\'>To:<input type=date name=__p2 title=\'Give To Date\'>','select  	r1.examination_id examination_id , 	e1.name Test,  	 	r3.result MRD, 	count(r2.result) Test_Count  ,  	avg(r1.result) mean,    	STDDEV(r1.result) SD    	 from  	 	examination e1,examination e2, 	result r1,result r2,result r3     where  	 	r1.sample_id=r2.sample_id  		and  	 	r1.sample_id=r3.sample_id  		and 		 	r2.examination_id=1015  		and 	r3.examination_id=1001  		and		 	r2.result between str_to_date(\'__p1\',\'%Y-%m-%d\') and str_to_date(\'__p2\',\'%Y-%m-%d\')  		and 	  		 	e1.examination_id=r1.examination_id  		and  	 	e2.examination_id=r2.examination_id    		and  		 	e1.sample_requirement!=\'None\' 		and 	r1.sample_id between 9000000 and 9999999 		 group by  	r1.examination_id, r3.result  order by  	r1.examination_id'),(21,'Current QC Target and Mean','','SELECT mrd,examination.examination_id,examination.name,equipment,mean,sd,start_date,start_time FROM `lab_reference_value`,examination WHERE `end_date`>sysdate() and `lab_reference_value`.examination_id=examination.examination_id order by examination.examination_id,mrd, equipment'),(101,'Sample Release Status(between two sample_id)','<input type=number name=__p1><input type=number name=__p2>','select sample_id,result from result where examination_id =1014  and sample_id between \"__p1\" and \"__p2\" order by sample_id'),(102,'OPD Release Status of Samples on a date','<input type=date name=__p1 title=\'Give Date\'>','select \r\n	s1.sample_id as sample_id ,\r\n	s1.result as date ,\r\n	if(s2.result=\"OPD\",concat(\'<span class=bg-danger>\',s2.result,\'</span>\'),s2.result) as location,   \r\n	s3.result as release_status\r\nfrom \r\n	result s1, result s2, result s3\r\n	\r\nwhere\r\n    s1.examination_id=1017 \r\n    and \r\n    s1. result like \"__p1\" and  s2.examination_id=1006    \r\n    and  \r\n	s3.examination_id=1014    \r\n    and      \r\n    \r\n    s1.sample_id=s2.sample_id \r\n    and\r\n    s1.sample_id=s3.sample_id \r\n    \r\n    and\r\n    s2.result=\'OPD\''),(103,'OPD Release Status of Samples on a date','<input type=date name=__p1 title=\'Give Date\'>','select \r\n	s1.sample_id as sample_id ,\r\n\r\nconcat(\'<div class=\"d-inline-block\" ><form target=_blank method=post action=edit_general.php class=print_hide>\r\n	<button class=\"btn btn-outline-primary btn-sm\" name=sample_id value=\\\'\',s1.sample_id,\'\\\' >\',s1.sample_id,\'</button>\r\n	<input type=hidden name=session_name value=\\\'\\\'.$_POST[\\\'session_name\\\'].\\\'\\\'>\r\n	<input type=hidden name=action value=edit_general>\r\n	</form></div>\')\r\n\r\nas sample_id,\r\n\r\n	s1.result as date ,\r\n	if(s2.result=\"OPD\",concat(\'<span class=bg-danger>\',s2.result,\'</span>\'),s2.result) as location,   \r\n	s3.result as release_status\r\nfrom \r\n	result s1, result s2, result s3\r\n	\r\nwhere\r\n    s1.examination_id=1017 \r\n    and \r\n    s1. result like \"__p1\" and  s2.examination_id=1006    \r\n    and  \r\n	s3.examination_id=1014    \r\n    and      \r\n    \r\n    s1.sample_id=s2.sample_id \r\n    and\r\n    s1.sample_id=s3.sample_id \r\n    \r\n    and\r\n    s2.result=\'OPD\''),(104,'Location + Date Specific Release Status','<input type=date name=__p1 title=\'Give Date\'><input type=text name=__p2 title=\'Give Location\' placeholder=OPDWard>','select \r\n	s1.sample_id as sample_id ,\r\n	s1.result as date ,\r\n	if(s2.result=\"__p2\",concat(\'<span class=bg-danger>\',s2.result,\'</span>\'),s2.result) as location,   \r\n	s3.result as release_status\r\nfrom \r\n	result s1, result s2, result s3\r\n	\r\nwhere\r\n    s1.examination_id=1017 \r\n    and \r\n    s1. result like \"__p1\" and  s2.examination_id=1006    \r\n    and  \r\n	s3.examination_id=1014    \r\n    and      \r\n    \r\n    s1.sample_id=s2.sample_id \r\n    and\r\n    s1.sample_id=s3.sample_id \r\n    \r\n    and\r\n    s2.result=\'__p2\''),(105,'NMC (date + department sample numbers)','<input type=date name=__p1 title=\'Give Date\'><input type=text name=__p2 title=\'Give Department\' placeholder=Department>','select r.result as date,o.result as department ,count(r.sample_id) as Total_Samples\r\n\r\nfrom \r\nresult r, result o \r\n\r\nwhere \r\nr.examination_id=1017 and r.result like \"%__p1%\" \r\nand \r\no.examination_id=1004 and o.result like \"%__p2%\"\r\n\r\nand o.sample_id=r.sample_id');
/*!40000 ALTER TABLE `view_info_data` ENABLE KEYS */;
UNLOCK TABLES;

--
-- Table structure for table `prototype`
--

DROP TABLE IF EXISTS `prototype`;
/*!40101 SET @saved_cs_client     = @@character_set_client */;
/*!40101 SET character_set_client = utf8 */;
CREATE TABLE `prototype` (
  `prototype_id` int(11) NOT NULL,
  `name` varchar(200) NOT NULL,
  PRIMARY KEY (`prototype_id`)
) ENGINE=InnoDB DEFAULT CHARSET=utf8mb4;
/*!40101 SET character_set_client = @saved_cs_client */;

--
-- Dumping data for table `prototype`
--

LOCK TABLES `prototype` WRITE;
/*!40000 ALTER TABLE `prototype` DISABLE KEYS */;
INSERT INTO `prototype` VALUES (1,'Breast CAP'),(2,'Lymphoma'),(3,'Sickle Cell disease'),(4,'Sickle Cell trait'),(5,'Multiple Myeloma'),(6,'Only HbA'),(7,'Bilirubin Reference range (Paediatric)');
/*!40000 ALTER TABLE `prototype` ENABLE KEYS */;
UNLOCK TABLES;

--
-- Table structure for table `prototype_data`
--

DROP TABLE IF EXISTS `prototype_data`;
/*!40101 SET @saved_cs_client     = @@character_set_client */;
/*!40101 SET character_set_client = utf8 */;
CREATE TABLE `prototype_data` (
  `prototype_id` int(11) NOT NULL,
  `examination_id` int(11) NOT NULL,
  `result` varchar(5000) NOT NULL,
  PRIMARY KEY (`prototype_id`,`examination_id`),
  KEY `examination_id` (`examination_id`),
  CONSTRAINT `prototype_data_ibfk_1` FOREIGN KEY (`examination_id`) REFERENCES `examination` (`examination_id`),
  CONSTRAINT `prototype_data_ibfk_2` FOREIGN KEY (`prototype_id`) REFERENCES `prototype` (`prototype_id`)
) ENGINE=InnoDB DEFAULT CHARSET=utf8mb4;
/*!40101 SET character_set_client = @saved_cs_client */;

--
-- Dumping data for table `prototype_data`
--

LOCK TABLES `prototype_data` WRITE;
/*!40000 ALTER TABLE `prototype_data` DISABLE KEYS */;
INSERT INTO `prototype_data` VALUES (1,2001,'Lump in Right Breast'),(1,2002,'MRM specimen'),(1,2005,'Received specimen of left/right modified radical mastectomy consists of resected breast and attached /separately lying axillary fat tissue. Resected breast measures ________           cm3. Overlying skin measures _______       cm2 . Attached /separately lying axillary tissue measures ________          cm3. Overlying skin, nipple and areola appears to be unremarkable.  A ulceration/suture /scar is identified measuring      cm .it is   cm away from nipple at        quadrant. (If surface is bosselated due to tumour than mention it). On serial cutting of specimen a single/multiple tumour is identified measuring         cm3 is seen at _____________quadrant. Tumour is ______        consistency. Areas of haemorrhage, necrosis is seen /not seen. Tumour is    __cm away from overlying skin and ______cm away from deep resected margin. Tumour lies (mention other margins) ____________________________________________________________ . On dissecting axillary tissue total __    lymph nodes are identified. Largest measures ___cm. Macroscopic tumour involvement is seen/not seen in _____lymph nodes. Soft tissue deposit of tumour is seen/not seen. (If seen than mention measurement).  '),(1,2006,'Sections from tumour show features of ‘invasive mammary carcinoma with no special type ‘.if other type than_________________________. Overall Histologic grade (Nottingham histologic score) is 1/2/3.[Glandular(Acinar /Tubular differentiation score 1/2/3, nuclear  pleomorphism 1,2,3, mitotic rate 1,2,3, Total score ____].Specimen has single/multiple  focus of invasive carcinoma .(if multiple than refer CAP). There is presence/absence of extensive lympho-vascular invasion. Overlying skin, nipple, and areola are uninvolved by invasive carcinoma. (If skin is involved than show CAP for exact wording)  Deep resected margin is uninvolved by invasive carcinoma.  Superior, inferior, medial, lateral resected margin are uninvolved by invasive carcinoma. Rest of breast shows ________________(if DCIS then refer  C AP) . Out of ________lymph nodes dissected from axillary tissue,____ are involved by invasive carcinoma . Extra nodal extension is present /absent.  Pathological staging (pTNM) -   '),(1,2007,'Overall histopathological features are that of Invasive Ductal Carcinoma- Not Otherwise Specified with Ductal Carcinoma In Situ Component- Comedo Type. Modified Bloom Richardson Grade- II (2+2+3). Pathological stage- pT2N0. Base is 1 mm away from tumour. Lymphovascular invasion and perinuclear invasion is not seen. Overlying skin, nipple, areola and all four margins are free from tumour. Total 15 lymphnodes are identified, all are free from tumour. '),(1,2009,'H&E'),(2,2001,'neck lymphadanopathy'),(3,5072,'As Dithionite test is positive, Band at HbS is likely to be of Hemoglobin S.\r\nPatient is (((Sickle cell disease))).\r\nCorrelate with clinical history.\r\n\r\n==========================================================================\r\nCommon Beta-variants that Migrate same as HbS position with Negative dithionite test\r\n--------------------------------------------------------------------------------\r\n	-HbD\r\n	-HbLepore\r\nCommon Beta-variants that Migrate same as HbA2 position with Negative dithionite test\r\n-----------------------------------------------------------------------------------\r\n	-HbO-Arab\r\n	-HbC\r\n	-HbE\r\nCommon Beta-variants that Migrate same as HbA2 position with Positive dithionite test\r\n-------------------------------------------------------------------------------------\r\n	-HbC(Herlem/Georgetown)\r\n\r\n'),(4,5072,'As Dithionite test is positive, Band at HbS is likely to be of Hemoglobin S.\r\nPatient is (((Sickle cell trait))).\r\nCorrelate with clinical history and history of blood Transfusion\r\nIf There is recent history of Blood transfusion, after three month of BT-free period or\r\nrepeat the examinations before next blood transfusion.	\r\n	\r\n\r\nCommon Beta-variants that Migrate same as HbA2 position with Negative dithionite test	\r\n-----------------------------------------------------------------------------------	\r\n	-HbO-Arab\r\n	-HbC\r\n	-HbE\r\nCommon Beta-variants that Migrate same as HbA2 position with Positive dithionite test	\r\n-------------------------------------------------------------------------------------	\r\n	-HbC(Herlem/Georgetown)\r\n'),(5,5078,'No M Band Seen.'),(6,5072,'Majority of Hemoglobin is HbA.Correlate Clinically\r\n==========================================================================\r\nCommon Beta-variants that Migrate same as HbS position with Negative dithionite test\r\n--------------------------------------------------------------------------------\r\n	-HbD\r\n	-HbLepore\r\nCommon Beta-variants that Migrate same as HbA2 position with Negative dithionite test\r\n-----------------------------------------------------------------------------------\r\n	-HbO-Arab\r\n	-HbC\r\n	-HbE\r\nCommon Beta-variants that Migrate same as HbA2 position with Positive dithionite test\r\n-------------------------------------------------------------------------------------\r\n	-HbC(Herlem/Georgetown)\r\n\r\n'),(7,5157,'=========mg/dL, Serum/Plasma========\r\nNeonate, Full Term, Total Bilirubin (NICE 2016)\r\nAge(Hours)      Phototherapy    Exchange Transfusion\r\n0               >5.8            >5.8\r\n6		>7.3		>8.8\r\n12		>8.8		>11.7\r\n18		>10.2		>14.8\r\n24		>11.7		>17.5\r\n30		>12.4		>20.5\r\n36		>13.2		>23.4\r\n42		>13.9		>26.3\r\n48              >14.6           >26.3\r\n54              >15.3           >26.3\r\n60              >16.1           >26.3\r\n66              >16.8           >26.3\r\n72              >17.5           >26.3\r\n78              >18.2           >26.3\r\n84              >19.0           >26.3\r\n90              >19.7           >26.3\r\n96+             >20.5           >26.3');
/*!40000 ALTER TABLE `prototype_data` ENABLE KEYS */;
UNLOCK TABLES;

--
-- Table structure for table `host_code`
--

DROP TABLE IF EXISTS `host_code`;
/*!40101 SET @saved_cs_client     = @@character_set_client */;
/*!40101 SET character_set_client = utf8 */;
CREATE TABLE `host_code` (
  `examination_id` int(11) NOT NULL,
  `equipment` enum('XL_640','XL_1000','VITROS3600','RP500','TOSOH') NOT NULL,
  `code` varchar(10) NOT NULL,
  PRIMARY KEY (`equipment`,`examination_id`),
  KEY `examination_id` (`examination_id`),
  CONSTRAINT `host_code_ibfk_1` FOREIGN KEY (`examination_id`) REFERENCES `examination` (`examination_id`)
) ENGINE=InnoDB DEFAULT CHARSET=latin1;
/*!40101 SET character_set_client = @saved_cs_client */;

--
-- Dumping data for table `host_code`
--

LOCK TABLES `host_code` WRITE;
/*!40000 ALTER TABLE `host_code` DISABLE KEYS */;
INSERT INTO `host_code` VALUES (5001,'XL_640','CR'),(5002,'XL_640','UREA'),(5006,'XL_640','ALT'),(5007,'XL_640','ALP'),(5008,'XL_640','AMY'),(5009,'XL_640','TBIL'),(5010,'XL_640','DBIL'),(5011,'XL_640','ALB'),(5012,'XL_640','TP'),(5013,'XL_640','AST'),(5014,'XL_640','CAL'),(5015,'XL_640','CHO'),(5016,'XL_640','CHOH'),(5017,'XL_640','CHOL'),(5018,'XL_640','TG'),(5019,'XL_640','Na'),(5020,'XL_640','K'),(5021,'XL_640','IRON'),(5022,'XL_640','TIBC'),(5023,'XL_640','UIBC'),(5024,'XL_640','IBIL'),(5025,'XL_640','LDH'),(5026,'XL_640','LIP'),(5027,'XL_640','UA'),(5028,'XL_640','CHOV'),(5029,'XL_640','GLC'),(5030,'XL_640','MPR'),(5031,'XL_640','GLC'),(5032,'XL_640','ADA'),(5033,'XL_640','ADA'),(5034,'XL_640','ADA'),(5035,'XL_640','GLC'),(5036,'XL_640','GLC'),(5037,'XL_640','TP'),(5038,'XL_640','TP'),(5039,'XL_640','LIP'),(5040,'XL_640','AMY'),(5041,'XL_640','LDH'),(5042,'XL_640','CHO'),(5043,'XL_640','TG'),(5044,'XL_640','AMY'),(5045,'XL_640','LIP'),(5046,'XL_640','LDH'),(5047,'XL_640','LDH'),(5048,'XL_640','Na'),(5049,'XL_640','K'),(5050,'XL_640','CAL'),(5051,'XL_640','PHO'),(5052,'XL_640','CR'),(5053,'XL_640','TP'),(5054,'XL_640','KTO'),(5055,'XL_640','UA'),(5080,'XL_640','TP'),(5081,'XL_640','MPR'),(5082,'XL_640','MPR'),(5083,'XL_640','Na'),(5084,'XL_640','CAL'),(5085,'XL_640','MPR'),(5092,'XL_640','CK'),(5093,'XL_640','CKMB'),(5100,'XL_640','PHO'),(5105,'XL_640','LDH'),(5106,'XL_640','AMY'),(5107,'XL_640','LIP'),(5108,'XL_640','GLC'),(5109,'XL_640','CHO'),(5110,'XL_640','TG'),(5111,'XL_640','MPR'),(5112,'XL_640','TP'),(5113,'XL_640','CHE'),(5121,'XL_640','CRPPP'),(5122,'XL_640','DIMER'),(5132,'XL_640','MGGG'),(5135,'XL_640','UREA'),(5136,'XL_640','GLC'),(5137,'XL_640','CR'),(5138,'XL_640','HCL'),(9001,'XL_640','CR'),(9002,'XL_640','UREA'),(9006,'XL_640','ALT'),(9007,'XL_640','ALP'),(9008,'XL_640','AMY'),(9009,'XL_640','TBIL'),(9010,'XL_640','DBIL'),(9011,'XL_640','ALB'),(9012,'XL_640','TP'),(9013,'XL_640','AST'),(9014,'XL_640','CAL'),(9015,'XL_640','CHO'),(9016,'XL_640','CHOH'),(9018,'XL_640','TG'),(9019,'XL_640','Na'),(9020,'XL_640','K'),(9021,'XL_640','IRON'),(9023,'XL_640','UIBC'),(9025,'XL_640','LDH'),(9027,'XL_640','UA'),(9031,'XL_640','GLC'),(9051,'XL_640','PHO'),(9081,'XL_640','MPR'),(9092,'XL_640','CK'),(9093,'XL_640','CKMB'),(9113,'XL_640','CHE'),(9114,'XL_640','HCL'),(9202,'XL_640','CRPPP'),(9204,'XL_640','DIMER'),(9210,'XL_640','MGGG'),(9217,'XL_640','LIP'),(5001,'XL_1000','CRR'),(5002,'XL_1000','UREE'),(5006,'XL_1000','ALTT'),(5007,'XL_1000','ALPP'),(5008,'XL_1000','AMYY'),(5009,'XL_1000','TBILL'),(5010,'XL_1000','DBILL'),(5011,'XL_1000','ALBB'),(5012,'XL_1000','TPP'),(5013,'XL_1000','ASTT'),(5014,'XL_1000','CALL'),(5015,'XL_1000','CHOO'),(5016,'XL_1000',''),(5018,'XL_1000','TGG'),(5019,'XL_1000','Naa'),(5020,'XL_1000','Kk'),(5021,'XL_1000','IRONN'),(5023,'XL_1000','UIBCC'),(5025,'XL_1000','LDHH'),(5026,'XL_1000','LIPP'),(5027,'XL_1000','UAA'),(5029,'XL_1000','GLCC'),(5030,'XL_1000','MPRR'),(5031,'XL_1000','GLCC'),(5032,'XL_1000','ADAA'),(5033,'XL_1000','ADAA'),(5034,'XL_1000','ADAA'),(5035,'XL_1000','GLCC'),(5036,'XL_1000','GLCC'),(5037,'XL_1000','TPP'),(5038,'XL_1000','TPP'),(5039,'XL_1000','LIPP'),(5040,'XL_1000','AMYY'),(5041,'XL_1000','LDHH'),(5042,'XL_1000','CHOO'),(5043,'XL_1000','TGG'),(5044,'XL_1000','AMYY'),(5045,'XL_1000','LIPP'),(5046,'XL_1000','LDHH'),(5047,'XL_1000','LDHH'),(5048,'XL_1000','Naa'),(5049,'XL_1000','Kk'),(5050,'XL_1000','CALL'),(5051,'XL_1000','PHOO'),(5052,'XL_1000','CRR'),(5053,'XL_1000','TPP'),(5054,'XL_1000','KTOO'),(5055,'XL_1000','UAA'),(5080,'XL_1000','TPP'),(5081,'XL_1000','MPRR'),(5082,'XL_1000','MPRR'),(5083,'XL_1000','Naa'),(5084,'XL_1000','CALL'),(5085,'XL_1000','MPRR'),(5092,'XL_1000','CKK'),(5093,'XL_1000','CKMBB'),(5100,'XL_1000','PHOO'),(5105,'XL_1000','LDHH'),(5106,'XL_1000','AMYY'),(5107,'XL_1000','LIPP'),(5108,'XL_1000','GLCC'),(5109,'XL_1000','CHOO'),(5110,'XL_1000','TGG'),(5111,'XL_1000','MPRR'),(5112,'XL_1000','TPP'),(5113,'XL_1000','CHEE'),(5114,'XL_1000','HCLL'),(5121,'XL_1000','CRPP'),(5122,'XL_1000','DDMR'),(5132,'XL_1000','MGG'),(5137,'XL_1000','CRR'),(5138,'XL_1000','HCLL'),(5182,'XL_1000','UALBB'),(9001,'XL_1000','CRR'),(9002,'XL_1000','UREE'),(9006,'XL_1000','ALTT'),(9007,'XL_1000','ALPP'),(9008,'XL_1000','AMYY'),(9009,'XL_1000','TBILL'),(9010,'XL_1000','DBILL'),(9011,'XL_1000','ALBB'),(9012,'XL_1000','TPP'),(9013,'XL_1000','ASTT'),(9014,'XL_1000','CALL'),(9015,'XL_1000','CHOO'),(9016,'XL_1000',''),(9018,'XL_1000','TGG'),(9019,'XL_1000','Naa'),(9020,'XL_1000','Kk'),(9021,'XL_1000','IRONN'),(9023,'XL_1000',''),(9025,'XL_1000','LDHH'),(9027,'XL_1000','UAA'),(9031,'XL_1000','GLCC'),(9051,'XL_1000','PHOO'),(9081,'XL_1000','MPRR'),(9092,'XL_1000','CKK'),(9093,'XL_1000','CKMBB'),(9113,'XL_1000','CHEE'),(9114,'XL_1000','HCLL'),(9202,'XL_1000','CRPP'),(9204,'XL_1000','DDMR'),(9210,'XL_1000','MGG'),(9217,'XL_1000','LIPP'),(9221,'XL_1000','DDMR'),(5115,'VITROS3600','002'),(5117,'VITROS3600','001'),(5118,'VITROS3600','031'),(5120,'VITROS3600','086'),(5123,'VITROS3600','082'),(5125,'VITROS3600','052'),(5127,'VITROS3600','004'),(5128,'VITROS3600','005'),(5129,'VITROS3600','011'),(5130,'VITROS3600','010'),(5131,'VITROS3600','009'),(5133,'VITROS3600','013'),(5140,'VITROS3600','014'),(5141,'VITROS3600','074'),(5142,'VITROS3600','032'),(5171,'VITROS3600','087'),(5175,'VITROS3600','091'),(9201,'VITROS3600','031'),(9203,'VITROS3600','001'),(9205,'VITROS3600','086'),(9206,'VITROS3600','002'),(9207,'VITROS3600','082'),(9209,'VITROS3600','052'),(9211,'VITROS3600','010'),(9212,'VITROS3600','009'),(9213,'VITROS3600','005'),(9214,'VITROS3600','004'),(9215,'VITROS3600','011'),(9216,'VITROS3600','013'),(9219,'VITROS3600','032'),(9220,'VITROS3600','074'),(5143,'RP500','mpH'),(5144,'RP500','mPCO2'),(5145,'RP500','mPO2'),(5148,'RP500','mNa+'),(5149,'RP500','mK+'),(5154,'RP500','cHCO3act'),(5159,'RP500','mLactate'),(5174,'TOSOH','SA1C'),(5178,'TOSOH','chrom'),(5179,'TOSOH','F'),(9222,'TOSOH','SA1C'),(9223,'TOSOH','chrom'),(9224,'TOSOH','F');
/*!40000 ALTER TABLE `host_code` ENABLE KEYS */;
UNLOCK TABLES;

--
-- Table structure for table `lab_reference_value`
--

DROP TABLE IF EXISTS `lab_reference_value`;
/*!40101 SET @saved_cs_client     = @@character_set_client */;
/*!40101 SET character_set_client = utf8 */;
CREATE TABLE `lab_reference_value` (
  `lab_reference_value_id` int(11) NOT NULL AUTO_INCREMENT,
  `mrd` varchar(5000) NOT NULL,
  `examination_id` int(11) NOT NULL,
  `equipment` varchar(100) NOT NULL,
  `start_date` date DEFAULT NULL,
  `start_time` time DEFAULT NULL,
  `end_date` date DEFAULT NULL,
  `end_time` time DEFAULT NULL,
  `mean` decimal(10,4) NOT NULL,
  `sd` decimal(10,4) NOT NULL,
  `remark` varchar(100) NOT NULL,
  PRIMARY KEY (`lab_reference_value_id`)
) ENGINE=InnoDB AUTO_INCREMENT=9408 DEFAULT CHARSET=utf8mb4;
/*!40101 SET character_set_client = @saved_cs_client */;

--
-- Dumping data for table `lab_reference_value`
--

LOCK TABLES `lab_reference_value` WRITE;
/*!40000 ALTER TABLE `lab_reference_value` DISABLE KEYS */;
INSERT INTO `lab_reference_value` VALUES (1,'QC/5/Randox/1369UE',9031,'XL_1000','2020-05-08','11:49:09','2020-06-16','11:50:00',108.0000,3.6700,''),(2,'QC/5/Randox/1369UE',9001,'XL_1000','2020-05-08','11:49:09','2020-06-16','11:50:00',1.4200,0.0800,''),(3,'QC/5/Randox/1369UE',9002,'XL_1000','2020-05-08','11:49:09','2020-06-16','11:50:00',43.5000,2.7000,''),(4,'QC/5/Randox/1369UE',9006,'XL_1000','2020-05-08','11:49:09','2020-12-07','11:50:00',32.6000,1.8000,''),(5,'QC/5/Randox/1369UE',9008,'XL_1000','2020-05-08','11:49:09','2020-06-16','11:50:00',91.8000,5.0000,''),(7,'QC/5/Randox/1369UE',9007,'XL_1000','2020-05-08','11:49:09','2020-06-16','11:50:00',171.9000,8.6000,''),(8,'QC/5/Randox/1369UE',9009,'XL_1000','2020-05-08','11:49:09','2020-06-16','11:50:00',1.5700,0.0700,''),(9,'QC/5/Randox/1369UE',9010,'XL_1000','2020-05-08','11:49:09','2020-06-16','11:50:00',0.8000,0.1000,''),(10,'QC/5/Randox/1369UE',9011,'XL_1000','2020-05-08','11:49:09','2020-06-16','11:50:00',4.0300,0.1600,''),(11,'QC/5/Randox/1369UE',9012,'XL_1000','2020-05-08','11:49:09','2020-06-16','11:50:00',5.5400,0.2000,''),(12,'QC/5/Randox/1369UE',9014,'XL_1000','2020-05-08','11:49:09','2020-06-16','11:50:00',8.1200,0.3000,''),(13,'QC/5/Randox/1369UE',9015,'XL_1000','2020-05-08','11:49:09','2020-06-16','11:50:00',142.0000,6.0000,''),(14,'QC/5/Randox/1369UE',9018,'XL_1000','2020-05-08','11:49:09','2020-06-16','11:50:00',93.0000,4.1800,''),(15,'QC/5/Randox/1369UE',9019,'XL_1000','2020-10-02','07:49:09','2020-12-07','11:50:00',143.0300,2.4000,'qc lot complete'),(16,'QC/5/Randox/1369UE',9020,'XL_1000','2020-10-03','07:49:09','2020-12-07','12:50:00',4.2100,0.1100,'achieved value of qc in calibration set as LJ mean'),(17,'QC/5/Randox/1369UE',9025,'XL_1000','2020-05-08','11:49:09','2020-06-16','11:50:00',221.4000,12.2000,''),(18,'QC/5/Randox/1369UE',9027,'XL_1000','2020-05-08','11:49:09','2020-06-16','11:50:00',5.7400,0.2200,''),(19,'QC/5/Randox/1369UE',9051,'XL_1000','2020-05-08','11:49:09','2020-06-16','11:50:00',4.1000,0.3000,''),(20,'QC/8/SPIN_CK/241',9092,'XL_1000','2020-05-08','11:49:09','2020-06-16','11:50:00',244.6700,7.2000,'use for CK and CKMB'),(21,'QC/8/SPIN_CK/241',9093,'XL_1000','2020-05-08','11:49:09','2020-06-16','11:50:00',140.4000,8.0000,'use for CK and CKMB'),(22,'QC/5/Randox/1369UE',9113,'XL_1000','2020-05-08','11:49:09','2020-12-07','11:50:00',5959.2000,519.8400,''),(23,'QC/5/Randox/1369UE',9021,'XL_1000','2020-05-08','11:49:09','2020-06-16','11:50:00',112.1000,7.0600,''),(24,'QC/8/Randox/1066UE',9021,'XL_1000','2020-05-08','11:49:09','2020-06-16','11:50:00',221.3000,12.4000,''),(25,'QC/5/Randox/1369UE',9016,'XL_1000','2020-05-08','11:49:09','2020-12-07','11:50:00',46.5000,4.1000,''),(26,'QC/8/Randox/1066UE',9016,'XL_1000','2020-05-08','11:49:09','2020-12-07','11:50:00',90.3000,5.4000,''),(27,'QC/8/Randox/1066UE',9001,'XL_1000','2020-05-08','11:49:09','2020-06-16','11:50:00',4.1300,0.1800,''),(28,'QC/8/Randox/1066UE',9002,'XL_1000','2020-05-08','11:49:09','2020-06-16','11:50:00',117.0000,6.5000,''),(29,'QC/8/Randox/1066UE',9006,'XL_1000','2020-05-08','11:49:09','2020-12-07','12:50:00',137.7000,6.1000,''),(30,'QC/8/Randox/1066UE',9007,'XL_1000','2020-05-08','11:49:09','2020-06-16','11:50:00',332.3100,17.1000,''),(31,'QC/8/Randox/1066UE',9008,'XL_1000','2020-05-08','11:49:09','2020-06-16','11:50:00',322.7000,12.6000,''),(32,'QC/8/Randox/1066UE',9009,'XL_1000','2020-05-08','11:49:09','2020-06-16','11:50:00',4.9200,0.1500,''),(33,'QC/8/Randox/1066UE',9010,'XL_1000','2020-05-08','11:49:09','2020-06-16','11:50:00',1.6000,0.1000,''),(34,'QC/8/Randox/1066UE',9011,'XL_1000','2020-05-08','11:49:09','2020-06-16','11:50:00',2.8800,0.1300,''),(35,'QC/8/Randox/1066UE',9012,'XL_1000','2020-05-08','11:49:09','2020-06-16','11:50:00',4.4700,0.2000,''),(36,'QC/8/Randox/1066UE',9014,'XL_1000','2020-05-08','11:49:09','2020-06-16','11:50:00',12.5100,0.6400,''),(37,'QC/8/Randox/1066UE',9015,'XL_1000','2020-05-08','11:49:09','2020-06-16','11:50:00',258.0000,11.1000,''),(38,'QC/8/Randox/1066UE',9018,'XL_1000','2020-05-08','11:49:09','2020-06-16','11:50:00',240.0000,11.7000,''),(39,'QC/8/Randox/1066UE',9019,'XL_1000','2020-10-02','07:49:09','2020-12-07','11:50:00',158.7500,3.4600,'qc lot complete'),(40,'QC/8/Randox/1066UE',9020,'XL_1000','2020-10-03','07:49:09','2020-12-07','12:50:00',5.7800,0.1600,'achieved value of qc in calibration set as LJ mean'),(41,'QC/8/Randox/1066UE',9027,'XL_1000','2020-05-08','11:49:09','2020-06-16','11:50:00',9.2000,0.4000,''),(42,'QC/8/Randox/1066UE',9031,'XL_1000','2020-05-08','11:49:09','2020-06-16','11:50:00',281.0000,8.6200,''),(43,'QC/8/Randox/1066UE',9051,'XL_1000','2020-05-08','11:49:09','2020-06-16','11:50:00',6.2000,0.3000,''),(45,'QC/8/Randox/1066UE',9025,'XL_1000','2020-05-08','11:49:09','2020-06-16','11:50:00',379.5000,20.5000,''),(46,'QC/5/Randox/1369UE',9031,'XL_640','2020-05-08','11:49:09','2020-12-07','13:50:00',108.0000,3.6700,''),(47,'QC/5/Randox/1369UE',9001,'XL_640','2020-05-08','11:49:09','2020-12-07','13:50:00',1.4200,0.0800,''),(48,'QC/8/Randox/1066UE',9001,'XL_640','2020-05-08','11:49:09','2020-12-07','13:50:00',4.1300,0.1800,''),(49,'QC/5/Randox/1369UE',9002,'XL_640','2020-05-08','11:49:09','2020-12-07','13:50:00',43.5000,2.7000,''),(50,'QC/8/Randox/1066UE',9002,'XL_640','2020-05-08','11:49:09','2020-12-07','13:50:00',117.0000,6.5000,''),(51,'QC/5/Randox/1369UE',9006,'XL_640','2020-05-08','11:49:09','2020-12-07','13:50:00',32.6000,1.8000,''),(52,'QC/8/Randox/1066UE',9006,'XL_640','2020-05-08','11:49:09','2020-12-07','13:50:00',137.7000,6.1000,''),(53,'QC/5/Randox/1369UE',9007,'XL_640','2020-05-08','11:49:09','2020-12-07','13:50:00',171.9000,8.6000,''),(54,'QC/8/Randox/1066UE',9007,'XL_640','2020-05-08','11:49:09','2020-12-07','13:50:00',332.3100,17.1000,''),(55,'QC/5/Randox/1369UE',9008,'XL_640','2020-05-08','11:49:09','2020-12-07','13:50:00',91.8000,5.0000,''),(56,'QC/8/Randox/1066UE',9008,'XL_640','2020-05-08','11:49:09','2020-12-07','13:50:00',322.7000,12.6000,''),(57,'QC/5/Randox/1369UE',9009,'XL_640','2020-05-08','11:49:09','2020-12-07','13:50:00',1.5700,0.0700,''),(58,'QC/8/Randox/1066UE',9009,'XL_640','2020-05-08','11:49:09','2020-12-07','13:50:00',4.9200,0.1500,''),(59,'QC/5/Randox/1369UE',9010,'XL_640','2020-05-08','11:49:09','2020-06-17','16:00:00',0.8000,0.1000,''),(60,'QC/8/Randox/1066UE',9010,'XL_640','2020-05-08','11:49:09','2020-06-17','16:00:00',1.6000,0.1000,''),(61,'QC/5/Randox/1369UE',9012,'XL_640','2020-05-08','11:49:09','2020-12-07','13:50:00',5.5400,0.2000,''),(62,'QC/8/Randox/1066UE',9012,'XL_640','2020-12-07','14:50:00','2020-12-07','13:50:00',4.4700,0.2000,''),(63,'QC/5/Randox/1369UE',9011,'XL_640','2020-05-08','11:49:09','2020-12-07','13:50:00',4.0300,0.1600,''),(64,'QC/8/Randox/1066UE',9011,'XL_640','2020-05-08','11:49:09','2020-12-07','13:50:00',2.8800,0.1300,''),(65,'QC/5/Randox/1369UE',9014,'XL_640','2020-05-08','11:49:09','2020-12-07','13:50:00',8.1200,0.3000,''),(66,'QC/8/Randox/1066UE',9014,'XL_640','2020-05-08','11:49:09','2020-12-07','13:50:00',12.5100,0.6400,''),(67,'QC/5/Randox/1369UE',9015,'XL_640','2020-05-08','11:49:09','2020-07-09','15:00:00',142.0000,6.0000,''),(68,'QC/8/Randox/1066UE',9015,'XL_640','2020-05-08','11:49:09','2020-07-09','15:00:00',258.0000,11.1000,''),(69,'QC/5/Randox/1369UE',9016,'XL_640','2020-05-08','11:49:09','2020-12-07','11:50:00',46.5000,4.1000,''),(70,'QC/8/Randox/1066UE',9016,'XL_640','2020-05-08','11:49:09','2020-12-07','13:50:00',90.3000,5.4000,''),(71,'QC/5/Randox/1369UE',9018,'XL_640','2020-05-08','11:49:09','2020-12-07','13:50:00',93.0000,4.1800,''),(72,'QC/8/Randox/1066UE',9018,'XL_640','2020-05-08','11:49:09','2020-12-07','13:50:00',256.0000,11.7000,''),(73,'QC/5/Randox/1369UE',9019,'XL_640','2020-05-08','11:49:09','2020-12-07','13:50:00',143.9000,2.4000,'qc lot complete'),(74,'QC/8/Randox/1066UE',9019,'XL_640','2020-05-08','11:49:09','2020-12-07','13:50:00',157.7000,3.4600,'qc lot complete'),(75,'QC/5/Randox/1369UE',9020,'XL_640','2020-05-08','11:49:09','2020-12-07','13:50:00',4.0500,0.1100,''),(76,'QC/8/Randox/1066UE',9020,'XL_640','2020-05-08','11:49:09','2020-12-07','13:50:00',5.8400,0.1600,''),(77,'QC/5/Randox/1369UE',9021,'XL_640','2020-05-08','11:49:09','2020-12-07','13:50:00',112.1000,7.0600,''),(78,'QC/8/Randox/1066UE',9021,'XL_640','2020-05-08','11:49:09','2020-12-07','13:50:00',221.3000,12.4000,''),(79,'QC/5/Randox/1369UE',9027,'XL_640','2020-05-08','11:49:09','2020-12-07','11:50:00',5.7400,0.2200,''),(81,'QC/8/Randox/1066UE',9027,'XL_640','2020-05-08','11:49:09','2020-12-07','13:50:00',9.2000,0.4000,''),(82,'QC/8/SPIN_CK/241',9093,'XL_640','2020-05-08','11:49:09','2020-10-13','11:50:00',140.4000,8.0000,'use for CK and CKMB'),(83,'QC/5/Randox/1369UE',9113,'XL_640','2020-05-08','11:49:09','2020-12-07','13:50:00',5959.2000,519.8400,''),(84,'QC/5/Randox/1369UE',9025,'XL_640','2020-05-08','11:49:09','2020-12-07','13:50:00',221.4000,12.2000,''),(85,'QC/8/Randox/1066UE',9025,'XL_640','2020-05-08','11:49:09','2020-12-07','13:50:00',379.5000,20.5000,''),(86,'QC/8/Randox/1066UE',9031,'XL_640','2020-05-08','11:49:09','2020-12-07','13:50:00',281.0000,8.6200,''),(87,'QC/5/Randox/1369UE',9051,'XL_640','2020-05-08','11:49:09','2020-08-13','09:50:00',4.1000,0.3000,''),(88,'QC/8/Randox/1066UE',9051,'XL_640','2020-05-08','11:49:09','2020-08-13','09:50:00',6.2000,0.3000,''),(89,'QC/5/Randox/1369UE',9031,'XL_1000','2020-06-16','12:50:00','2020-12-07','12:50:00',107.8000,3.6700,''),(90,'QC/5/Randox/1369UE',9001,'XL_1000','2020-06-16','12:50:00','2020-12-07','12:50:00',1.3900,0.0800,''),(91,'QC/5/Randox/1369UE',9002,'XL_1000','2020-06-16','12:50:00','2020-12-07','12:50:00',45.3000,2.7000,''),(92,'QC/5/Randox/1369UE',9006,'XL_1000','2020-06-16','12:50:00','2020-12-07','12:50:00',35.3000,1.8000,''),(93,'QC/5/Randox/1369UE',9008,'XL_1000','2020-06-16','12:50:00','2020-12-07','12:50:00',89.8000,5.0000,''),(94,'QC/5/Randox/1369UE',9007,'XL_1000','2020-06-16','12:50:00','2020-10-13','10:55:00',164.7000,8.6000,''),(95,'QC/5/Randox/1369UE',9009,'XL_1000','2020-06-16','12:50:00','2020-12-07','12:50:00',1.6000,0.0700,''),(96,'QC/5/Randox/1369UE',9010,'XL_1000','2020-06-16','12:50:00','2020-07-30','10:50:00',0.7500,0.1000,''),(97,'QC/5/Randox/1369UE',9011,'XL_1000','2020-06-16','12:50:00','2020-10-22','08:50:00',4.0500,0.1600,''),(98,'QC/5/Randox/1369UE',9012,'XL_1000','2020-06-16','12:50:00','2020-08-14','08:50:00',5.4200,0.2000,''),(99,'QC/5/Randox/1369UE',9014,'XL_1000','2020-06-16','12:50:00','2020-12-07','12:50:00',8.1300,0.3000,''),(100,'QC/5/Randox/1369UE',9015,'XL_1000','2020-07-05','07:55:00','2020-12-07','09:50:00',155.6000,6.0000,'Going near to literature sine august-2020'),(101,'QC/5/Randox/1369UE',9018,'XL_1000','2020-06-16','12:50:00','2020-12-07','12:50:00',94.1000,4.1800,''),(103,'QC/5/Randox/1369UE',9025,'XL_1000','2020-06-16','12:50:00','2020-09-19','12:50:00',209.8000,12.2000,''),(104,'QC/5/Randox/1369UE',9027,'XL_1000','2020-06-16','12:50:00','2020-12-07','12:50:00',5.7300,0.2200,''),(105,'QC/5/Randox/1369UE',9051,'XL_1000','2020-06-16','12:50:00','2020-08-13','09:50:00',4.1600,0.3000,''),(106,'QC/8/Randox/1066UE',9006,'XL_1000','2020-06-16','12:50:00','2020-12-07','12:50:00',144.9000,6.1000,''),(107,'QC/8/Randox/1066UE',9007,'XL_1000','2020-06-16','12:50:00','2020-07-24','12:55:00',322.1000,17.1000,''),(108,'QC/8/Randox/1066UE',9001,'XL_1000','2020-06-16','12:50:00','2020-12-07','12:50:00',4.1100,0.1800,''),(109,'QC/8/Randox/1066UE',9018,'XL_1000','2020-06-16','12:50:00','2020-12-07','12:50:00',253.2000,11.7000,''),(110,'QC/8/Randox/1066UE',9009,'XL_1000','2020-06-16','12:50:00','2020-12-07','12:50:00',5.1700,0.1500,''),(111,'QC/8/Randox/1066UE',9010,'XL_1000','2020-06-16','12:50:00','2020-07-30','10:50:00',1.3300,0.1000,''),(112,'QC/8/Randox/1066UE',9014,'XL_1000','2020-06-16','12:50:00','2020-12-07','12:50:00',12.8300,0.6400,''),(113,'QC/8/Randox/1066UE',9051,'XL_1000','2020-06-16','12:50:00','2020-08-13','09:50:00',6.3300,0.3000,''),(114,'QC/8/Randox/1066UE',9015,'XL_1000','2020-07-05','09:57:00','2020-12-07','07:50:00',274.7000,11.1000,'Going near to literature sine august-2020'),(115,'QC/8/Randox/1066UE',9025,'XL_1000','2020-06-16','12:50:00','2020-09-19','12:50:00',335.8000,20.5000,''),(116,'QC/8/Randox/1066UE',9002,'XL_1000','2020-06-16','12:50:00','2020-12-07','12:50:00',118.2000,6.5000,''),(117,'QC/8/Randox/1066UE',9008,'XL_1000','2020-06-16','12:50:00','2020-12-07','12:50:00',323.3000,12.6000,''),(118,'QC/8/Randox/1066UE',9027,'XL_1000','2020-06-16','12:50:00','2020-12-07','13:50:00',9.0300,0.4000,''),(119,'QC/8/Randox/1066UE',9012,'XL_1000','2020-06-16','12:50:00','2020-12-07','12:50:00',4.3200,0.2000,''),(120,'QC/8/Randox/1066UE',9031,'XL_1000','2020-06-16','12:50:00','2020-12-07','12:50:00',277.5000,8.6200,''),(121,'QC/8/Randox/1066UE',9011,'XL_1000','2020-06-16','12:50:00','2020-10-22','08:50:00',2.8300,0.1300,''),(122,'QC/5/Randox/1369UE',9010,'XL_640','2020-06-17','16:01:00','2020-07-30','23:50:00',0.6900,0.1000,''),(123,'QC/8/Randox/1066UE',9010,'XL_640','2020-06-17','16:01:00','2020-07-30','23:50:00',1.1400,0.1000,''),(124,'QC/5/Randox/1369UE',9021,'XL_1000','2020-06-23','09:00:09','2020-12-07','11:50:00',108.0000,7.0600,''),(125,'QC/8/Randox/1066UE',9021,'XL_1000','2020-06-23','09:00:00','2020-12-07','11:50:00',215.0000,12.4000,''),(126,'QC/8/SPIN_CK/241',9092,'XL_1000','2020-06-22','09:00:00','2020-10-13','11:50:00',243.0000,7.2000,'use for CK and CKMB'),(127,'QC/8/SPIN_CK/241',9092,'XL_640','2020-06-22','11:49:09','2020-10-13','11:50:00',244.6700,7.2000,'use for CK and CKMB'),(131,'QC/5/MPR/1320UN',9081,'XL_640','2020-12-05','09:00:00','2025-06-16','11:50:00',60.2000,5.0000,''),(132,'QC/8/MPR/1024UE',9081,'XL_640','2020-12-05','09:00:00','2025-06-16','11:50:00',40.5000,4.0000,''),(133,'QC/8/Randox/1066UE',9016,'XL_640','2020-07-07','02:00:09','2020-12-07','13:50:00',86.1800,7.0000,'changed after calibration mean and IQC means are similar'),(134,'QC/5/UN-6',9019,'XL_640','2020-07-08','11:00:00','2022-07-08','11:00:00',46.7700,6.6100,''),(135,'QC/5/UN-6',9020,'XL_640','2020-07-08','11:00:00','2022-07-08','11:00:00',17.9500,0.8500,''),(136,'QC/5/UN-6',9001,'XL_640','2020-07-08','11:00:00','2022-07-08','11:00:00',37.7600,1.8500,''),(137,'QC/5/UA-6',9051,'XL_640','2020-07-08','11:00:00','2020-10-15','11:00:00',10.3600,0.4200,''),(138,'QC/5/UA-6',9014,'XL_640','2020-07-08','11:00:00','2020-10-15','11:00:00',6.2000,0.3000,''),(139,'QC/5/UB-6',9027,'XL_640','2020-07-08','11:00:00','2022-07-08','11:00:00',10.0900,0.3800,''),(140,'QC/5/Randox/1369UE',9015,'XL_640','2020-07-09','15:10:09','2020-12-07','13:50:00',158.0000,6.0000,'mean  obtained during calibration is used'),(141,'QC/8/Randox/1066UE',9015,'XL_640','2020-07-09','15:10:09','2020-12-07','13:50:00',280.0000,11.1000,'mean  obtained during calibration is used'),(9013,'QC/5/Randox/1390UN',9013,'XL_640','2020-07-14','15:00:00','2021-05-18','12:50:00',33.0000,1.8000,''),(9014,'QC/8/Randox/1089UE',9013,'XL_640','2020-07-14','15:00:00','2021-05-18','12:50:00',151.0000,6.1000,''),(9015,'QC/0/BlankW',9031,'XL_1000','2020-07-24','10:00:00','2022-07-14','15:00:00',0.0000,1.8350,'for checking blank od precision. current qc 5 SD\'s half value set as SD'),(9016,'QC/0/BlankW',9012,'XL_1000','2020-07-24','10:00:00','2022-07-14','15:00:00',0.0000,0.1000,'for checking blank od precision. current qc 5 SD\'s half value set as SD'),(9017,'QC/0/BlankW',9011,'XL_1000','2020-07-24','10:00:00','2022-07-14','15:00:00',0.0000,0.0800,'for checking blank od precision. current qc 5 SD\'s half value set as SD'),(9018,'QC/0/BlankW',9027,'XL_1000','2020-07-24','10:00:00','2022-07-14','15:00:00',0.0000,0.1100,'for checking blank od precision. current qc 5 SD\'s half value set as SD'),(9019,'QC/0/BlankW',9014,'XL_1000','2020-07-24','10:00:00','2022-07-14','15:00:00',0.0000,0.1500,'for checking blank od precision. current qc 5 SD\'s half value set as SD'),(9020,'QC/0/BlankW',9051,'XL_1000','2020-07-24','10:00:00','2022-07-14','15:00:00',0.0000,0.1500,'for checking blank od precision. current qc 5 SD\'s half value set as SD'),(9021,'QC/0/BlankW',9015,'XL_1000','2020-07-24','10:00:00','2022-07-14','15:00:00',0.0000,3.0000,'for checking blank od precision. current qc 5 SD\'s half value set as SD'),(9022,'QC/0/BlankW',9018,'XL_1000','2020-07-24','10:00:00','2022-07-14','15:00:00',0.0000,2.0900,'for checking blank od precision. current qc 5 SD\'s half value set as SD'),(9024,'QC/8/Randox/1066UE',9007,'XL_1000','2020-07-24','12:56:00','2020-08-14','09:00:00',336.0000,17.1000,'Achieved value of qc in last calibration set as LJ mean'),(9025,'QC/5/Randox/1369UE',9010,'XL_1000','2020-07-30','11:56:00','2020-12-07','12:55:00',0.7500,0.0600,'Due to round up of 0.06 which is previous sd was 1.00 which is now set as 0.06 '),(9026,'QC/8/Randox/1066UE',9010,'XL_1000','2020-07-30','11:56:00','2020-12-07','12:55:00',1.3300,0.0800,'previous sd 1 was due to round up sd now set 0.08'),(9027,'QC/5/Randox/1369UE',9010,'XL_640','2020-07-30','20:56:00','2020-12-07','13:50:00',0.6900,0.0600,'previous round up sd was 0.10 now set as 0.06'),(9028,'QC/8/Randox/1066UE',9010,'XL_640','2020-07-30','23:56:00','2020-12-07','13:50:00',1.1400,0.0800,'previous round sd was 0.10 now set 0.08'),(9051,'QC/5/Randox/1369UE',9051,'XL_1000','2020-08-13','10:56:00','2020-12-07','12:50:00',4.5700,0.3000,'reagent SOP changed achieved value in calibration set as target'),(9053,'QC/8/Randox/1066UE',9051,'XL_1000','2020-08-13','10:10:00','2020-12-07','09:50:00',6.6800,0.3000,'reagent SOP changed achieved value in calibration set as target'),(9054,'QC/5/Randox/1369UE',9051,'XL_640','2020-08-13','10:19:00','2020-12-07','13:50:00',4.5200,0.3000,'reagent SOP changed achieved value in calibration set as target'),(9055,'QC/8/Randox/1066UE',9051,'XL_640','2020-08-13','10:19:09','2020-12-07','13:50:00',6.7900,0.3000,'reagent SOP changed achieved value in calibration set as target'),(9056,'QC/5/Randox/1369UE',9012,'XL_1000','2020-08-14','09:10:00','2020-12-07','12:50:00',5.7000,0.2000,'achieved value in calibration set as a target because high qc result'),(9057,'QC/8/Randox/1066UE',9012,'XL_1000','2020-08-14','09:10:00','2020-12-07','12:50:00',4.6000,0.2000,'achieved value in calibration set as a target because high qc result'),(9059,'QC/8/Randox/1066UE',9007,'XL_1000','2020-10-13','11:10:00','2020-12-07','12:50:00',317.7600,17.1000,'mean changed due to higher mean was set'),(9060,'QC/5/Randox/1369UE',9023,'XL_640','2020-07-07','10:00:09','2020-12-08','12:50:00',138.6000,12.0000,''),(9061,'QC/5/MPR/1320UN',9081,'XL_1000','2020-08-27','10:10:00','2025-08-13','09:50:00',60.2000,5.0000,''),(9062,'QC/8/MPR/1024UE',9081,'XL_1000','2020-08-27','10:10:00','2025-08-13','09:50:00',40.5000,4.0000,''),(9063,'QC/8/SPIN_CK/241',9093,'XL_1000','2020-09-02','09:00:00','2020-10-13','11:00:00',140.4000,8.0000,'lj mean of xl-640 set as a lj mean'),(9064,'QC/5/Randox/1369UE',9023,'XL_1000','2020-08-01','11:00:00','2020-12-08','12:50:00',138.6000,12.0000,'LJ MEAN OF XL-640 SET AS A LJ MEAN'),(9065,'QC/5/Randox/1369UE',9007,'XL_1000','2020-10-13','11:10:00','2020-12-07','11:50:00',160.1400,8.6000,'mean changed due to higher mean was set'),(9066,'QC/5/randox/1369UE',9025,'XL_1000','2020-09-19','13:00:00','2020-12-07','12:50:00',210.0000,12.2000,'achieved value of qc in calibration set'),(9067,'QC/8/Randox/1066UE',9025,'XL_1000','2020-09-19','13:00:00','2020-12-07','12:50:00',364.0000,20.5000,'achieved value of qc in calibration set'),(9093,'QC/8/SPIN_CK/241',9093,'XL_640','2020-10-13','11:55:00','2021-07-15','11:55:00',136.0000,8.0000,'New lot came in use'),(9094,'QC/8/SPIN_CK/241',9093,'XL_1000','2020-10-13','11:55:00','2021-07-15','11:55:00',136.0000,8.0000,'New lot came in use'),(9095,'QC/8/SPIN_CK/241',9092,'XL_640','2020-10-13','11:55:00','2021-07-15','11:55:00',259.0000,7.2000,'New lot came in use'),(9096,'QC/8/SPIN_CK/241',9092,'XL_1000','2020-10-13','11:55:00','2021-07-15','11:55:00',259.0000,7.2000,'New lot came in use'),(9097,'QC/5/UA-6',9014,'XL_640','2020-10-15','11:55:00','2022-10-13','11:55:00',17.7300,0.4100,'new qc lot '),(9098,'QC/5/UA-6',9051,'XL_640','2020-10-15','11:55:00','2022-10-13','11:55:00',132.1200,3.6900,'new qc lot'),(9099,'QC/5/Randox/1369UE',9011,'XL_1000','2020-10-22','09:10:00','2020-12-07','08:50:00',4.2100,0.1600,'Literature value set as a LJ mean'),(9100,'QC/8/Randox/1066UE',9011,'XL_1000','2020-10-22','09:10:00','2020-12-07','08:50:00',2.9600,0.1300,'Literature value set as a LJ mean'),(9101,'QC/5/UN-6',9001,'XL_1000','2020-10-27','11:55:00','2022-10-13','11:55:00',40.7400,1.7800,'new qc lot'),(9102,'QC/5/UA-6',9014,'XL_1000','2020-10-27','11:55:00','2022-10-13','11:55:00',17.8100,0.5700,'new qc lot'),(9103,'QC/5/UN-6',9019,'XL_1000','2020-10-27','11:55:00','2022-10-13','11:55:00',51.6700,2.2500,'new qc lot'),(9104,'QC/5/UN-6',9020,'XL_1000','2020-10-27','11:55:00','2022-10-13','11:55:00',21.4700,1.2200,'new qc lot'),(9105,'QC/5/UA-6',9051,'XL_1000','2020-10-27','11:55:00','2022-10-13','11:55:00',262.5300,4.0400,'new qc lot'),(9106,'QC/5/UB-6',9027,'XL_1000','2020-10-27','11:55:00','2022-10-13','11:55:00',8.8800,0.9500,'new qc lot'),(9107,'QC/5/Randox/1390UN',9019,'XL_1000','2020-12-07','12:50:00','2021-05-20','10:50:00',141.5100,2.4000,'new qc lot '),(9108,'QC/8/Randox/1089UE',9019,'XL_1000','2020-12-07','12:50:00','2021-05-20','10:50:00',159.5500,2.5400,'new qc lot'),(9109,'QC/5/Randox/1390UN',9020,'XL_1000','2020-12-07','12:50:00','2021-05-20','09:50:00',4.0800,0.1100,'new qc lot'),(9110,'QC/8/Randox/1089UE',9020,'XL_1000','2020-12-07','12:50:00','2021-05-20','09:50:00',6.0300,0.1600,'new qc lot'),(9111,'QC/5/Randox/1390UN',9006,'XL_1000','2020-12-07','12:50:00','2021-05-20','09:50:00',40.7000,2.2000,'new qc lot'),(9112,'QC/8/Randox/1089UE',9006,'XL_1000','2020-12-07','12:50:00','2021-05-20','09:50:00',164.5000,6.3000,'new qc lot'),(9113,'QC/5/Randox/1390UN',9113,'XL_1000','2020-12-07','12:50:00','2021-05-20','09:50:00',5510.7000,432.0000,'new qc lot'),(9114,'QC/8/Randox/1089UE',9007,'XL_1000','2020-12-07','12:50:00','2021-05-20','09:50:00',273.0000,19.0000,'new qc lot'),(9115,'QC/5/Randox/1390UN',9001,'XL_1000','2020-12-07','12:50:00','2021-05-20','09:50:00',1.4600,0.0900,'new qc lot'),(9116,'QC/8/Randox/1089UE',9001,'XL_1000','2020-12-07','12:50:00','2021-05-20','09:50:00',4.1100,0.1500,'new qc lot'),(9117,'QC/5/Randox/1390UN',9018,'XL_1000','2020-12-07','12:50:00','2021-05-20','09:50:00',93.6000,3.1000,'new qc lot'),(9118,'QC/8/Randox/1089UE',9018,'XL_1000','2020-12-07','12:50:00','2021-05-20','09:50:00',247.2000,12.0000,'new qc lot'),(9119,'QC/5/Randox/1390UN',9009,'XL_1000','2020-12-07','12:50:00','2021-05-20','09:50:00',1.6700,0.0700,'new qc lot'),(9120,'QC/8/Randox/1089UE',9009,'XL_1000','2020-12-07','12:50:00','2021-05-20','09:50:00',5.1300,0.1200,'new qc lot'),(9121,'QC/5/Randox/1390UN',9010,'XL_1000','2020-12-07','12:50:00','2021-05-20','09:50:00',0.7900,0.0600,'new qc lot'),(9122,'QC/8/Randox/1089UE',9010,'XL_1000','2020-12-07','12:50:00','2021-05-20','09:50:00',1.3600,0.0800,'new qc lot'),(9123,'QC/5/Randox/1390UN',9014,'XL_1000','2020-12-07','12:50:00','2021-05-20','09:50:00',8.9000,0.3800,'new qc lot'),(9124,'QC/8/Randox/1089UE',9014,'XL_1000','2020-12-07','12:50:00','2021-05-20','09:50:00',12.6100,0.6200,'new qc lot'),(9125,'QC/5/Randox/1390UN',9051,'XL_1000','2020-12-07','12:50:00','2021-05-20','09:50:00',4.2000,0.2400,'new qc lot'),(9126,'QC/8/Randox/1089UE',9051,'XL_1000','2020-12-07','12:50:00','2021-05-20','09:50:00',6.6300,0.2700,'new qc lot'),(9127,'QC/5/Randox/1390UN',9015,'XL_1000','2020-12-07','12:50:00','2021-05-20','09:50:00',158.6000,6.0000,'new qc lot'),(9128,'QC/8/Randox/1089UE',9015,'XL_1000','2020-12-07','12:50:00','2021-05-20','09:50:00',278.4000,7.4000,'new qc lot'),(9129,'QC/5/Randox/1390UN',9025,'XL_1000','2020-12-07','12:50:00','2021-05-20','09:50:00',185.9000,15.3000,'new qc lot'),(9130,'QC/8/Randox/1089UE',9025,'XL_1000','2020-12-07','12:50:00','2021-05-20','09:50:00',338.2000,21.7000,'new qc lot'),(9131,'QC/5/Randox/1390UN',9002,'XL_1000','2020-12-07','12:50:00','2021-05-20','09:50:00',42.6000,2.2000,'new qc lot'),(9132,'QC/8/Randox/1089UE',9002,'XL_1000','2020-12-07','12:50:00','2021-05-20','09:50:00',119.0000,5.5000,'new qc lot'),(9133,'QC/5/Randox/1390UN',9008,'XL_1000','2020-12-07','12:50:00','2021-02-12','11:50:00',86.0000,2.9000,'new qc lot'),(9134,'QC/8/Randox/1089UE',9008,'XL_1000','2020-12-07','12:50:00','2021-02-12','11:50:00',303.9000,9.9000,'new qc lot'),(9135,'QC/5/Randox/1390UN',9027,'XL_1000','2020-12-07','12:50:00','2021-05-20','09:50:00',5.7400,0.1900,'new qc lot'),(9136,'QC/8/Randox/1089UE',9027,'XL_1000','2020-12-07','12:50:00','2021-05-20','09:50:00',9.2900,0.2300,'new qc lot'),(9137,'QC/5/Randox/1390UN',9012,'XL_1000','2020-12-07','12:50:00','2021-05-20','09:50:00',5.5200,0.2000,'new qc lot'),(9138,'QC/8/Randox/1089UE',9012,'XL_1000','2020-12-07','12:50:00','2021-05-20','09:50:00',4.9700,0.1900,'new qc lot'),(9139,'QC/5/Randox/1390UN',9031,'XL_1000','2020-12-07','12:50:00','2021-05-20','09:50:00',106.1000,3.1000,'new qc lot'),(9140,'QC/8/Randox/1089UE',9031,'XL_1000','2020-12-07','12:50:00','2021-05-20','09:50:00',278.5000,7.6300,'new qc lot'),(9141,'QC/5/Randox/1390UN',9011,'XL_1000','2020-12-07','12:50:00','2021-05-20','09:50:00',4.1700,0.1700,'new qc lot'),(9142,'QC/8/Randox/1089UE',9011,'XL_1000','2020-12-07','12:50:00','2021-05-20','09:50:00',3.1400,0.1200,'new qc lot'),(9143,'QC/5/Randox/1390UN',9021,'XL_1000','2020-12-07','12:50:00','2021-05-20','09:50:00',116.0000,7.3000,'new qc lot'),(9144,'QC/8/Randox/1089UE',9021,'XL_1000','2020-12-07','12:50:00','2021-05-20','09:50:00',231.6000,12.5000,'new qc lot'),(9146,'QC/5/Randox/1390UN',9016,'XL_1000','2020-12-07','12:50:00','2021-05-20','09:50:00',55.8000,4.1000,'new qc lot'),(9147,'QC/8/Randox/1089UE',9016,'XL_1000','2020-12-07','12:50:00','2021-05-20','09:50:00',109.2000,8.9000,'new qc lot'),(9148,'QC/5/Randox/1390UN',9019,'XL_640','2020-12-07','12:50:00','2021-05-18','09:50:00',142.3900,2.4000,'new qc lot'),(9149,'QC/8/Randox/1089UE',9019,'XL_640','2020-12-07','12:50:00','2021-05-18','09:50:00',160.3000,3.4600,'new qc lot'),(9150,'QC/5/Randox/1390UN',9020,'XL_640','2020-05-18','09:50:00','2021-05-18','09:50:00',4.0200,0.1400,'new qc lot'),(9151,'QC/8/Randox/1089UE',9020,'XL_640','2020-05-18','09:50:00','2021-05-18','09:50:00',6.1300,0.2000,'new qc lot'),(9152,'QC/5/Randox/1390UN',9006,'XL_640','2020-12-07','12:50:00','2021-05-18','09:50:00',36.9000,2.5000,'new qc lot'),(9154,'QC/5/Randox/1390UN',9007,'XL_640','2020-12-07','12:50:00','2021-05-18','09:50:00',166.6000,8.0000,'new qc lot'),(9155,'QC/5/Randox/1390UN',9001,'XL_640','2020-12-07','12:50:00','2021-05-18','09:50:00',1.4300,0.0900,'new qc lot'),(9156,'QC/8/Randox/1089UE',9001,'XL_640','2020-12-07','12:50:00','2021-05-18','09:50:00',4.0500,0.1800,'new qc lot'),(9157,'QC/5/Randox/1390UN',9018,'XL_640','2020-12-07','12:50:00','2021-05-18','09:50:00',89.2000,4.2000,'new qc lot'),(9158,'QC/8/Randox/1089UE',9018,'XL_640','2020-12-07','12:50:00','2021-05-18','09:50:00',243.2000,10.5000,'new qc lot'),(9159,'QC/5/Randox/1390UN',9009,'XL_640','2020-12-07','12:50:00','2021-05-18','09:50:00',1.6700,0.0700,'new qc lot'),(9160,'QC/8/Randox/1089UE',9009,'XL_640','2020-12-07','12:50:00','2021-05-18','09:50:00',5.1200,0.1700,'new qc lot'),(9161,'QC/5/Randox/1390UN',9010,'XL_640','2020-12-07','12:50:00','2021-05-18','09:50:00',0.7400,0.0700,'new qc lot'),(9162,'QC/8/Randox/1089UE',9010,'XL_640','2020-12-07','12:50:00','2021-05-18','09:50:00',1.1900,0.0800,'new qc lot'),(9163,'QC/5/Randox/1390UN',9014,'XL_640','2020-12-07','12:50:00','2021-05-18','09:50:00',8.4100,0.3800,'new qc lot'),(9164,'QC/8/Randox/1089UE',9014,'XL_640','2020-12-07','12:50:00','2021-05-18','09:50:00',12.2800,0.6100,'new qc lot'),(9165,'QC/5/Randox/1390UN',9051,'XL_640','2020-12-07','14:50:00','2021-05-18','09:50:00',3.9500,0.2900,'new qc lot'),(9166,'QC/8/Randox/1089UE',9051,'XL_640','2020-12-07','14:50:00','2021-05-18','09:50:00',6.6100,0.3000,'new qc lot'),(9167,'QC/5/Randox/1390UN',9015,'XL_640','2020-12-07','14:50:00','2021-05-18','09:50:00',158.0000,6.5000,'new qc lot'),(9168,'QC/8/Randox/1089UE',9015,'XL_640','2020-12-07','14:50:00','2021-05-18','09:50:00',279.9000,10.7000,'new qc lot'),(9169,'QC/5/Randox/1390UN',9025,'XL_640','2020-12-07','14:50:00','2021-05-18','09:50:00',201.5000,11.3000,'new qc lot'),(9170,'QC/8/Randox/1089UE',9025,'XL_640','2020-12-07','14:50:00','2021-05-18','09:50:00',374.1000,20.3000,'new qc lot'),(9171,'QC/5/Randox/1390UN',9002,'XL_640','2020-12-07','14:50:00','2021-05-18','09:50:00',43.3000,2.7000,'new qc lot'),(9172,'QC/8/Randox/1089UE',9002,'XL_640','2020-12-07','14:50:00','2021-05-18','09:50:00',123.1000,7.9000,'new qc lot'),(9173,'QC/5/Randox/1390UN',9008,'XL_640','2020-12-07','14:50:00','2021-05-18','09:50:00',90.8000,4.4000,'new qc lot'),(9174,'QC/8/Randox/1089UE',9008,'XL_640','2020-12-07','14:50:00','2021-05-18','09:50:00',318.2000,14.1000,'new qc lot'),(9175,'QC/5/Randox/1390UN',9027,'XL_640','2020-12-07','14:50:00','2021-05-18','09:50:00',5.5000,0.2300,'new qc lot'),(9176,'QC/8/Randox/1089UE',9027,'XL_640','2020-12-07','14:50:00','2021-05-18','09:50:00',8.9800,0.3900,'new qc lot'),(9177,'QC/5/Randox/1390UN',9012,'XL_640','2020-12-07','14:50:00','2021-05-18','09:50:00',5.7200,0.2200,'new qc lot'),(9178,'QC/8/Randox/1089UE',9012,'XL_640','2020-12-07','14:50:00','2021-05-18','09:50:00',5.0700,0.2100,'new qc lot'),(9179,'QC/5/Randox/1390UN',9031,'XL_640','2020-12-07','14:50:00','2021-05-18','09:50:00',105.6000,3.6700,'new qc lot'),(9180,'QC/8/Randox/1089UE',9031,'XL_640','2020-12-07','14:50:00','2021-05-18','09:50:00',274.2000,9.2000,'new qc lot'),(9181,'QC/5/Randox/1390UN',9011,'XL_640','2020-12-07','14:50:00','2021-03-15','12:50:00',3.9900,0.1900,'new qc lot'),(9182,'QC/8/Randox/1089UE',9011,'XL_640','2020-12-07','14:50:00','2021-03-15','12:50:00',2.9700,0.1400,'new qc lot'),(9183,'QC/5/Randox/1390UN',9021,'XL_640','2020-12-07','14:50:00','2021-05-18','09:50:00',117.5000,7.0000,'new qc lot'),(9184,'QC/8/Randox/1089UE',9021,'XL_640','2020-12-07','14:50:00','2021-05-18','09:50:00',234.7000,12.4000,'new qc lot'),(9185,'QC/5/Randox/1390UN',9113,'XL_640','2020-12-07','14:50:00','2021-05-18','09:50:00',5287.6000,571.6000,'new qc lot'),(9186,'QC/5/Randox/1390UN',9016,'XL_640','2020-12-07','14:50:00','2021-05-18','09:50:00',50.1000,4.8000,'new qc lot'),(9187,'QC/8/Randox/1089UE',9016,'XL_640','2020-12-07','14:50:00','2021-05-18','09:50:00',100.8000,8.6000,'new qc lot'),(9188,'QC/5/Randox/1390UN',9007,'XL_1000','2020-12-07','14:50:00','2021-05-20','09:50:00',155.8000,10.6000,'new qc lot'),(9189,'QC/8/Randox/1089UE',9007,'XL_640','2020-12-07','14:50:00','2021-05-18','09:50:00',296.4000,15.1000,'new qc lot'),(9190,'QC/5/Randox/1390UN',9023,'XL_640','2020-12-08','12:50:00','2021-05-17','12:50:00',97.0000,12.0000,'new qc lot'),(9191,'QC/5/Randox/1390UN',9023,'XL_1000','2020-12-08','12:50:00','2021-05-18','12:50:00',97.0000,12.0000,'new qc lot'),(9192,'QC/5/IPOOL/01',9201,'VITROS3600','2020-12-17','12:50:00','2021-04-04','12:50:00',125.0000,12.5000,'SD decided from TAE, will be updated from 20 datas.'),(9193,'QC/5/IPOOL/01',9206,'VITROS3600','2020-12-17','12:50:00','2022-12-08','12:50:00',1.0000,1.0000,'SD decided from TAE, will be updated from 20 datas.'),(9194,'QC/5/IPOOL/01',9203,'VITROS3600','2020-12-17','12:50:00','2021-04-04','12:50:00',6.3900,0.3200,'SD decided from TAE, will be updated from 20 datas.'),(9195,'QC/5/IPOOL/01',9205,'VITROS3600','2020-12-17','12:50:00','2021-05-30','12:50:00',0.0500,0.0030,'SD decided from TAE, will be updated from 20 datas.'),(9196,'QC/5/IPOOL/01',9207,'VITROS3600','2020-12-17','12:50:00','2021-05-29','12:50:00',4.1700,0.1400,'SD decided from TAE, will be updated from 20 datas.'),(9197,'QC/5/IPOOL/01',9209,'VITROS3600','2020-12-17','12:50:00','2021-05-29','12:50:00',229.0000,15.2700,'SD decided from TAE, will be updated from 20 datas.'),(9198,'QC/5/IPOOL/01',9202,'XL_1000','2020-12-08','12:50:00','2021-04-28','12:50:00',8.4700,1.9300,'new qc lot'),(9201,'QC/8/IPOOL/01',9201,'VITROS3600','2020-12-23','09:50:00','2021-04-04','12:50:00',851.3500,85.1000,'SD of QC-5 is entered '),(9204,'QC/8/IPOOL/01',9203,'VITROS3600','2020-12-26','09:57:00','2021-04-04','09:50:00',2.9700,0.1500,'after 20 data we will change mean and sd'),(9206,'QC/8/IPOOL/01',9205,'VITROS3600','2020-12-26','09:55:00','2021-05-30','09:50:00',3.7600,0.0800,'after 20 data we will change mean and sd'),(9207,'QC/8/IPOOL/01',9207,'VITROS3600','2020-12-26','09:55:00','2021-05-29','09:50:00',638.6000,20.8600,'after 20 data we will change mean and sd'),(9208,'QC/8/IPOOL/01',9209,'VITROS3600','2020-12-26','09:55:00','2021-05-29','09:50:00',2410.0000,160.6700,'after 20 data we will change mean and sd'),(9209,'QC/5/IPOOL/01',9211,'VITROS3600','2020-12-26','09:55:00','2021-04-04','09:50:00',9.2300,0.5100,'after 20 data we will change mean and sd'),(9210,'QC/8/IPOOL/01',9211,'VITROS3600','2020-12-26','09:55:00','2021-04-04','09:50:00',7.6200,1.0000,'after 20 data we will change mean and sd'),(9211,'QC/5/IPOOL/01',9212,'VITROS3600','2020-12-26','09:55:00','2021-04-04','09:50:00',5.2000,0.3400,'after 20 data we will change mean and sd'),(9212,'QC/8/IPOOL/01',9212,'VITROS3600','2020-12-26','09:55:00','2021-04-04','09:50:00',7.2400,1.0000,'after 20 data we will change mean and sd'),(9213,'QC/5/IPOOL/01',9213,'VITROS3600','2020-12-26','09:55:00','2021-04-04','09:50:00',4.6300,0.2300,'after 20 data we will change mean and sd'),(9214,'QC/8/IPOOL/01',9213,'VITROS3600','2020-12-26','09:55:00','2021-04-04','09:50:00',4.0900,1.0000,'after 20 data we will change mean and sd'),(9215,'QC/5/IPOOL/01',9214,'VITROS3600','2020-12-26','09:55:00','2021-04-04','09:50:00',17.3000,0.5800,'after 20 data we will change mean and sd'),(9216,'QC/8/IPOOL/01',9214,'VITROS3600','2020-12-26','09:55:00','2021-04-04','09:50:00',20.3000,1.0000,'after 20 data we will change mean and sd'),(9217,'QC/5/IPOOL/01',9215,'VITROS3600','2020-12-26','09:55:00','2021-04-04','09:50:00',187.2000,12.4700,'after 20 data we will change mean and sd'),(9218,'QC/8/IPOOL/01',9215,'VITROS3600','2020-12-26','09:55:00','2021-04-04','09:50:00',297.8000,1.0000,'after 20 data we will change mean and sd'),(9219,'QC/5/IPOOL/01',9216,'VITROS3600','2020-12-26','09:55:00','2021-04-04','09:50:00',1.0000,1.0000,'after 20 data we will change mean and sd'),(9220,'QC/8/IPOOL/01',9216,'VITROS3600','2020-12-26','09:55:00','2021-04-04','09:50:00',2.3900,1.0000,'after 20 data we will change mean and sd'),(9221,'QC/8/IPOOL/01',9202,'XL_1000','2020-12-26','09:55:00','2021-04-28','12:50:00',98.1700,22.4600,'after 20 data we will change mean and sd'),(9222,'QC/5/Randox/1390UN',9210,'XL_1000','2020-12-24','09:55:00','2021-05-19','07:00:00',1.9000,0.1600,'ACHIEVED VALUE IN CALIBRATION SET AS A LJ MEAN AND SD AFTER 20 DATA WILL BE CHANGED'),(9223,'QC/8/Randox/1089UE',9210,'XL_1000','2020-12-24','09:55:00','2021-05-19','07:00:00',4.0000,0.3300,'ACHIEVED VALUE IN CALIBRATION SET AS A LJ MEAN AND SD AFTER 20 DATA WILL BE CHANGED'),(9224,'QC/0/BlankW',9210,'XL_1000','2020-12-24','12:50:00','2022-12-08','12:50:00',0.0000,0.1600,'after achieving sd of qc 5 thios sd will be updated'),(9225,'QC/5/Randox/1242UE(D)',9081,'XL_640','2020-05-01','09:50:00','2020-12-05','08:50:00',60.2000,5.0000,''),(9226,'QC/8/Randox/961UE(D)',9081,'XL_640','2020-04-01','09:50:00','2020-12-05','08:50:00',40.5000,4.0000,''),(9227,'QC/8/Randox/1089UE',9006,'XL_640','2020-12-07','11:50:00','2021-05-18','09:50:00',152.5000,7.8000,'new qc lot'),(9228,'QC/5/Randox/1390UN',9008,'XL_1000','2021-02-12','11:50:00','2021-05-20','09:50:00',86.0000,4.1100,'SD changed due to narrow sd'),(9229,'QC/8/Randox/1089UE',9008,'XL_1000','2021-02-12','11:50:00','2021-05-20','09:50:00',310.9000,9.9000,'Mean changed due to going near to literature'),(9231,'QC/5/Randox/1390UN',9011,'XL_640','2021-03-15','12:51:00','2021-05-18','09:50:00',4.1900,0.1900,'Mean changed due to going near to literature'),(9232,'QC/8/Randox/1089UE',9011,'XL_640','2021-03-15','12:51:00','2021-05-18','09:50:00',3.1300,0.1400,'Mean changed due to going near to literature'),(9233,'QC/5/Lipase',9217,'XL_640','2021-03-17','11:50:00','2023-02-12','10:50:00',5.8900,1.1000,'New qc pool '),(9234,'QC/5/Lipase',9217,'XL_1000','2021-03-17','11:50:00','2023-03-17','10:50:00',5.1300,0.5500,'new serum pool'),(9235,'QC/8/Lipase',9217,'XL_640','2021-03-17','11:50:00','2023-03-17','10:50:00',37.0500,1.3600,'New qc pool'),(9236,'QC/8/Lipase',9217,'XL_1000','2021-03-17','11:50:00','2023-03-17','10:50:00',31.0200,2.4000,'New qc pool'),(9237,'QC/5/Randox/1390UN',9210,'XL_640','2021-03-31','09:55:00','2021-05-19','07:00:00',1.9000,0.1600,'achieve value of qc set as LJmean'),(9238,'QC/8/Randox/1089UE',9210,'XL_640','2021-03-31','09:55:00','2021-05-19','07:00:00',4.1000,0.3300,'achieve value of qc set as LJmean'),(9239,'QC/5/ADALOW',9218,'Erba Chem 5 Plus semiauto(060379) 2 ','2021-04-05','10:50:00','2023-12-12','10:50:00',21.3300,4.4800,'New qc pool'),(9240,'QC/8/ADAHIGH',9218,'Erba Chem 5 Plus semiauto(060379) 2 ','2021-04-05','10:50:00','2023-12-12','10:50:00',324.7700,15.9300,'New qc pool'),(9241,'QC/S1/IMMUNO',9201,'VITROS3600','2021-04-05','10:50:00','2021-05-12','10:50:00',10.6550,0.6710,'EQAS CYCLE19 SAMPLE 1 RUN AS QC'),(9242,'QC/S1/IMMUNO',9211,'VITROS3600','2021-04-05','10:50:00','2021-05-12','10:50:00',5.6600,0.2550,'EQAS CYCLE19 SAMPLE 1 RUN AS QC'),(9243,'QC/S1/IMMUNO',9216,'VITROS3600','2021-04-05','10:50:00','2021-05-12','10:50:00',7.8700,0.3860,'EQAS CYCLE19 SAMPLE 1 RUN AS QC'),(9244,'QC/S1/IMMUNO',9212,'VITROS3600','2021-04-05','10:50:00','2021-05-12','10:50:00',6.7500,0.5630,'EQAS CYCLE19 SAMPLE 1 RUN AS QC'),(9245,'QC/S1/IMMUNO',9215,'VITROS3600','2021-04-05','10:50:00','2021-05-12','10:50:00',6.3590,0.3820,'EQAS CYCLE19 SAMPLE 1 RUN AS QC'),(9246,'QC/S1/IMMUNO',9213,'VITROS3600','2021-04-05','10:50:00','2021-05-12','10:50:00',17.4400,1.1680,'EQAS CYCLE19 SAMPLE 1 RUN AS QC'),(9247,'QC/S1/IMMUNO',9214,'VITROS3600','2021-04-05','10:50:00','2021-05-12','10:50:00',34.3900,2.1670,'EQAS CYCLE19 SAMPLE 1 RUN AS QC'),(9248,'QC/S1/IMMUNO',9203,'VITROS3600','2021-04-05','10:50:00','2021-05-12','10:50:00',0.0860,0.0160,'EQAS CYCLE19 SAMPLE 1 RUN AS QC'),(9249,'QC/S1/IMMUNO',9219,'VITROS3600','2021-04-05','10:50:00','2021-05-12','10:50:00',153.4900,8.7490,'EQAS CYCLE19 SAMPLE 1 RUN AS QC'),(9250,'QC/S1/IMMUNO',9220,'VITROS3600','2021-04-05','10:50:00','2021-05-12','10:50:00',97.5000,10.6280,'EQAS CYCLE19 SAMPLE 1 RUN AS QC'),(9251,'QC/5/CRP',9202,'XL_1000','2021-04-28','13:00:00','2023-04-27','12:50:00',35.9700,1.5500,'new serum pool'),(9252,'QC/8/CRP',9202,'XL_1000','2021-04-28','13:00:00','2023-04-27','12:50:00',77.1800,3.0900,'new serum pool'),(9253,'QC/DDIMER',9221,'XL_1000','2021-05-03','13:00:00','2021-06-24','10:50:00',864.7500,86.4700,'new serum pool'),(9254,'QC/S4/IMMUNO',9201,'VITROS3600','2021-05-13','07:49:09','2021-05-29','22:50:00',142.2000,8.9590,''),(9255,'QC/S4/IMMUNO',9211,'VITROS3600','2021-05-13','07:49:09','2021-05-29','22:50:00',33.9870,1.5970,''),(9256,'QC/S4/IMMUNO',9216,'VITROS3600','2021-05-13','07:49:09','2023-12-12','10:50:00',318.1700,13.9990,'EQAS CYCLE19 SAMPLE 4RUN AS QC'),(9257,'QC/S4/IMMUNO',9212,'VITROS3600','2021-05-13','07:49:09','2023-12-12','10:50:00',52.3510,1.7280,'EQAS CYCLE19 SAMPLE 4RUN AS QC'),(9258,'QC/S4/IMMUNO',9215,'VITROS3600','2021-05-13','07:49:09','2021-05-29','10:50:00',34.5550,1.4170,'EQAS CYCLE19 SAMPLE 4RUN AS QC'),(9259,'QC/S4/IMMUNO',9213,'VITROS3600','2021-05-13','07:49:09','2021-05-29','22:50:00',35.0120,2.8900,'EQAS CYCLE19 SAMPLE 4RUN AS QC'),(9260,'QC/S4/IMMUNO',9214,'VITROS3600','2021-05-13','07:49:09','2021-05-29','22:50:00',87.0910,2.1770,'EQAS CYCLE19 SAMPLE 4RUN AS QC'),(9261,'QC/S4/IMMUNO',9203,'VITROS3600','2021-05-13','07:49:09','2021-05-29','22:50:00',9.3930,0.3010,'	EQAS CYCLE19 SAMPLE 4RUN AS QC'),(9262,'QC/S4/IMMUNO',9219,'VITROS3600','2021-05-13','07:49:09','2021-05-29','22:50:00',667.8890,38.0700,'EQAS CYCLE19 SAMPLE 4RUN AS QC'),(9263,'QC/S4/IMMUNO',9220,'VITROS3600','2021-05-13','07:49:09','2021-05-30','07:47:01',98.1180,8.4300,'EQAS CYCLE19 SAMPLE 4 RUN AS QC'),(9264,'QC/5/Randox/1392UN',9019,'XL_1000','2021-05-20','11:00:00','2023-04-27','22:50:00',140.3700,2.8800,'new qc lot'),(9265,'QC/8/Randox/1102UE',9019,'XL_1000','2021-05-20','11:00:00','2023-04-27','12:50:00',155.3000,2.9600,'new qc lot'),(9266,'QC/5/Randox/1392UN',9020,'XL_1000','2021-05-20','11:00:00','2023-04-27','22:50:00',3.9800,0.1100,'new qc lot'),(9267,'QC/8/Randox/1102UE',9020,'XL_1000','2021-05-20','11:00:00','2023-04-27','22:50:00',6.2200,0.1400,'new qc lot'),(9268,'QC/5/Randox/1392UN',9020,'XL_640','2021-05-18','10:00:00','2023-04-27','22:50:00',4.0500,0.1400,'new qc lot'),(9269,'QC/8/Randox/1102UE',9020,'XL_640','2021-05-18','10:00:00','2023-04-27','22:50:00',6.1700,0.2000,'new qc lot'),(9270,'QC/5/Randox/1392UN',9019,'XL_640','2021-05-18','10:00:00','2023-04-27','22:50:00',140.9700,2.4000,'new qc lot'),(9271,'QC/8/Randox/1102UE',9019,'XL_640','2021-05-18','10:00:00','2023-04-27','22:50:00',157.0000,3.4600,'new qc lot'),(9274,'QC/5/Randox/1392UN',9006,'XL_640','2021-05-18','10:00:00','2023-04-27','22:50:00',38.3000,3.2600,'new qc lot'),(9275,'QC/8/Randox/1102UE',9006,'XL_640','2021-05-18','10:00:00','2023-04-27','22:50:00',142.6000,6.2000,'new qc lot'),(9276,'QC/5/Randox/1392UN',9007,'XL_1000','2021-05-20','11:00:00','2023-04-27','22:50:00',168.5000,8.6000,'new qc lot'),(9277,'QC/8/Randox/1102UE',9007,'XL_1000','2021-05-20','11:00:00','2023-04-27','22:50:00',343.7000,17.1000,'new qc lot'),(9278,'QC/5/Randox/1392UN',9007,'XL_640','2021-05-18','10:00:00','2023-04-27','22:50:00',149.3000,8.0000,'new qc lot'),(9279,'QC/8/Randox/1102UE',9007,'XL_640','2021-05-18','10:00:00','2023-04-27','22:50:00',321.2000,18.6000,'new qc lot'),(9280,'QC/5/Randox/1392UN',9001,'XL_1000','2021-05-20','11:00:00','2023-04-27','22:50:00',1.4500,0.0900,'new qc lot'),(9281,'QC/8/Randox/1102UE',9001,'XL_1000','2021-05-20','11:00:00','2023-04-27','22:50:00',3.9800,0.1600,''),(9282,'QC/8/Randox/1102UE',9001,'XL_640','2021-05-18','10:00:00','2023-04-27','22:50:00',4.0200,0.1700,'new qc lot'),(9283,'QC/5/Randox/1392UN',9001,'XL_640','2021-05-18','10:00:00','2023-04-27','22:50:00',1.3400,0.1000,'new qc lot'),(9284,'QC/5/Randox/1392UN',9018,'XL_1000','2021-05-20','11:00:00','2023-04-27','12:50:00',94.3000,2.9000,'new qc lot'),(9285,'QC/8/Randox/1102UE',9018,'XL_1000','2021-05-20','11:00:00','2023-04-27','22:50:00',250.6000,6.4000,'new qc lot'),(9286,'QC/5/Randox/1392UN',9018,'XL_640','2021-05-18','10:00:00','2023-04-27','22:50:00',92.4000,4.0000,'new qc lot'),(9287,'QC/8/Randox/1102UE',9018,'XL_640','2021-05-18','10:00:00','2023-04-27','22:50:00',252.8000,9.1000,'new qc lot'),(9288,'QC/5/Randox/1392UN',9009,'XL_1000','2021-05-20','11:00:00','2023-04-27','22:50:00',1.5600,0.0600,'new qc lot,target change on 10-7-2021'),(9289,'QC/8/Randox/1102UE',9009,'XL_1000','2021-05-20','11:00:00','2023-04-27','12:50:00',4.5200,0.0900,'new qc lot'),(9290,'QC/5/Randox/1392UN',9009,'XL_640','2021-05-18','10:00:00','2023-04-27','22:50:00',1.5600,0.0700,'new qc lot'),(9291,'QC/8/Randox/1102UE',9009,'XL_640','2021-05-18','10:00:00','2023-04-27','22:50:00',4.5200,0.1400,'new qc lot,target chnage on 10-7-2021'),(9292,'QC/5/Randox/1392UN',9010,'XL_1000','2021-05-20','11:00:00','2023-04-27','22:50:00',0.7500,0.0500,'new qc lot'),(9293,'QC/8/Randox/1102UE',9010,'XL_1000','2021-05-20','11:00:00','2023-04-27','22:50:00',1.2300,0.0800,'new qc lot'),(9294,'QC/5/Randox/1392UN',9010,'XL_640','2021-05-18','10:00:00','2023-04-27','22:50:00',0.6200,0.0600,'new qc lot'),(9295,'QC/8/Randox/1102UE',9010,'XL_640','2021-05-18','10:00:00','2023-04-27','22:50:00',1.0500,0.0800,'new qc lot'),(9296,'QC/5/Randox/1392UN',9014,'XL_1000','2021-05-20','11:00:00','2023-04-27','22:50:00',8.5300,0.3800,'new qc lot'),(9297,'QC/8/Randox/1102UE',9014,'XL_1000','2021-05-20','11:00:00','2023-04-27','22:50:00',12.2900,0.5300,'new qc lot'),(9298,'QC/5/Randox/1392UN',9014,'XL_640','2021-05-18','10:00:00','2023-04-27','22:50:00',8.4900,0.3800,'new qc lot'),(9299,'QC/8/Randox/1102UE',9014,'XL_640','2021-05-18','10:00:00','2023-04-27','22:50:00',11.8100,0.4800,'new qc lot'),(9300,'QC/5/Randox/1392UN',9051,'XL_1000','2021-05-20','11:00:00','2023-04-27','22:50:00',4.4700,0.2100,'new qc lot'),(9301,'QC/8/Randox/1102UE',9051,'XL_1000','2021-05-20','11:00:00','2023-04-27','22:50:00',6.7900,0.2300,'new qc lot'),(9302,'QC/5/Randox/1392UN',9051,'XL_640','2021-05-18','10:00:00','2023-04-27','22:50:00',4.1600,0.2800,'new qc lot'),(9303,'QC/8/Randox/1102UE',9051,'XL_640','2021-05-18','10:00:00','2023-04-27','22:50:00',6.5600,0.3400,'new qc lot'),(9304,'QC/5/Randox/1392UN',9015,'XL_1000','2021-05-20','11:00:00','2023-04-27','22:50:00',158.2000,6.0000,'new qc lot'),(9305,'QC/8/Randox/1102UE',9015,'XL_1000','2021-05-20','11:00:00','2023-04-27','22:50:00',279.6000,5.6000,'new qc lot'),(9306,'QC/5/Randox/1392UN',9015,'XL_640','2021-05-18','10:00:00','2023-04-27','22:50:00',148.9000,6.0000,'new qc lot'),(9307,'QC/8/Randox/1102UE',9015,'XL_640','2021-05-18','10:00:00','2023-04-27','22:50:00',268.2000,10.0000,'new qc lot'),(9308,'QC/5/Randox/1392UN',9025,'XL_1000','2021-05-20','11:00:00','2023-04-27','22:50:00',186.4000,12.2000,'new qc lot'),(9309,'QC/8/Randox/1102UE',9025,'XL_1000','2021-05-20','11:00:00','2023-04-27','22:50:00',343.7000,20.5000,'new qc lot'),(9310,'QC/5/Randox/1392UN',9025,'XL_640','2021-05-18','07:00:00','2023-04-27','22:50:00',192.9000,11.6000,'new qc lot'),(9311,'QC/8/Randox/1102UE',9025,'XL_640','2021-05-18','10:00:00','2023-04-27','22:50:00',368.3000,24.2000,'new qc lot'),(9314,'QC/5/Randox/1392UN',9002,'XL_640','2021-05-18','10:00:00','2021-07-07','15:50:00',41.7000,2.6000,'new qc lot'),(9315,'QC/8/Randox/1102UE',9002,'XL_640','2021-05-18','10:00:00','2021-07-07','15:50:00',107.1000,7.1000,'new qc lot'),(9316,'QC/5/Randox/1392UN',9008,'XL_640','2021-05-18','10:00:00','2023-04-27','22:50:00',89.1000,5.0000,'new qc lot'),(9317,'QC/8/Randox/1102UE',9008,'XL_640','2021-05-18','10:00:00','2023-04-27','22:50:00',328.2000,10.2000,'new qc lot'),(9318,'QC/5/Randox/1392UN',9008,'XL_1000','2021-05-20','11:00:00','2021-06-20','11:50:00',74.7000,3.2000,'new qc lot'),(9319,'QC/8/Randox/1102UE',9008,'XL_1000','2021-05-20','11:00:00','2021-06-20','11:50:00',322.9000,11.7000,'new qc lot'),(9320,'QC/5/Randox/1392UN',9027,'XL_1000','2021-05-20','11:00:00','2023-04-27','22:50:00',5.8200,0.2300,'new qc lot'),(9321,'QC/8/Randox/1102UE',9027,'XL_1000','2021-05-20','11:00:00','2023-04-27','22:50:00',9.1800,0.2300,'new qc lot'),(9322,'QC/5/Randox/1392UN',9027,'XL_640','2021-05-18','10:00:00','2023-04-27','22:50:00',5.4200,0.1900,'new qc lot'),(9323,'QC/8/Randox/1102UE',9027,'XL_640','2021-05-18','10:00:00','2023-04-27','22:50:00',8.7100,0.2600,'new qc lot'),(9324,'QC/5/Randox/1392UN',9012,'XL_1000','2021-05-20','11:00:00','2023-04-27','22:50:00',5.3000,0.2000,'new qc lot'),(9325,'QC/8/Randox/1102UE',9012,'XL_1000','2021-05-20','11:00:00','2023-04-27','22:50:00',4.3500,0.1300,'new qc lot'),(9326,'QC/5/Randox/1392UN',9012,'XL_640','2021-05-18','10:00:00','2023-04-27','22:50:00',5.5400,0.2300,'new qc lot'),(9327,'QC/8/Randox/1102UE',9012,'XL_640','2021-05-18','10:00:00','2023-04-27','22:50:00',4.5100,0.2000,'new qc lot'),(9328,'QC/5/Randox/1392UN',9031,'XL_1000','2021-05-20','11:00:00','2021-07-07','15:50:00',110.6000,3.2000,'new qc lot'),(9329,'QC/8/Randox/1102UE',9031,'XL_1000','2021-05-20','11:00:00','2021-07-07','15:50:00',267.5000,6.5000,'new qc lot'),(9330,'QC/5/Randox/1392UN',9031,'XL_640','2021-05-18','10:00:00','2023-04-27','22:50:00',112.7000,4.6000,'new qc lot'),(9331,'QC/8/Randox/1102UE',9031,'XL_640','2021-05-18','10:00:00','2023-04-27','22:50:00',269.8000,9.9000,'new qc lot'),(9332,'QC/5/Randox/1392UN',9011,'XL_1000','2021-05-20','11:00:00','2021-07-07','14:50:00',4.0800,0.1400,'new qc lot'),(9333,'QC/8/Randox/1102UE',9011,'XL_1000','2021-05-20','11:00:00','2021-07-07','15:50:00',2.8500,0.0900,'new qc lot'),(9334,'QC/5/Randox/1392UN',9011,'XL_640','2021-05-18','10:00:00','2023-04-27','22:50:00',3.8600,0.1900,'new qc lot'),(9335,'QC/8/Randox/1102UE',9011,'XL_640','2021-05-18','10:00:00','2023-04-27','22:50:00',2.6900,0.1200,'new qc lot'),(9336,'QC/5/Randox/1392UN',9021,'XL_1000','2021-05-20','11:00:00','2023-04-27','22:50:00',112.6000,6.6000,'new qc lot'),(9337,'QC/8/Randox/1102UE',9021,'XL_1000','2021-05-20','11:00:00','2023-04-27','22:50:00',213.0000,9.3000,'new qc lot'),(9338,'QC/5/Randox/1392UN',9021,'XL_640','2021-05-18','10:00:00','2023-04-27','12:50:00',113.7000,6.4000,'new qc lot'),(9339,'QC/8/Randox/1102UE',9021,'XL_640','2021-05-18','10:00:00','2023-04-27','22:50:00',209.5000,8.4600,'new qc lot'),(9340,'QC/5/Randox/1392UN',9113,'XL_1000','2021-05-20','11:00:00','2023-04-27','22:50:00',5262.7000,342.7000,'new qc lot'),(9341,'QC/5/Randox/1392UN',9113,'XL_640','2021-05-18','10:00:00','2023-04-27','22:50:00',5523.9000,424.7000,'new qc lot'),(9342,'QC/5/Randox/1392UN',9016,'XL_1000','2021-05-20','11:00:00','2023-04-27','22:50:00',57.8000,4.1000,'new qc lot'),(9343,'QC/8/Randox/1102UE',9016,'XL_1000','2021-05-20','11:00:00','2023-04-27','22:50:00',105.3000,5.8000,'new qc lot'),(9344,'QC/5/Randox/1392UN',9016,'XL_640','2021-05-18','10:00:00','2023-04-27','22:50:00',47.5000,3.8000,'new qc lot'),(9345,'QC/8/Randox/1102UE',9016,'XL_640','2021-05-18','10:00:00','2023-04-27','22:50:00',98.1000,6.4000,'new qc lot'),(9346,'QC/5/Randox/1392UN',9023,'XL_640','2021-05-18','07:00:00','2023-04-27','22:50:00',111.0000,12.0000,'new qc lot'),(9347,'QC/5/Randox/1392UN',9006,'XL_1000','2021-05-20','11:00:00','2021-07-07','12:50:00',40.5000,2.3000,'new qc lot'),(9348,'QC/8/Randox/1102UE',9006,'XL_1000','2021-05-20','11:00:00','2021-07-07','15:50:00',141.4000,5.5000,'new qc lot'),(9349,'QC/5/Randox/1392UN',9002,'XL_1000','2021-05-20','11:00:00','2023-04-27','22:50:00',45.7000,2.8000,'new qc lot'),(9350,'QC/8/Randox/1102UE',9002,'XL_1000','2021-05-20','11:00:00','2023-04-27','22:50:00',122.8000,8.0000,'new qc lot'),(9351,'QC/5/Randox/1392UN',9023,'XL_1000','2021-05-19','11:00:00','2023-04-27','22:50:00',108.0000,12.0000,'new qc lot achieve value of qc set as mean'),(9352,'QC/L1/Randox/1937EC',9220,'VITROS3600','2021-05-31','11:00:00','2029-03-31','22:50:00',112.0000,5.6000,'new qc lot'),(9353,'QC/L2/Randox/1939EC',9220,'VITROS3600','2021-05-31','10:00:00','2029-03-31','09:50:00',74.1000,3.7100,'new qc lot'),(9354,'QC/L3/Randox/1942EC',9220,'VITROS3600','2021-05-31','11:00:00','2029-03-31','22:50:00',113.0000,5.6500,'new qc lot'),(9355,'QC/L1/Randox/1937EC',9201,'VITROS3600','2021-05-30','11:00:00','2029-03-31','09:50:00',14.1000,1.4100,'new qc lot'),(9356,'QC/L2/Randox/1939EC',9201,'VITROS3600','2021-05-30','11:00:00','2029-03-31','22:50:00',61.8000,6.1800,'new qc lot'),(9357,'QC/L3/Randox/1942EC',9201,'VITROS3600','2021-05-30','11:00:00','2029-03-31','22:50:00',208.0000,20.8000,'new qc lot'),(9358,'QC/L1/Randox/1937EC',9213,'VITROS3600','2021-05-30','11:00:00','2021-07-27','10:50:00',5.9700,0.2500,'new qc lot'),(9359,'QC/L2/Randox/1939EC',9213,'VITROS3600','2021-05-30','11:00:00','2029-03-31','22:50:00',28.6500,1.4600,'new qc lot'),(9360,'QC/L3/Randox/1942EC',9213,'VITROS3600','2021-05-30','11:00:00','2029-03-31','22:50:00',35.0000,1.7500,'new qc lot'),(9361,'QC/L1/Randox/1937EC',9214,'VITROS3600','2021-05-30','11:00:00','2021-07-27','10:50:00',14.0500,0.4400,'new qc lot'),(9362,'QC/L2/Randox/1939EC',9214,'VITROS3600','2021-05-30','11:00:00','2029-03-31','22:50:00',57.7800,1.8900,'new qc lot'),(9363,'QC/L3/Randox/1942EC',9214,'VITROS3600','2021-05-30','11:00:00','2029-03-31','22:50:00',90.0000,2.9900,'new qc lot'),(9364,'QC/L1/Randox/1937EC',9203,'VITROS3600','2021-05-30','11:00:00','2029-03-31','22:50:00',0.1510,0.0100,'new qc lot'),(9365,'QC/L1/Randox/1937EC',9219,'VITROS3600','2021-05-30','11:00:00','2029-03-31','22:50:00',133.0000,13.3000,'new qc lot'),(9366,'QC/L2/Randox/1939EC',9203,'VITROS3600','2021-05-30','11:00:00','2021-07-27','10:50:00',2.2100,0.1300,'new qc lot'),(9367,'QC/L3/Randox/1942EC',9203,'VITROS3600','2021-05-30','11:00:00','2021-07-27','10:50:00',24.5000,1.4300,'new qc lot'),(9368,'QC/L3/Randox/1942EC',9219,'VITROS3600','2021-05-30','11:00:00','2029-03-31','22:50:00',632.0000,63.2000,'new qc lot'),(9369,'QC/L1/Randox/1937EC',9211,'VITROS3600','2021-05-30','11:00:00','2029-03-31','22:50:00',5.2300,0.2900,'new qc lot'),(9370,'QC/L2/Randox/1939EC',9211,'VITROS3600','2021-05-30','11:00:00','2029-03-31','22:50:00',23.7000,1.3200,'new qc lot'),(9371,'QC/PCT_TNI_BNP/3600',9205,'VITROS3600','2021-05-31','07:00:00','2029-03-31','22:50:00',6.7700,0.2550,'new qc lot'),(9372,'QC/PCT_TNI_BNP/3600',9207,'VITROS3600','2021-05-30','07:00:00','2029-04-27','09:50:00',3735.0000,373.5000,'new qc lot'),(9373,'QC/PCT_TNI_BNP/3600',9209,'VITROS3600','2021-05-30','07:00:00','2029-03-31','22:50:00',1730.0000,115.3330,'new qc lot'),(9374,'QC/L2/Randox/1939EC',9219,'VITROS3600','2021-05-30','07:00:00','2029-03-31','22:50:00',437.0000,43.7000,'new qc lot'),(9375,'QC/5/Randox/1392UN',9210,'XL_640','2021-05-19','09:55:00','2029-05-19','07:00:00',2.0400,0.1700,'new qc lot'),(9376,'QC/8/Randox/1102UE',9210,'XL_640','2021-05-19','09:55:00','2029-05-19','07:00:00',3.6400,0.3000,'new qc lot'),(9377,'QC/5/Randox/1392UN',9210,'XL_1000','2021-05-21','07:00:00','2029-05-22','07:00:00',2.1500,0.1800,'new qc lot'),(9378,'QC/8/Randox/1102UE',9210,'XL_1000','2021-05-21','07:00:00','2029-05-22','07:00:00',3.9600,0.3300,'new qc lot'),(9379,'QC/HbA1c/L1',9222,'HPLC_723GX','2021-06-11','11:00:00','2023-04-27','22:50:00',6.7000,0.2000,'SD derived from CLIA'),(9380,'QC/L3/Randox/1942EC',9211,'VITROS3600','2021-05-30','07:00:00','2029-03-31','07:00:00',45.6000,2.5400,'new qc lot'),(9381,'QC/L3/Randox/1942EC',9215,'VITROS3600','2021-05-30','07:00:00','2029-05-22','07:00:00',43.0990,2.8700,'new qc lot'),(9382,'QC/L2/Randox/1939EC',9215,'VITROS3600','2021-05-30','07:00:00','2029-05-22','07:00:00',22.6070,1.5100,'new qc lot'),(9383,'QC/L1/Randox/1937EC',9215,'VITROS3600','2021-05-30','07:00:00','2029-05-22','07:00:00',9.3530,0.6200,'new qc lot'),(9384,'QC/5/Randox/1392UN',9008,'XL_1000','2021-06-20','12:00:00','2023-04-27','22:50:00',66.1000,2.8200,''),(9385,'QC/8/Randox/1102UE',9008,'XL_1000','2021-06-20','12:00:00','2023-04-27','22:50:00',266.0000,9.6300,''),(9386,'QC/DDIMER',9221,'XL_1000','2021-06-24','11:00:00','2023-04-27','22:50:00',633.1500,86.4700,'new qc pool'),(9387,'QC/5/Randox/1392UN',9013,'XL_640','2021-05-18','07:00:00','2029-05-21','22:50:00',38.3700,2.5600,'new qc lot'),(9388,'QC/8/Randox/1102UE',9013,'XL_640','2021-05-18','07:00:00','2029-05-21','09:50:00',156.8100,10.4600,'new qc lot'),(9389,'QC/5/Randox/1392UN',9002,'XL_640','2021-07-07','16:00:00','2023-04-27','22:50:00',44.3000,2.6000,'going near to literature value'),(9390,'QC/8/Randox/1102UE',9002,'XL_640','2021-07-07','16:00:00','2023-04-27','22:50:00',116.7000,7.1000,'going near to literature value'),(9391,'QC/5/Randox/1392UN',9011,'XL_1000','2021-07-07','16:00:00','2023-04-27','22:50:00',4.1400,0.1400,'going near to literature value'),(9392,'QC/8/Randox/1102UE',9011,'XL_1000','2021-07-07','16:00:00','2023-04-27','22:50:00',2.8500,0.0900,'going near to literature value'),(9393,'QC/5/Randox/1392UN',9006,'XL_1000','2021-07-07','16:00:00','2023-04-27','22:50:00',39.7000,2.3000,'going near to literature value'),(9394,'QC/8/Randox/1102UE',9006,'XL_1000','2021-07-07','16:00:00','2023-04-27','22:50:00',138.6000,5.5000,'going near to literature value'),(9395,'QC/5/Randox/1392UN',9031,'XL_1000','2021-07-07','16:00:00','2023-04-27','22:50:00',112.2000,3.2000,'going near to literature value'),(9396,'QC/8/Randox/1102UE',9031,'XL_1000','2021-07-07','16:00:00','2023-04-27','22:50:00',272.0000,6.5000,'going near to literature value'),(9397,'QC/HbA1c/L2',9222,'HPLC_723GX','2021-07-13','07:00:00','2029-05-21','22:50:00',12.0000,0.3600,'new qc pool'),(9398,'QC/8/SPIN_CK/24',9092,'XL_1000','2021-07-16','07:00:00','2023-04-27','22:50:00',178.0000,17.8000,'new qc pool'),(9399,'QC/8/SPIN_CK/24',9092,'XL_640','2021-07-16','07:00:00','2023-04-27','09:50:00',181.5000,18.1500,'new qc pool'),(9400,'QC/8/SPIN_CK/24',9093,'XL_640','2021-07-16','07:00:00','2023-04-27','22:50:00',19.4000,1.0000,''),(9401,'QC/8/SPIN_CK/24',9093,'XL_1000','2021-07-16','07:00:00','2023-04-27','09:50:00',22.8000,1.1400,'new qc pool'),(9402,'QC/5/Randox/1392UN',9013,'XL_1000','2021-07-17','07:49:09','2025-12-12','11:50:00',35.0000,2.5600,'new qc lot'),(9403,'QC/8/Randox/1102UE',9013,'XL_1000','2021-07-17','10:50:00','2025-12-12','11:50:00',154.0000,10.4600,'new qc lot'),(9404,'QC/L2/Randox/1939EC',9203,'VITROS3600','2021-07-27','11:00:00','2029-03-31','22:50:00',2.5200,0.1300,''),(9405,'QC/L3/Randox/1942EC',9203,'VITROS3600','2021-07-27','11:00:00','2029-03-31','22:50:00',28.7400,1.4300,''),(9406,'QC/L1/Randox/1937EC',9214,'VITROS3600','2021-07-27','11:00:00','2023-04-27','22:50:00',13.4600,0.4400,''),(9407,'QC/L1/Randox/1937EC	',9213,'VITROS3600','2021-07-27','11:00:00','2023-04-27','22:50:00',5.6400,0.3800,'');
/*!40000 ALTER TABLE `lab_reference_value` ENABLE KEYS */;
UNLOCK TABLES;

--
-- Table structure for table `dementia`
--

DROP TABLE IF EXISTS `dementia`;
/*!40101 SET @saved_cs_client     = @@character_set_client */;
/*!40101 SET character_set_client = utf8 */;
CREATE TABLE `dementia` (
  `id` int(11) NOT NULL AUTO_INCREMENT,
  `Minutes` varchar(10) DEFAULT NULL,
  `Hours` varchar(10) DEFAULT NULL,
  `DayM` varchar(10) DEFAULT NULL,
  `Month` varchar(10) DEFAULT NULL,
  `DayW` varchar(10) DEFAULT NULL,
  `Text` varchar(200) DEFAULT NULL,
  `recording_time` datetime DEFAULT NULL ON UPDATE current_timestamp(),
  `recorded_by` varchar(100) DEFAULT NULL,
  PRIMARY KEY (`id`)
) ENGINE=InnoDB AUTO_INCREMENT=85 DEFAULT CHARSET=utf8mb4;
/*!40101 SET character_set_client = @saved_cs_client */;

--
-- Dumping data for table `dementia`
--

LOCK TABLES `dementia` WRITE;
/*!40000 ALTER TABLE `dementia` DISABLE KEYS */;
INSERT INTO `dementia` VALUES (28,'0','8','*','*','*','Pepsin wash in ISE module','2020-09-15 09:45:42','3'),(29,'0','8','26','*','*','Print Erba640/1000 maintanance sheet, DI Plant(big+small) sheet','2020-08-12 13:49:45','3'),(40,'0','8','1','8','*','Tejal - External calibration, 7 items','2021-02-15 11:24:41','9099514805'),(41,'0','8','1','8,02','*','Inhouse Calibration pipettes, wMachine, Glassware, Centri, incubat, refi','2021-05-13 11:37:27','9099514805'),(43,'0','8','*','*','0','640+1000 Autowash With 0.1N HCL and 0.1N NaOH','2020-08-13 12:36:23','3'),(44,'0','8','1','*','*','Change saturated KCL solution in PH meter','2020-08-13 12:35:34','3'),(45,'0','8','1','1','*','Check Expiry Date of drugs in ART kit, Eye wash kit and First aid kit','2020-08-13 12:35:10','3'),(46,'0','8','1','8','*','Yearly calibration of volumetric flask','2020-12-16 11:08:46','8866580625'),(47,'0','8','*/5','*','*','Refilling of Std-A and std-B','2020-08-13 12:17:05','3'),(50,'0','8','1','5','*','Renewal of CMC of Erba XL 640 and 3 semi-auto','2020-08-13 12:14:48','3'),(52,'0','8','1','4,10','*','PUT REQUEST FOR PRINTER CONSUMABLE','2020-08-13 12:13:08','3'),(55,'0','8','1','*','*','Back up of volume parameters,programming parameter, reapeat flags from Erba XL-640 to doks','2021-06-30 18:09:58','8866580625'),(56,'0','8','1','1,5,9','*','quarterly maintenence for 3 semi auto ','2020-08-13 12:09:08','3'),(58,'0','8','1','7,12','*','refilling of fire extinguisher','2020-08-13 12:03:00','3'),(59,'0','8','*','*','4','Perform HE and PRE','2020-10-07 16:38:50','9099514805'),(66,'0','8','1','*','*','Centrifuge Cleaning','2020-09-09 09:06:25','9099514805'),(69,'0','8','*','*','*','Run IRON and UIBC samples and graph monitoring','2020-09-15 12:36:44','1'),(72,'0','8','16','7','*','Yearly ealuation of all records before internal audit','2021-07-15 15:13:31','9099514805'),(73,'0','8','16','*','*','check location and content of eye wash kit and first aid kit','2020-09-26 15:22:52','9099514805'),(74,'10','8','15','*','*','cleaning of barcode printer opd and clinical lab','2020-10-24 22:10:07','9099514805'),(76,'0','8','1','3','*','calibration certificate of ERBA XL-640 and semiauto from jiteshbhai','2021-02-24 12:38:07','9099514805'),(77,'50','11','13,28','*','*','Calibration of CRP every 15 day','2021-05-13 11:47:37','9099514805'),(78,'0','8','1','12','*','Install new electrode_Install before date-1-12-2021','2021-05-17 13:31:59','9099514805'),(79,'0','8','6','6','*','sediment filter change','2021-06-30 18:12:24','8866580625'),(80,NULL,NULL,NULL,'8','1','REMINDER FOR INHOUSE CALIBRATION','2021-07-20 11:51:46','8866580625'),(81,'0','8','*','*','6','change sediment filter and backwash of DI plant','2021-07-25 13:14:03','9099514805'),(82,'0','8','*','*','*','IQC of ketone','2021-07-25 13:28:54','9099514805'),(83,'0','8','*','*','*','Refrigerator temperature and environmental temperature and humidity entry in LIS','2021-07-25 13:31:12','9099514805'),(84,'0','8','*','*','*','Daily maintenence  of ERBA XL-640 ,ERBA XL-1000 and VITROS-3600','2021-07-25 13:30:31','9099514805');
/*!40000 ALTER TABLE `dementia` ENABLE KEYS */;
UNLOCK TABLES;

--
-- Table structure for table `equipment`
--

DROP TABLE IF EXISTS `equipment`;
/*!40101 SET @saved_cs_client     = @@character_set_client */;
/*!40101 SET character_set_client = utf8 */;
CREATE TABLE `equipment` (
  `id` int(11) NOT NULL AUTO_INCREMENT,
  `equipment` varchar(100) DEFAULT NULL,
  `recording_time` datetime DEFAULT NULL,
  `recorded_by` varchar(100) DEFAULT NULL,
  PRIMARY KEY (`id`),
  UNIQUE KEY `equipment` (`equipment`)
) ENGINE=InnoDB AUTO_INCREMENT=73 DEFAULT CHARSET=latin1;
/*!40101 SET character_set_client = @saved_cs_client */;

--
-- Dumping data for table `equipment`
--

LOCK TABLES `equipment` WRITE;
/*!40000 ALTER TABLE `equipment` DISABLE KEYS */;
INSERT INTO `equipment` VALUES (1,'11_REFRIGERATOR_HE_78_SAMSUNG',NULL,NULL),(2,'12_REFRIGERATOR_HE_78_SAMSUNG',NULL,NULL),(3,'13_REFRIGERATOR_HE_78_SAMSUNG',NULL,NULL),(5,'Centrfuge Remi PR-23 HOSP-EQ-P-138-VCDB-4172_not working',NULL,NULL),(6,'Centrfuge Remi PR-23 HOSP-EQ-P-138-VCDB-4173',NULL,NULL),(7,'Centrfuge Remi PR-23 HOSP-EQ-P-138-VCDB-4174',NULL,NULL),(8,'Centrfuge Remi PR-23 HOSP-EQ-P-138-VCDB-4175_not in Use but working',NULL,NULL),(9,'Centrfuge Remi PR-23 HOSP-EQ-P-52-ZEHN 25664',NULL,NULL),(10,'Centrfuge Remi PR-23 HOSP-EQ-P-52-ZEHN 25665',NULL,NULL),(11,'Centrfuge Remi PR-23 HOSP-EQ-P-52-ZEHN 25666',NULL,NULL),(12,'Centrfuge Remi PR-23 HOSP-EQ-P-52-ZEHN 25667',NULL,NULL),(13,'Centrfuge Remi PR-24 HOSP-EQ-P-51-ZCBN 4721',NULL,NULL),(14,'D.I.Water Plant COLL EQ Pg 03',NULL,NULL),(15,'Deep freezer(-40) HOSP-EQ-P-136_not in use but working',NULL,NULL),(16,'Digital display thermometer',NULL,NULL),(17,'Digital Tachometer- indi6121','2020-09-01 12:49:36','8866829055'),(18,'Elinco Digital Precision Thermometer (Model No. TTX-483)','2020-09-01 12:47:36','8866829055'),(19,'Erba Chem 5 Plus semiauto(0703120) 1 HOSP-EQ-P-3-1',NULL,NULL),(20,'Erba Chem 5 Plus semiauto(060379) 2 HOSP-EQ-P-3-2',NULL,NULL),(21,'Erba Chem 5 Plus semiauto(0703123) 3 HOSP-EQ-P-3-3',NULL,NULL),(22,'Erba XL-640 HOSP-EQ-P-10',NULL,NULL),(23,'Haier chest freezer: HOSP-EQ-P-136',NULL,NULL),(24,'HP Server COLL-EQ-P-133',NULL,NULL),(25,'Laboratory Fume hood COLL-EQ-P-15',NULL,NULL),(26,'Laminar air flow COLL-EQ-P-15',NULL,NULL),(27,'Maruti Calibrated weights (1kg & 2Kg) COLL EQ Pg-05',NULL,NULL),(28,'Neer R.O.Water Plant COLL-EQ-Pg-02',NULL,NULL),(29,'Pipettes',NULL,NULL),(30,'Prolyte Electrolyte Analyzer HOSP-EQ-P-40-81001755_Not working',NULL,NULL),(31,'Remi Centrifuge R-8C BL HOSP-EQ-P-50-BCLC-682_Not working',NULL,NULL),(32,'Remi Centrifuge R-8C BL HOSP-EQ-P-50-HCLC-3959_Not working',NULL,NULL),(33,'Remi Centrifuge R-8C DX HOSP-EQ-P-50-DBLC-3586_Not working',NULL,NULL),(34,'Remi Centrifuge R-8C DX HOSP-EQ-P-50-EBLC-5162_Not working',NULL,NULL),(35,'Remi Cooling Incubator CI-35 HOSP-EQ-P-71-IHC-3182',NULL,NULL),(36,'remi quick freezer(-20) Biochemistry: HOSP-EQ-P-138',NULL,NULL),(37,'Reptech weighing machine COLL-EQ-P-05',NULL,NULL),(38,'Ricoh Printer MP 2000 L2 COLL EQ P-123-17126750553',NULL,NULL),(39,'Ricoh printer MP 2001 L COLL EQ-P-123-E343MB50051',NULL,NULL),(40,'Sartorius  Weight',NULL,NULL),(41,'Shimadzu Analytic Balance HOSP-EQ-P-21Shimadzu Sci',NULL,NULL),(42,'Shimadzu Analytic Balance HOSP-EQ-P-21Shimadzu Sci_D450028778',NULL,NULL),(43,'SYSTRONICS Digital Electrophoresis power supply HOSP-EQ-P-139-850',NULL,NULL),(44,'Thermo_Hygrometers',NULL,NULL),(45,'volumetric flask',NULL,NULL),(46,'Water Treatment Plant - Clinical Laboratory',NULL,NULL),(47,'Water Treatment Plant - Research Lab',NULL,NULL),(48,'Yorco Hot air oven YSI431D HOSP-EQ-P-69-14B5312',NULL,NULL),(49,'Zebra Technologies ZTC _GC420t_Barcode Printer',NULL,NULL),(50,'Zebra tip 2844 Barcode Printer',NULL,NULL),(51,'Ricoh printer AFICIO MP 2501 SP HOSP-EQ-P-79-E338M920808',NULL,NULL),(52,'Ricoh printer IM 2702 HOSP-EQ-P-79-3299M420817',NULL,NULL),(53,'ERBA XL-1000',NULL,NULL),(55,'Mettler Toledo Weight Machine Sr.No-2741281030(Not in Use But Working)','2020-09-02 15:04:07','8447530645'),(56,'Mettler Toledo Weight Machine-Sr.No-2741281029(Not in Use But Working)','2020-09-02 15:05:34','8447530645'),(57,'Agarose gel electrophoresis appratus with power supply pack(installed but not in use)','2020-09-15 12:44:40','8866829055'),(58,'VITROS3600','2021-02-24 11:03:02','9099514805'),(61,'Refrigerator-LG','2020-12-22 12:14:21','9099514805'),(63,'MICRO WEIGHING BALANCE-HOSP-EQ-PG NO-6 Serial no-2741511036','2021-04-16 10:56:43','8866580625'),(64,'RAPIDPOINT 500 SIEMENS _SR NO-53726_MODEL NO-11416755_HOSP-EQ-PG-80','2021-02-24 10:19:18','9099514805'),(65,'RAPIDPOINT 500 SIEMENS _SR NO-45064_MODEL NO-10697306_HOSP-EQ-PG-80','2021-02-24 10:20:05','9099514805'),(66,'MICRO WEIGHING BALANCE-HOSP-EQ-PG NO-6  Serial no-2741511038','2021-04-16 10:55:26','8866580625'),(68,'TOSOH automated glycohemoglobin analyzer_SR NO-1182094_MODEL NO-HLC- 723 GX_HOSP-EQ-PG-04 ','2021-06-07 16:12:51','8866580625'),(71,'(RAPIDPOINT 500e SIEMENS_SR NO-53726_MODEL NO-11416755_HOSP-EQ-PG-80)','2021-07-24 12:44:36','8866580625'),(72,'t(RAPIDPOINT 500 SIEMENS_SR NO-45064_MODEL NO-10697306_HOSP-EQ-PG-80) ','2021-07-24 12:44:59','8866580625');
/*!40000 ALTER TABLE `equipment` ENABLE KEYS */;
UNLOCK TABLES;

--
-- Table structure for table `equipment_record_type`
--

DROP TABLE IF EXISTS `equipment_record_type`;
/*!40101 SET @saved_cs_client     = @@character_set_client */;
/*!40101 SET character_set_client = utf8 */;
CREATE TABLE `equipment_record_type` (
  `equipment_record_type` varchar(100) NOT NULL,
  PRIMARY KEY (`equipment_record_type`)
) ENGINE=InnoDB DEFAULT CHARSET=latin1;
/*!40101 SET character_set_client = @saved_cs_client */;

--
-- Dumping data for table `equipment_record_type`
--

LOCK TABLES `equipment_record_type` WRITE;
/*!40000 ALTER TABLE `equipment_record_type` DISABLE KEYS */;
INSERT INTO `equipment_record_type` VALUES ('i. conformation of initial acceptability for use (initial calibration/verification)'),('j. conformation of ongoing acceptability for use (ongoing calibration/verification)'),('k. maintenance aggrement'),('l. maintenance carried out'),('m. damage, malfunction, modification, repair');
/*!40000 ALTER TABLE `equipment_record_type` ENABLE KEYS */;
UNLOCK TABLES;

--
-- Table structure for table `record_tables`
--

DROP TABLE IF EXISTS `record_tables`;
/*!40101 SET @saved_cs_client     = @@character_set_client */;
/*!40101 SET character_set_client = utf8 */;
CREATE TABLE `record_tables` (
  `id` int(11) NOT NULL AUTO_INCREMENT,
  `table_name` varchar(100) DEFAULT NULL,
  `level` int(11) DEFAULT NULL,
  `recording_time` datetime DEFAULT NULL ON UPDATE current_timestamp(),
  `recorded_by` varchar(100) DEFAULT NULL,
  PRIMARY KEY (`id`)
) ENGINE=InnoDB AUTO_INCREMENT=59 DEFAULT CHARSET=utf8mb4;
/*!40101 SET character_set_client = @saved_cs_client */;

--
-- Dumping data for table `record_tables`
--

LOCK TABLES `record_tables` WRITE;
/*!40000 ALTER TABLE `record_tables` DISABLE KEYS */;
INSERT INTO `record_tables` VALUES (1,'record_tables',2,NULL,''),(2,'equipment_record',0,'2020-08-10 22:05:27','3'),(3,'dementia',4,'2020-09-26 10:45:35','8866829055'),(18,'equipment',2,'2020-12-17 12:01:24','7'),(19,'calibration',0,'2020-08-13 13:04:26','3'),(20,'reagent',0,NULL,NULL),(21,'reagent_name',2,NULL,NULL),(22,'unit_name',2,NULL,NULL),(23,'Nonconformity',3,'2020-09-16 12:41:51','8866829055'),(24,'Process_affected',4,'2020-09-18 10:23:41','8866829055'),(25,'Extent',4,'2020-09-18 10:23:34','8866829055'),(26,'nc_source',4,'2020-09-17 13:07:34','8866829055'),(27,'Quality_manual_section',4,'2020-09-18 09:25:24','1'),(28,'Performance_characteristics',3,'2020-09-23 11:02:50','1'),(29,'Performance_characteristics_list',4,'2020-09-23 11:09:20','1'),(30,'scope',3,'2020-09-26 10:44:38','8866829055'),(31,'nabl_accreditation_status',4,'2020-09-26 10:44:58','8866829055'),(32,'unit_of_measurement',4,'2020-09-26 11:09:08','8866829055'),(33,'container_additives',4,'2020-09-26 12:12:40','8866829055'),(34,'sample_type',4,'2020-09-26 11:10:05','8866829055'),(35,'examination_is_currently_available',4,'2020-09-26 11:25:20','8866829055'),(36,'NABL_Records',2,'2020-11-09 11:53:05','2'),(40,'HIB_Vaccination',2,'2021-01-13 00:47:15','3'),(41,'Name',4,'2021-01-12 10:06:36','9099514805'),(47,'IQC',3,'2021-03-17 11:16:35','9099514805'),(49,'Description',4,'2021-03-17 11:27:38','9099514805'),(52,'parameter',4,'2021-03-17 11:28:10','9099514805'),(53,'outward',3,'2021-03-18 15:41:08','9099514805'),(54,'training_record',3,'2021-03-18 16:08:40','9099514805'),(55,'Refrigerator_Temp',0,'2021-04-16 19:28:38','8866580625'),(56,'Sample_Transporter',0,'2021-04-21 14:03:19','8866829055'),(57,'Sample_Transporter_name',3,'2021-04-21 14:05:01','8866829055'),(58,'BMW Management',3,'2021-06-26 10:30:22','9099514805');
/*!40000 ALTER TABLE `record_tables` ENABLE KEYS */;
UNLOCK TABLES;

--
-- Table structure for table `table_field_specification`
--

DROP TABLE IF EXISTS `table_field_specification`;
/*!40101 SET @saved_cs_client     = @@character_set_client */;
/*!40101 SET character_set_client = utf8 */;
CREATE TABLE `table_field_specification` (
  `id` int(11) NOT NULL AUTO_INCREMENT,
  `tname` varchar(100) DEFAULT NULL,
  `fname` varchar(100) DEFAULT NULL,
  `ftype` varchar(50) DEFAULT NULL,
  `table` varchar(50) DEFAULT NULL,
  `field` varchar(50) DEFAULT NULL,
  PRIMARY KEY (`id`),
  UNIQUE KEY `tname_fname` (`tname`,`fname`)
) ENGINE=InnoDB AUTO_INCREMENT=47 DEFAULT CHARSET=utf8mb4;
/*!40101 SET character_set_client = @saved_cs_client */;

--
-- Dumping data for table `table_field_specification`
--

LOCK TABLES `table_field_specification` WRITE;
/*!40000 ALTER TABLE `table_field_specification` DISABLE KEYS */;
INSERT INTO `table_field_specification` VALUES (1,'equipment_record','equipment','table','equipment','equipment'),(2,'equipment_record','equipment_record_type','table','equipment_record_type','equipment_record_type'),(3,'equipment_record','date','date','',''),(4,'equipment_record','description','textarea','',''),(5,'calibration','date','date','',''),(6,'calibration','cal_equipment','table','cal_equipment','cal_equipment'),(7,'calibration','remarks','textarea','',''),(8,'calibration','correlation','textarea','',''),(9,'calibration','cal_examination','table','host_code','code'),(10,'reagent','name','table','reagent_name','reagent_name'),(11,'reagent','date_of_preparation','date','',''),(12,'reagent','date_of_expiry','date','',''),(13,'reagent','date_of_receipt','date','',''),(14,'reagent_use','date_of_opening','date','',''),(15,'reagent','unit','table','unit_name','unit_name'),(16,'Nonconformity','Process_affected','table','Process_affected','Process_affected'),(17,'Nonconformity','Extent','table','Extent','Extent'),(18,'Nonconformity','source','table','nc_source','source'),(19,'Nonconformity','Quality_manual_section','table','Quality_manual_section','clause'),(20,'Nonconformity','Immediate_control','textarea','',''),(21,'Performance_characteristics','Performance_characteristics','table','Performance_characteristics_list','Performance_specification'),(22,'Nonconformity','NC_Name','textarea','',''),(23,'Nonconformity','RCA','textarea','',''),(24,'Nonconformity','Corrective_and_preventive_actions','textarea','',''),(25,'scope','nabl_accreditation_status','table','nabl_accreditation_status','nabl_accreditation_status'),(26,'scope','instruction_for_preparation_of_the_patient','textarea','',''),(27,'scope','instructions_for_patient_collected_samples','textarea','',''),(28,'scope','unit_of_measurement','table','unit_of_measurement','unit_of_measurement'),(29,'scope','container_additives','table','container_additives','container_additives'),(30,'scope','sample_type','table','sample_type','sample_type'),(31,'scope','examination_is_currently_available','table','examination_is_currently_available','examination_is_currently_available'),(32,'NABL_Records','doc_type','table','Quality_manual_section','clause'),(33,'reagent_date_of_completion','date_of_completion','date','',''),(34,'reagent_use','date_of_closing','date','',''),(35,'HIB_Vaccination','Name','table','Name','Name'),(36,'HIB_Vaccination','First_Dose','date','',''),(37,'HIB_Vaccination','Second_Dose','date','',''),(38,'HIB_Vaccination','Third_Dose','date','',''),(40,'IQC','Description','table','Description','Description'),(41,'IQC','parameter','table','parameter','parameter'),(42,'Refrigerator_Temp','date_of_reading','date','',''),(43,'Refrigerator_Temp','time_of_reading','time','',''),(44,'Sample_Transporter','name','table','Sample_Transporter_name','name'),(45,'Sample_Transporter','date','date','',''),(46,'Sample_Transporter','time','time','','');
/*!40000 ALTER TABLE `table_field_specification` ENABLE KEYS */;
UNLOCK TABLES;

--
-- Table structure for table `reagent`
--

DROP TABLE IF EXISTS `reagent`;
/*!40101 SET @saved_cs_client     = @@character_set_client */;
/*!40101 SET character_set_client = utf8 */;
CREATE TABLE `reagent` (
  `id` int(11) NOT NULL AUTO_INCREMENT,
  `name` varchar(100) DEFAULT NULL,
  `lot` varchar(20) DEFAULT NULL,
  `size` decimal(10,0) DEFAULT NULL,
  `unit` varchar(20) DEFAULT NULL,
  `count` int(11) DEFAULT NULL,
  `date_of_preparation` date DEFAULT NULL,
  `date_of_expiry` date DEFAULT NULL,
  `prepared_by` varchar(50) DEFAULT NULL,
  `date_of_receipt` date DEFAULT NULL,
  `condition_on_receipt` varchar(50) DEFAULT NULL,
  `remark` varchar(100) DEFAULT NULL,
  `recording_time` datetime DEFAULT NULL,
  `recorded_by` varchar(100) DEFAULT NULL,
  PRIMARY KEY (`id`)
) ENGINE=InnoDB AUTO_INCREMENT=626 DEFAULT CHARSET=utf8mb4;
/*!40101 SET character_set_client = @saved_cs_client */;

--
-- Dumping data for table `reagent`
--

LOCK TABLES `reagent` WRITE;
/*!40000 ALTER TABLE `reagent` DISABLE KEYS */;
INSERT INTO `reagent` VALUES (30,'ALT_UV','B121952',330,'ml',13,'2019-12-01','2021-08-01','erba','2020-01-01','ok','brought foreward','2020-08-18 10:59:18','3'),(34,'GLC_GODPOD','S022003',440,'ml',13,'2020-02-01','2022-08-01','erba','2020-04-04','ok',NULL,'2020-08-18 12:13:48','8866829055'),(35,'GLC_GODPOD','S022024',440,'ml',3,'2020-02-01','2022-01-01','erba','2020-04-07','ok',NULL,'2020-08-18 12:18:12','8866829055'),(36,'AMY_CNPG3','LIQ295A',400,'ml',9,'2019-01-01','2020-10-01','spinreact','2019-07-01','ok',NULL,'2020-08-19 09:41:39','8866829055'),(37,'CHOLESTEROL','S121902',350,'ml',25,'2019-12-01','2021-01-01','erba','2020-04-07','ok',NULL,'2020-08-19 09:42:24','8866829055'),(39,'CHE-CHOLINESTERASE','497554',155,'ml',10,'2019-07-01','2021-02-28','RANDOX','2020-03-13','ok',NULL,'2020-08-18 14:45:22','9099514805'),(40,'UREA-UREASE','B051906',275,'ml',6,'2019-05-01','2020-12-01','erba','2020-01-04','ok',NULL,'2020-08-20 23:53:03','9099514805'),(41,'UREA-UREASE','B101870',275,'ml',1,'2018-10-01','2020-05-01','erba','2020-01-04','ok',NULL,'2020-08-20 23:52:45','9099514805'),(42,'UREA-UREASE','B022017',275,'ml',6,'2020-02-01','2021-09-01','erba','2020-01-04','ok',NULL,'2020-08-18 14:46:22','9099514805'),(43,'TG-GPO','376A',500,'ml',7,'2018-12-01','2020-09-01','spinreact','2019-12-02','ok',NULL,'2020-08-18 14:43:56','9099514805'),(44,'UA-URICASE','343A',500,'ml',4,'2018-07-01','2020-06-01','spinreact','2019-01-07','ok',NULL,'2020-08-18 14:49:04','9099514805'),(45,'UA-URICASE','346A',500,'ml',3,'2018-12-01','2020-09-01','spinreact','2019-01-07','ok',NULL,'2020-08-18 14:48:24','9099514805'),(46,'CK-TOTAL','2349TA',50,'ml',4,'2019-08-01','2021-06-01','spinreact','2019-12-02','ok',NULL,'2020-08-18 14:43:31','9099514805'),(47,'CKMB-UV','MB263A',48,'ml',2,'2019-05-01','2021-03-01','spinreact','2019-12-02','ok',NULL,'2020-08-20 23:52:53','9099514805'),(49,'LDH-DEA-R1','55',500,'ml',1,'2020-08-19','2021-02-19','Chinka','2020-08-19','ok',NULL,'2020-08-22 14:34:27','9099514805'),(50,'LDH-R2-NAD','55',50,'ml',1,'2020-08-19','2021-02-19','Chinka','2020-08-19','ok',NULL,'2020-08-22 14:34:56','9099514805'),(52,'ALT_UV','B072009',330,'ml',20,'2020-07-01','2021-12-01','erba','2020-08-21','OK',NULL,'2020-08-21 14:37:12','9099514805'),(53,'CALIBRATOR-3','1180UE',100,'ml',4,'2020-08-01','2022-06-01','RANDOX','2020-08-21','OK',NULL,'2020-08-21 14:38:39','9099514805'),(54,'QC-8','1066UE',100,'ml',3,'2019-06-01','2023-01-01','RANDOX','2019-11-23','OK',NULL,'2020-08-21 14:54:17','9099514805'),(55,'QC-5','1369UN',100,'ml',3,'2019-09-01','2023-01-01','RANDOX','2019-11-23','OK',NULL,'2020-08-21 14:54:51','9099514805'),(56,'QC-8','1089UE',100,'ml',6,'2020-01-01','2023-04-01','RANDOX','2020-02-12','OK',NULL,'2020-08-21 14:59:54','8866580625'),(57,'QC-5','1390UN',100,'ml',6,'2019-12-01','2023-03-01','RANDOX','2020-02-12','OK',NULL,'2020-08-21 15:02:10','8866580625'),(58,'CALIBRATOR-2','1320UN',100,'ml',3,'2019-04-01','2021-01-01','RANDOX','2020-02-12','OK',NULL,'2020-08-22 14:37:10','9099514805'),(59,'CALIBRATOR-3','1024UE',100,'ml',3,'2019-03-01','2020-12-01','RANDOX','2020-02-12','OK',NULL,'2020-08-22 14:36:52','9099514805'),(62,'CK-TOTAL','2354 T',50,'ml',2,'2020-02-01','2021-10-01','spinreact','2020-08-25','ok',NULL,'2020-08-25 15:26:05','8866580625'),(63,'CK-TOTAL','2349TA',50,'ml',10,'2019-08-01','2021-06-01','spinreact','2020-08-25','OK',NULL,'2020-08-25 15:29:23','8866580625'),(64,'CKMB-UV','MB272',48,'ml',7,'2020-06-01','2022-02-01','spinreact','2020-08-25','OK',NULL,'2020-08-25 15:31:27','8866580625'),(65,'CALCIUM_ARSENAZO','63',18,'ml',32,'2020-08-26','2020-12-25','S.M. Patel sir','2020-08-26','ok','Aliquoted(32) and Each Barcoded','2020-08-26 12:43:21','3'),(66,'CR-R1 NAOH','90',1000,'ml',2,'2020-08-27','2021-02-27','Chinka','2020-08-27','ok',NULL,'2020-08-29 10:37:23','9099514805'),(67,'CR-R2 PICRATE','90',1000,'ml',2,'2020-08-27','2021-02-27','Chinka','2020-08-27','ok',NULL,'2020-08-29 10:37:14','9099514805'),(68,'ALP-R1','32',1000,'ml',1,'2020-08-28','2021-02-28','Chinka','2020-08-28','ok',NULL,'2020-08-28 11:09:06','9099514805'),(69,'ALP-R2','32',250,'ml',1,'2020-08-28','2021-02-28','Chinka','2020-08-28','ok',NULL,'2020-08-28 11:09:39','9099514805'),(70,'STD-B NA+K','47',1000,'ml',2,'2020-08-29','2021-02-28','chinka','2020-08-29','OK',NULL,'2020-08-31 10:12:31','9099514805'),(71,'CHOLESTEROL','LOT-S032004',150,'ml',10,'2020-03-01','2022-02-01','ERBA','2020-08-31','OK',NULL,'2020-08-31 20:06:56','8866580625'),(72,'DBIL-R1_HCL','86',1000,'ml',2,'2020-09-01','2021-03-01','DR CHINKA','2020-09-01','OK',NULL,'2020-09-02 15:21:09','8866580625'),(74,'TBIL-R1_CAFFINE','86',1000,'ml',2,'2020-09-01','2021-03-01','DR CHINKA','2020-09-01','OK',NULL,'2020-09-02 15:20:09','8866580625'),(75,'DIAZO-A','86',500,'ml',4,'2020-09-01','2021-03-02','DR CHINKA','2020-09-01','OK',NULL,'2020-09-02 15:19:54','8866580625'),(78,'DIAZO-B','86',250,'ml',1,'2020-09-01','2021-03-01','DR CHINKA','2020-09-01','OK',NULL,'2020-09-02 15:19:35','8866580625'),(79,'IRON-R1 THIOSEMICARBAZIDE','24',900,'ml',1,'2020-09-01','2021-03-01','Dr CHINKA','2020-09-01','OK',NULL,'2020-09-02 15:19:16','8866580625'),(80,'IRON-R2 FERROZINE','24',100,'ml',1,'2020-09-01','2021-03-01','Dr CHINKA','2020-09-01','OK',NULL,'2020-09-02 15:18:46','8866580625'),(81,'GLC_GODPOD','S052009',440,'ml',20,'2020-05-01','2022-04-01','ERBA','2020-09-09','OK',NULL,'2020-09-09 12:29:03','8447530645'),(82,'HBF CONTROL LOT','5',1,NULL,1,'2020-09-12','2021-03-12','Dr Dhvani','2020-09-12','ok',NULL,'2020-09-15 12:50:34','1'),(83,'UIBC-R2_FERROZINE','11',250,'ml',1,'2020-09-14','2021-03-14','Dr chinka','2020-09-14','ok',NULL,'2020-09-15 13:46:47','8866580625'),(84,'UIBC-R1_HYDROXYLAMINE','11',1000,'ml',1,'2020-09-14','2021-03-14','Dr chinka','2020-09-14','ok',NULL,'2020-09-15 13:47:20','8866580625'),(85,'HDL-PPT','12',50,'ml',1,'2020-09-15','2021-03-15','Dr CHINKA','2020-09-15','OK',NULL,'2020-09-15 16:49:49','9099514805'),(86,'LDH-DEA-R1','56',1000,'ml',1,'2020-09-16','2021-03-16',' CHINKA','2020-09-16','OK',NULL,'2020-09-16 17:11:53','9099514805'),(87,'LDH-R2-NAD','56',100,'ml',1,'2020-09-16','2021-03-16','CHINKA','2020-09-16','OK',NULL,'2020-09-16 17:12:31','9099514805'),(88,'PHOSPHATE MOLYBDATE','29',1000,'ml',1,'2020-09-16','2021-03-16','CHINKA','2020-09-16','OK',NULL,'2020-09-16 17:14:29','9099514805'),(89,'ALB_BCG','62',1000,'ml',2,'2020-09-21','2021-03-21','Chinka','2020-09-21','OK',NULL,'2020-09-21 12:01:46','8866580625'),(92,'TIBC STANDARD SOLUTION','01',1000,'ml',1,'2020-09-24',NULL,NULL,'2020-09-24','OK',NULL,'2020-09-24 17:18:38','8866829055'),(93,'IRON-R1 THIOSEMICARBAZIDE','25',900,'ml',2,'2020-09-25','2021-03-24','Dr chinka','2020-09-25','ok',NULL,'2020-09-25 16:06:07','8866580625'),(94,'IRON-R2 FERROZINE','25',250,'ml',1,'2020-09-25','2021-03-24','Dr chinka','2020-09-25','ok',NULL,'2020-09-25 16:07:56','8866580625'),(95,'CR-R1 NAOH','91',1000,'ml',2,'2020-09-25','2021-03-24','Chinka','2020-09-25','OK',NULL,'2020-09-25 17:12:46','9099514805'),(96,'CR-R2 PICRATE','91',1000,'ml',2,'2020-09-25','2021-03-24','Chinka','2020-09-25','OK',NULL,'2020-09-25 17:13:15','9099514805'),(97,'HBS CONTROL LOT','1',10,'ml',100,'2020-09-26','2021-03-28','DHVANI','2020-09-26','OK',NULL,'2020-11-19 09:12:02','9099514805'),(98,'STD-A -NA + K','28',1000,'ml',2,'2020-09-18','2021-03-17',' chinka','2020-09-18','ok',NULL,'2020-09-26 16:33:48','9099514805'),(99,'CALCIUM_ARSENAZO','64',1000,'ml',2,'2020-09-26','2021-03-25','CHINKA','2020-10-01','OK',NULL,'2020-10-01 12:25:59','9408906519'),(100,'TBIL-R1_CAFFINE','87',500,'ml',4,'2020-10-07','2021-04-10','CHINKA','2020-10-07','OK',NULL,'2020-10-07 12:12:01','9099514805'),(102,'DBIL-R1_HCL','87',1000,'ml',2,'2020-10-07','2021-04-10','chinka','2020-10-07','ok',NULL,'2020-10-07 12:14:49','9099514805'),(103,'DIAZO-A','87',500,'ml',4,'2020-10-07','2021-04-10','chinka','2020-10-07','ok',NULL,'2020-10-07 12:15:20','9099514805'),(104,'DIAZO-B','87',250,'ml',1,'2020-10-07','2021-04-10','chinka','2020-10-07','ok',NULL,'2020-10-07 12:15:52','9099514805'),(105,'STD-A -NA + K','29',1000,'ml',2,'2020-10-12','2021-04-11','CHINKA','2020-10-12','OK',NULL,'2020-10-12 14:07:42','9408906519'),(106,'URINE ACID CONTROL LOT','7',250,'ml',1,'2020-10-09','2021-04-09','dr chapal','2020-10-09','ok',NULL,'2020-10-16 17:43:36','8866580625'),(107,'CR-R1 NAOH','92',1000,'ml',2,'2020-10-15','2021-04-15','dr chinka','2020-10-15','ok',NULL,'2020-10-16 17:58:26','8866580625'),(108,'CR-R2 PICRATE','92',1000,'ml',2,'2020-10-15','2021-04-15','dr chinka','2020-10-15','ok',NULL,'2020-10-16 17:59:40','8866580625'),(109,'KETONE BODY CONTROL LOT','4',20,'ml',100,'2020-10-17','2021-04-17','dr dhvani','2020-10-24','ok',NULL,'2020-10-17 21:11:09','8866580625'),(111,'PHOSPHATE MOLYBDATE','30',1000,'ml',1,'2020-10-16','2021-04-16','dr chinka','2020-10-16','ok',NULL,'2020-10-28 21:34:38','8866580625'),(112,'CALIBRATOR-2','1529UN',100,'ml',4,'2020-10-20','2022-07-28','RANDOX','2020-11-02','OK',NULL,'2020-11-02 12:38:26','9408906519'),(113,'CKMB-UV','MB275',48,'ml',6,'2020-09-01','2022-06-01','SPINREACT','2020-11-02','OK',NULL,'2020-11-02 12:43:12','9408906519'),(114,'LDH-DEA-R1','57',1000,'ml',1,'2020-11-02','2021-05-01','CHINKA','2020-11-02','ok',NULL,'2020-11-03 08:52:18','9512177451'),(115,'LDH-R2-NAD','57',100,'ml',1,'2020-11-02','2021-05-01','CHINKA','2020-11-16','OK',NULL,'2020-11-19 09:11:05','9099514805'),(116,'TBIL-R1_CAFFINE','88',1000,'ml',2,'2020-11-03','2021-05-02','CHINKA','2020-11-03','OK',NULL,'2020-11-04 09:11:28','9099879024'),(117,'DBIL-R1_HCL','88',1000,'ml',2,'2020-11-03','2020-05-02','CHINKA','2020-11-03','OK',NULL,'2020-11-04 09:12:32','9099879024'),(119,'STD-A -NA + K','30',1000,'ml',2,'2020-10-26','2021-04-25','Dr chinka','2020-10-26','ok',NULL,'2020-11-09 01:57:48','8866580625'),(120,'STD-A -NA + K','31',1000,'ml',2,'2020-11-06','2021-05-05','chinka','2020-11-06','ok',NULL,'2020-11-09 01:59:17','8866580625'),(123,'ALP-R1','33',1000,'ml',1,'2020-11-07','2021-05-06','Dr chinka','2020-11-07','ok',NULL,'2020-11-09 02:03:31','8866580625'),(124,'ALP-R2','33',250,'ml',1,'2020-11-07','2021-05-06','Dr chinka','2020-11-07','ok',NULL,'2020-11-09 02:05:03','8866580625'),(126,'CR-R2 PICRATE','93',1000,'ml',2,'2020-11-06','2021-05-05','Dr chinka','2020-11-06','ok',NULL,'2020-11-09 02:11:27','8866580625'),(127,'CR-R1 NAOH','93',1000,'ml',2,'2020-11-06','2021-05-05','Dr chinka','2020-11-06','ok',NULL,'2020-11-09 02:10:34','8866580625'),(130,'wash buffer reagent','8979',1000,'ml',2,NULL,'2021-03-03','vitros','2020-11-09','ok',NULL,'2021-07-20 15:20:56','8866580625'),(131,'Control-TSH','0780',12,'ml',2,NULL,'2022-05-31','vitros','2020-11-13','ok',NULL,'2020-11-18 16:46:16','8866580625'),(132,'versa tips','0000298170',1000,NULL,5,'2020-06-18',NULL,'vitros ','2020-11-09','ok',NULL,'2020-12-07 12:56:11','9099514805'),(133,'maintenance pack vitros','2050',100,'100 Test Pack',2,NULL,'2023-11-26','vitros','2020-11-09','ok',NULL,'2020-12-09 11:09:09','8866580625'),(134,'signal reagent','6858',2,NULL,8,'2020-08-12','2021-01-28','vitros','2020-11-13','ok',NULL,'2020-12-07 12:54:35','9099514805'),(135,'Microsensor check fluid-1 and 2','1-G7853 2-H7854',NULL,NULL,1,NULL,'2021-04-30','vitros','2020-11-13','ok',NULL,'2020-11-18 16:50:57','8866580625'),(138,'calibrator-ferritin','2310',1,'ml',1,'2020-08-20','2021-06-20','vitros','2020-11-13','ok',NULL,'2020-12-01 12:41:29','9099514805'),(139,'calibrator- Total T4','2365',1,'ml',1,'2020-02-24','2021-01-22','vitros','2020-11-13','ok',NULL,'2020-12-01 12:41:18','9099514805'),(140,'calibrator- Free T4','4526',1,'ml',1,'2020-05-20','2021-01-02','vitros','2020-11-13','ok',NULL,'2020-12-01 12:41:05','9099514805'),(141,'calibrator- TSH','6190',1,'ml',1,'2020-12-03','2022-02-02','vitros','2020-11-13','ok',NULL,'2020-11-19 09:09:19','9099514805'),(145,'calibrator-Prolactin','2710',1,'ml',1,'2020-08-09','2021-05-14','vitros','2020-11-13','ok',NULL,'2020-12-01 12:40:38','9099514805'),(148,'Reagent-PCT','0110',100,'100 Test Pack',2,'2020-10-13','2021-08-05','vitros','2020-11-13','ok',NULL,'2021-01-01 10:54:14','9099514805'),(149,'Reagent-FSH','2920',100,'100 Test Pack',1,'2020-08-28','2021-02-26','vitros','2020-11-13','ok',NULL,'2020-12-22 11:24:35','8866580625'),(150,'Reagent-Total beta hcg-2','2840',100,'100 Test Pack',1,'2020-02-07','2021-07-04','vitros','2020-11-13','ok',NULL,'2020-12-22 11:24:15','8866580625'),(152,'Reagent-Ferritin','2310',100,'100 Test Pack',4,'2020-08-09','2021-06-20','vitros','2020-11-13','ok','Incomplete test 8 date(16-12-2020)data  send','2021-01-01 11:19:48','9099514805'),(153,'Reagent-Free T3','2441',100,'100 Test Pack',1,'2020-05-03','2021-06-01','vitros','2020-11-13','ok',NULL,'2020-12-22 11:30:04','8866580625'),(156,'Reagent-prolactin','2710',100,'100 Test Pack',2,'2020-08-08','2021-05-14','vitros','2020-11-13','ok',NULL,'2020-12-01 11:24:17','9099514805'),(158,'Reagent-TSH','6190',100,'100 Test Pack',1,'2020-12-03','2021-02-22','vitros','2020-11-13','ok','Date-16-12-2020_Incomplete test-3 of free kit','2020-12-22 11:25:29','8866580625'),(160,'sample cap','384725',1000,NULL,1,'2019-05-19',NULL,'vitros','2020-11-18','ok',NULL,'2020-12-01 12:39:40','9099514805'),(161,'calibrator-PCT','0110',1,'ml',1,'2020-10-13','2021-08-05','vitros','2020-11-13','ok',NULL,'2020-12-01 12:39:25','9099514805'),(162,'MPR','29',1000,'ml',1,'2020-11-11','2021-05-10','dr chinka','2020-11-11','ok',NULL,'2020-11-21 13:22:08','8866580625'),(163,'CRP','B102087',55,'ml',3,'2020-10-01','2022-10-31','ERBA','2020-11-21','ok',NULL,'2020-12-02 17:25:51','8866580625'),(164,'Fdp Di-Dimer','QDD1019',50,'ml',1,'2020-09-01','2021-08-31','QUANTIA','2020-11-24','ok',NULL,'2020-12-01 12:38:59','9099514805'),(165,'Fdp Di-Dimer','QDD1020',50,'ml',1,'2020-10-01','2021-09-30','QUANTIA   ','2020-11-26','OK',NULL,'2020-12-01 12:38:30','9099514805'),(166,'REAGENT -PROGESTERONE','3010',100,'100 Test Pack',2,'2020-10-15','2021-05-13','VITROS','2020-11-25','OK',NULL,'2020-12-01 12:38:22','9099514805'),(169,'CALIBRATOR PROGESTERONE','3010',1,'ml',1,'2020-10-15','2021-05-13','VITROS','2020-11-25','ok',NULL,'2020-12-01 12:37:49','9099514805'),(170,'REAGENT-HSTROP','0200',100,'100 Test Pack',3,'2020-09-29','2021-03-29','VITROS','2020-11-25','ok',NULL,'2020-12-01 12:38:50','9099514805'),(171,'CALIBRATOR HSTROP','0200',1,'ml',1,'2020-09-29','2021-03-29','VITROS','2020-11-25','OK',NULL,'2020-12-01 12:38:09','9099514805'),(172,'REAGENT-NT-PROBNP 2','0160',100,'100 Test Pack',3,'2020-10-05','2021-04-02','VITROS','2020-11-25','OK',NULL,'2020-12-01 11:44:48','9099514805'),(173,'CALIBRATOR NT-PROBNP 2','0160',1,'ml',1,'2021-04-01','2020-05-10','VITROS','2020-11-25','OK',NULL,'2020-12-01 12:38:01','9099514805'),(174,'TP-BIURET','64',1000,'ml',2,'2020-11-11','2021-05-10','CHINKA','2020-11-11','OK',NULL,'2020-11-27 02:41:30','8866580625'),(180,'vitrous eppendropp cup',NULL,1000,NULL,1,NULL,NULL,'vitros','2020-11-14','ok',NULL,'2020-12-01 14:45:31','9099514805'),(181,'D-Dimer','QDD1020',13,'ml',3,'2020-10-01','2021-10-01','Quantia','2020-11-24','ok',NULL,'2020-12-03 12:01:07','9157627144'),(182,'D-Dimer','QDD1019',12,'ml',1,'2020-10-01','2021-08-01','Quantia','2020-11-26','ok',NULL,'2020-12-01 14:52:46','9099514805'),(183,'IL-6 REAGENT KIT','W2020091200',40,'40 TEST KIT',4,'2020-09-20','2022-03-25','Hotgen ','2020-12-02','ok',NULL,'2020-12-02 16:03:08','8866580625'),(184,'ALB_BCG','63',1000,'ml',2,'2020-11-25','2021-05-24','dr chinka','2020-11-25','ok',NULL,'2020-12-09 08:42:17','8866580625'),(185,'High sample diluent A','2100',100,'100 Test Pack',1,'2020-07-29','2021-06-06','VITROS','2020-12-05','ok',NULL,'2020-12-05 13:32:23','9099514805'),(186,'High sample diluent B','4600',100,'100 Test Pack',1,'2020-07-06','2021-06-06','VITROS','2020-12-05','ok',NULL,'2020-12-05 13:33:38','9099514805'),(189,'maintenance pack vitros','2100',100,'100 Test Pack',2,'2020-03-18','2024-11-27','VITROS','2020-12-07','OK',NULL,'2020-12-07 12:53:04','9099514805'),(191,'D-Dimer','QDD1020A',13,'ml',5,'2020-10-01','2021-09-30','VITROS','2020-12-08','ok',NULL,'2020-12-08 11:56:45','8866580625'),(192,'CRP','B102087',55,'ml',2,'2020-10-01','2022-10-31','ERBA','2020-12-08','ok',NULL,'2020-12-09 08:32:22','8866580625'),(193,'D-Dimer','QDD1020A',13,'ml',2,'2020-10-01','2021-09-30','QUANTIA','2020-12-08','ok',NULL,'2020-12-09 08:34:10','8866580625'),(194,'CR-R1 NAOH','94',1000,'ml',2,'2020-12-04','2021-06-04','dr chinka','2020-12-04','ok',NULL,'2020-12-09 22:04:16','8866580625'),(195,'CR-R2 PICRATE','94',1000,'ml',2,'2020-12-04','2021-06-04','dr chinka','2020-12-04','ok',NULL,'2020-12-09 22:05:00','8866580625'),(197,'LDH-DEA-R1','58',1000,'ml',1,'2020-11-28','2021-05-27','dr chinka','2020-12-28','ok',NULL,'2020-12-13 15:39:12','8866580625'),(199,'LDH-R2-NAD','58',100,'ml',1,'2020-12-11','2021-06-10','dr chinka','2020-12-11','ok',NULL,'2020-12-13 14:49:13','8866580625'),(200,'TBIL-R1_CAFFINE','89',1000,'ml',2,'2020-12-08','2021-06-08','dr chinka','2020-12-06','ok',NULL,'2020-12-13 15:13:45','8866580625'),(201,'DBIL-R1_HCL','89',1000,'ml',2,'2020-12-08','2021-06-08','dr chinka','2020-12-08','ok',NULL,'2020-12-13 15:15:23','8866580625'),(202,'DIAZO-A','89',500,'ml',4,'2020-12-08','2021-06-08','dr chinka','2020-12-08','ok',NULL,'2020-12-13 15:17:10','8866580625'),(203,'DIAZO-B','89',250,'ml',1,'2020-12-08','2021-06-08','dr chinka','2020-12-08','ok',NULL,'2020-12-13 15:19:11','8866580625'),(204,'AMY_CNPG3','LIQ314',40,'ml',18,'2020-05-01','2022-01-31','SPINREACT','2020-12-15','OK',NULL,'2020-12-15 12:28:41','8866580625'),(205,'AMY_CNPG3','LIQ322',40,'ml',2,'2020-10-01','2022-06-30','SPINREACT','2020-12-15','OK',NULL,'2021-07-15 01:49:13','8866580625'),(206,'Reagent-Ferritin','2310',100,'100 Test Pack',2,'2020-08-20','2021-06-20','VITROS','2020-12-16','OK','1 pack completed on 31-12-2020 ,incomplete test-10 ,data send','2021-01-01 11:20:58','9099514805'),(207,'Reagent-PCT','0110',100,'100 Test Pack',2,'2020-10-13','2021-05-10','VITROS','2020-12-16','OK',NULL,'2020-12-16 12:54:25','8866580625'),(209,'CRP','B102087',55,'ml',1,'2020-10-01','2022-10-31','ERBA','2020-12-18','ok',NULL,'2020-12-18 16:58:44','9099514805'),(210,'CALCIUM_ARSENAZO','65',1000,'ml',2,'2020-12-16','2021-06-15','dr chinka','2020-12-16','ok',NULL,'2020-12-19 16:30:57','8866580625'),(211,'STD-A -NA + K','32',1000,'ml',2,'2020-12-19','2021-06-18','chinka','2020-12-19','ok',NULL,'2020-12-19 23:52:05','8866580625'),(212,'D-Dimer','QDD1020',13,'ml',3,'2020-10-01','2021-09-01','QUANTIA','2020-12-21','ok',NULL,'2020-12-21 12:40:31','8866580625'),(213,'Reagent-LH','1805',NULL,'100 Test Pack',1,'2020-07-20','2021-06-08','VITROS','2020-12-23','OK',NULL,'2020-12-23 18:47:04','9687271872'),(214,'calibrator- FSH','2920',4,'ml',1,'2020-08-28','2021-02-26','VITROS','2020-12-23','OK',NULL,'2020-12-23 17:40:45','8866580625'),(215,'calibrator- TSH','6190',1,'ml',1,'2020-03-12','2021-02-22','VITROS','2020-12-23','OK',NULL,'2021-01-02 09:10:54','9099514805'),(216,'calibrator- Free T3','2441',9,'ml',1,'2020-03-05','2021-01-06','VITROS','2020-12-23','OK',NULL,'2020-12-23 18:46:20','9687271872'),(218,'Reagent-Free T4','4526',NULL,'100 Test Pack',1,'2020-05-20','2021-02-01','VITROS','2020-12-23','OK',NULL,'2020-12-23 18:43:49','9687271872'),(219,'calibrator-Total beta hcg -2','2840',9,'ml',1,'2020-07-02','2021-04-07','VITROS','2020-12-23','OK',NULL,'2020-12-23 18:41:15','9687271872'),(220,'calibrator- LH','1805',4,'ml',1,'2020-07-20','2021-06-08','VITROS','2020-12-23','OK',NULL,'2020-12-23 17:39:53','8866580625'),(221,'D-Dimer','Qdd1020',13,'ml',15,'2020-10-01','2021-09-30','QUANTIA',NULL,'ok',NULL,'2020-12-24 13:17:52','8866580625'),(222,'CRP','B102087',55,'ml',5,'2020-10-01','2022-10-31','ERBA','2020-12-24','ok',NULL,'2020-12-24 13:19:55','8866580625'),(224,'MAGANESIUM','508090',300,'ml',1,'2019-12-01','2021-03-28','RANDOX','2020-12-24','ok',NULL,'2020-12-24 17:40:30','8866580625'),(225,'IL-6 REAGENT KIT','W2020091200',40,'40 TEST KIT',3,'2020-09-25','2022-03-25','HOTGEN','2020-12-25','OK',NULL,'2020-12-25 11:04:04','9099514805'),(226,'Reagent-Ferritin','2310',100,'100 Test Pack',3,'2020-08-20','2021-06-20','VITROS','2020-12-28','OK',NULL,'2021-01-01 10:50:52','9099514805'),(227,'PHOSPHATE MOLYBDATE','31',1000,'ml',2,'2020-12-29','2021-06-29','dr chinka','2020-12-29','ok',NULL,'2020-12-29 12:07:04','8866580625'),(228,'CRP','S122027',55,'ml',5,'2020-12-01','2022-04-30','ERBA','2020-12-29','OK',NULL,'2020-12-29 12:26:00','8200775004'),(230,'signal reagent','6942',2,NULL,4,'2020-09-11','2021-03-07','VITROS','2020-12-30','OK',NULL,'2020-12-30 11:36:06','8866580625'),(231,'UREA-UREASE','B102043',275,'ml',12,'2020-10-01','2022-05-31','ERBA','2020-12-30','OK',NULL,'2020-12-30 17:01:43','8866580625'),(233,'CR-R1 NAOH','95',1000,'ml',2,'2020-12-31','2021-06-30','dr chinka','2020-12-31','ok',NULL,'2020-12-31 17:03:29','8866580625'),(234,'CR-R2 PICRATE','95',1000,'ml',2,'2020-12-31','2021-06-30','dr chinka','2020-12-31','ok',NULL,'2020-12-31 17:04:33','8866580625'),(237,'vitrous eppendropp cup','401446',1000,NULL,1,NULL,NULL,'VITROS','2021-01-04','OK',NULL,'2021-01-04 15:28:54','8866580625'),(238,'Reagent-TSH','6400',100,'100 Test Pack',2,'2020-11-16','2021-09-27','VITROS','2021-01-06','ok',NULL,'2021-01-06 16:17:15','9099514805'),(239,'calibrator- TSH','6400',6,'ml',1,'2020-11-16','2021-09-27','VITROS','2021-01-06','ok',NULL,'2021-01-06 16:28:24','9925442232'),(240,'STD-A -NA + K','33',1000,'ml',2,'2021-01-07','2021-07-06','dr chinka','2021-01-07','ok',NULL,'2021-01-07 15:47:37','8866580625'),(241,'UIBC-R1_HYDROXYLAMINE','12',1000,'ml',1,'2021-01-06','2021-07-05','DHVANI','2021-01-06','ok',NULL,'2021-01-14 21:25:31','8866580625'),(242,'UIBC-R2_FERROZINE','12',250,'ml',1,'2021-01-06','2021-07-05','DHVANI','2021-01-06','ok',NULL,'2021-01-14 21:26:16','8866580625'),(243,'sample cap','374870',1000,NULL,1,NULL,NULL,'vitros','2021-01-15','OK',NULL,'2021-01-16 08:54:47','8866580625'),(244,'versa tips','0000303419',1000,NULL,2,'2020-06-30',NULL,NULL,NULL,NULL,NULL,'2021-01-16 09:41:33','8866580625'),(245,'signal reagent','6978',56,'ml',2,'2020-09-29','2021-03-21','VITROS','2021-01-15','ok',NULL,'2021-01-16 19:39:22','8866580625'),(246,'signal reagent','6956',56,'ml',1,'2020-09-18','2021-03-11','VITROS','2021-01-15','ok',NULL,'2021-01-16 19:40:46','8866580625'),(247,NULL,NULL,NULL,NULL,NULL,NULL,NULL,NULL,NULL,NULL,NULL,NULL,NULL),(248,'Reagent-Ferritin','2310',100,'100 Test Pack',1,'2020-08-20','2021-06-20','VITROS','2021-01-15','ok',NULL,'2021-01-16 19:43:13','8866580625'),(249,NULL,NULL,NULL,NULL,NULL,NULL,NULL,NULL,NULL,NULL,NULL,NULL,NULL),(250,'Reagent-PCT','0110',100,'100 Test Pack',1,'2020-10-13','2021-05-08','VITROS','2021-01-16','ok',NULL,'2021-01-16 19:45:10','8866580625'),(251,'Reagent-Free T3','2480',100,'100 Test Pack',1,'2020-06-17','2021-03-31','VITROS','2021-01-15','ok',NULL,'2021-01-16 19:48:22','8866580625'),(252,'calibrator- Free T3','2480',9,'ml',1,'2020-06-17','2021-03-31','VITROS','2021-01-16','ok',NULL,'2021-01-16 19:52:03','8866580625'),(253,'Reagent-Free T4','4600',100,'100 Test Pack',1,'2020-11-24','2021-02-07','VITROS','2021-01-15','ok',NULL,'2021-01-16 19:51:24','8866580625'),(254,'calibrator- Free T4','4600',9,'ml',1,'2020-11-24','2021-07-29','VITROS','2021-01-15','ok',NULL,'2021-01-16 19:53:38','8866580625'),(255,'IL-6 REAGENT KIT','W220091200',40,'40 TEST KIT',1,'2020-09-25','2022-03-25','VITROS','2021-01-15','ok',NULL,'2021-01-16 19:54:48','8866580625'),(256,'calibrator-ferritin','2340',9,'ml',1,'2020-09-24','2021-07-19','VITROS','2021-01-21','ok',NULL,'2021-01-21 12:18:52','8866580625'),(257,'Reagent-Ferritin','2340',100,'100 Test Pack',2,'2020-09-24','2021-07-19','VITROS','2021-01-21','ok',NULL,'2021-01-21 12:20:04','8866580625'),(258,'IL-6 REAGENT KIT','W2020091000',40,'40 TEST KIT',1,'2020-09-21','2022-03-21','VITROS','2021-01-21','ok',NULL,'2021-01-21 12:22:42','8866580625'),(259,'Reagent-TSH','6400',NULL,'100 Test Pack',1,'2020-11-16','2021-09-27','VITROS','2021-01-28','OK',NULL,'2021-01-29 16:03:10','8866580625'),(260,'Reagent-TSH','6400',NULL,'100 Test Pack',2,'2020-11-16','2021-09-27','VITROS','2021-01-29','OK',NULL,'2021-01-29 16:03:23','8866580625'),(261,'signal reagent','7054',56,'ml',3,'2020-11-04','2021-04-29','VITROS','2021-01-29','OK',NULL,'2021-01-29 16:05:41','8866580625'),(262,'QC-5','1392UN',100,'ml',6,'2020-10-01','2023-03-31','RANDOX','2021-01-29','ok',NULL,'2021-01-30 06:08:39','8866580625'),(263,'QC-8','1102UE',100,'ml',6,'2020-10-01','2023-07-28','RANDOX','2021-01-29','ok',NULL,'2021-01-30 06:10:22','8866580625'),(264,'versa tips','0000303421',1000,NULL,3,'2020-04-07',NULL,'VITROS','2021-02-02','OK',NULL,'2021-02-02 11:09:58','8866580625'),(265,'TP-BIURET','65',1000,'ml',2,'2021-02-03','2021-08-02','DHVANI','2021-02-03','ok',NULL,'2021-02-04 10:06:39','8866580625'),(266,NULL,NULL,NULL,NULL,NULL,NULL,NULL,NULL,NULL,NULL,NULL,NULL,NULL),(267,'ALB_BCG','64',1000,'ml',2,'2021-02-03','2021-08-02','DHVANI','2021-02-03','ok',NULL,'2021-02-04 10:08:05','8866580625'),(268,'MPR','30',1000,'ml',1,'2021-01-29','2021-02-07','DHVANI','2021-01-29','ok',NULL,'2021-02-04 10:09:36','8866580625'),(269,'Reagent-B12+folate pack-3','2210',100,'100 Test Pack',1,'2020-10-23','2021-10-18','VITROS','2021-02-06','ok',NULL,'2021-02-07 07:50:53','8866580625'),(270,'IL-6 REAGENT KIT','W2020091000',40,'40 TEST KIT',1,'2020-09-21','2022-03-21','QUANTIA','2021-02-05','ok',NULL,'2021-02-07 07:52:30','8866580625'),(271,'Reagent-Free T3','2611',100,'100 Test Pack',2,'2020-12-02','2021-09-08','VITROS','2021-02-05','ok',NULL,'2021-02-07 07:54:43','8866580625'),(272,'calibrator- Free T3','2611',9,'ml',1,'2020-12-02','2021-09-08','VITROS','2021-02-05','ok',NULL,'2021-02-07 07:56:30','8866580625'),(273,'Reagent-Free T4','4600',100,'100 Test Pack',2,'2020-11-24','2021-07-29','VITROS','2021-02-05','ok',NULL,'2021-02-07 07:58:25','8866580625'),(274,'Reagent-25 OH Vit-D Total','1330',100,'100 Test Pack',1,'2020-11-11','2021-09-10','VITROS','2021-02-05','ok',NULL,'2021-02-07 08:02:00','8866580625'),(275,'calibrator-25-OH Vit-D Total','1330',6,'ml',1,'2020-11-11','2021-09-10','VITROS','2021-02-05','ok',NULL,'2021-02-07 08:03:32','8866580625'),(276,'Reagent-vit B12','3275',200,'100 Test Pack',1,'2020-12-29','2021-11-10','VITROS','2021-02-05','ok',NULL,'2021-02-07 08:06:36','8866580625'),(277,'calibrator- Vit B12','3275',2,'ml',1,'2020-12-09','2021-11-10','VITROS','2021-02-05','ok',NULL,'2021-02-07 08:08:05','8866580625'),(278,'Reagent-PCT','0125',100,'100 Test Pack',1,'2020-11-12','2021-06-07','VITROS','2021-02-05','ok',NULL,'2021-02-07 08:09:42','8866580625'),(279,'calibrator-PCT','0125',NULL,'ml',1,'2020-11-12','2021-06-07','VITROS','2021-02-05','ok',NULL,'2021-02-07 08:11:04','8866580625'),(280,'D-Dimer','QDD1020',13,'ml',6,'2020-10-01','2021-09-30','QUANTIA','2021-02-10','ok',NULL,'2021-02-10 12:17:58','8866580625'),(281,'Reagent-Free T3','2611',100,'100 Test Pack',1,'2020-12-02','2021-09-08','VITROS','2021-02-13','ok',NULL,'2021-02-14 10:18:31','8866580625'),(282,'Reagent-Free T4','4600',100,'100 Test Pack',1,'2020-11-24','2021-07-29','VITROS','2021-02-13','ok',NULL,'2021-02-14 11:09:17','8866829055'),(283,'Reagent-TSH','6425',100,'100 Test Pack',3,'2020-12-15','2021-11-17','VITROS','2021-02-13','ok',NULL,'2021-02-14 10:25:41','8866580625'),(284,'calibrator- TSH','6425',6,'ml',1,'2020-12-15','2021-11-17','VITROS','2021-02-13','ok',NULL,'2021-02-14 10:37:54','8866580625'),(285,'CK-TOTAL','2372T',50,'ml',10,'2020-07-01','2022-02-28','SPINREACT','2021-02-12','ok',NULL,'2021-02-14 10:55:58','8866580625'),(286,'CKMB-UV','MB282',50,'ml',7,'2020-11-01','2022-06-30','SPINREACT','2021-02-12','ok',NULL,'2021-02-14 11:02:36','8866580625'),(287,'CKMB-UV','MB275',50,'ml',3,'2020-09-01','2022-06-30','SPINREACT','2021-02-12','ok',NULL,'2021-02-14 11:05:00','8866580625'),(288,'D-Dimer','QDD1020',13,'ml',3,'2020-10-01','2021-09-30','QUANTIA','2021-02-12','ok',NULL,'2021-02-14 11:45:56','8866580625'),(289,'vitrous eppendropp cup','W2020091000',40,'40 TEST KIT',1,NULL,'2022-03-21','HOTGEN','2021-02-16','ok',NULL,'2021-02-16 19:18:27','8866580625'),(290,'signal reagent','7056',28,'ml',2,'2020-11-04','2021-04-29','VITROS','2021-02-16','ok',NULL,'2021-02-16 19:20:22','8866580625'),(291,'LIP-TURBIDOMETRY','30',500,'ml',1,'2021-02-16','2021-08-15','Dr Sarita  medam','2021-02-16','ok',NULL,'2021-02-17 10:20:40','9099514805'),(293,'ALT_UV','B122074',330,'ml',30,'2020-12-12','2022-05-01','ERBA','2021-02-17','ok',NULL,'2021-02-17 16:31:12','9099514805'),(294,'Reagent-PCT','0125',100,'100 Test Pack',1,'2020-11-12','2021-06-07','vitros','2021-02-18',NULL,NULL,'2021-02-18 15:09:13','8866580625'),(295,'Reagent-Ferritin','2340',100,'100 Test Pack',3,'2020-09-24','2021-07-19','vitros','2021-02-18','ok',NULL,'2021-02-18 15:10:27','8866580625'),(296,'signal reagent','7018',28,'ml',4,'2020-10-15','2021-04-11','vitros','2021-02-18','ok',NULL,'2021-02-18 15:11:46','8866580625'),(297,'versa tips','000289869',10000,NULL,3,'2020-05-28',NULL,'vitros','2021-02-18','ok',NULL,'2021-02-18 15:15:10','8866580625'),(298,'QC-5','1392UN',100,'ml',6,'2020-10-01','2023-03-28','RANDOX','2021-02-25','ok',NULL,'2021-02-25 12:51:20','8866580625'),(299,'QC-8','1102UE',1000,'100 Test Pack',6,'2020-10-01','2023-07-01','RANDOX','2021-02-25','ok',NULL,'2021-02-25 12:52:27','8866580625'),(300,'Reagent-vit B12','3275',100,'100 Test Pack',1,'2020-12-29','2021-11-10','vitros','2021-02-25','ok',NULL,'2021-02-25 22:58:22','8866580625'),(301,'Reagent-TSH','6425',100,'100 Test Pack',2,'2020-12-15','2021-11-17','vitros','2021-02-25','ok',NULL,'2021-02-25 23:00:10','8866580625'),(302,'Reagent-Free T3','2623',100,'100 Test Pack',1,'2020-12-21','2021-11-30','vitros','2021-02-25','ok',NULL,'2021-02-25 23:02:59','8866580625'),(303,'calibrator- Free T3','2623',9,'ml',1,'2020-12-21','2021-11-30','vitros','2021-02-25','ok',NULL,'2021-02-25 23:07:53','8866580625'),(304,'Reagent-TSH','6425',100,'100 Test Pack',1,'2020-12-17','2021-11-17','vitros','2021-03-03','ok',NULL,'2021-03-03 00:10:13','8866580625'),(305,NULL,'W2020091000',40,'40 TEST KIT',1,'2020-09-21','2022-03-21','HOTGEN','2021-03-03','ok',NULL,'2021-03-03 00:13:25','8866580625'),(306,'Reagent-TSH','6425',100,'100 Test Pack',1,NULL,'2021-11-17','vitros','2021-03-04','ok',NULL,'2021-03-04 11:59:57','8866580625'),(307,'Reagent-Free T3','2623',100,'100 Test Pack',1,NULL,'2021-11-30','vitros','2021-03-04','ok',NULL,'2021-03-04 12:01:14','8866580625'),(308,'Reagent-Free T4','4617',100,'100 Test Pack',2,'2020-12-17',NULL,'vitros','2021-03-04','ok',NULL,'2021-03-04 12:02:22','8866580625'),(309,'calibrator- Free T4','4617',9,'ml',1,NULL,'2021-09-01','vitros','2021-03-04','ok',NULL,'2021-03-04 12:03:59','8866580625'),(310,'Reagent-PCT','0125',100,'100 Test Pack',1,'2020-11-12','2021-06-07','vitros','2021-03-09','ok',NULL,'2021-03-11 02:26:19','8866580625'),(311,'Reagent-Ferritin','2340',100,'100 Test Pack',1,'2020-09-24','2021-07-19','vitros','2021-03-09','ok',NULL,'2021-03-11 02:26:48','8866580625'),(312,'Reagent-TSH','6450',100,'100 Test Pack',4,'2021-02-02','2022-01-08','VITROS','2021-03-12','OK',NULL,'2021-03-12 09:57:24','8866580625'),(313,'Reagent-Free T3','2645',100,'40 TEST KIT',4,'2021-02-05','2021-07-25','VITROS',NULL,'OK',NULL,'2021-03-12 09:59:22','8866580625'),(314,'calibrator- Free T3','2645',9,'ml',1,'2021-02-05','2021-07-25','VITROS','2021-03-12','OK',NULL,'2021-03-12 10:01:55','8866580625'),(315,'calibrator- TSH','6450',100,'100 Test Pack',1,'2021-02-02','2022-01-08','vitros','2021-03-12','ok',NULL,'2021-03-14 16:22:57','8866580625'),(316,'Reagent-Free T4','4617',100,'100 Test Pack',3,'2020-12-17','2021-09-01','vitros','2021-03-12','ok',NULL,'2021-03-14 16:24:49','8866580625'),(317,'Reagent-25 OH Vit-D Total','1360',100,'100 Test Pack',1,'2021-01-25','2021-12-03','vitros','2021-03-12','ok',NULL,'2021-03-14 16:26:43','8866580625'),(318,'REAGENT-HSTROP','0306',100,'100 Test Pack',1,'2021-01-13','2021-07-13','vitros','2021-03-12','ok',NULL,'2021-03-14 16:30:47','8866580625'),(319,'CALIBRATOR HSTROP','0306',NULL,'ml',1,'2021-01-13','2021-07-13','vitros','2021-03-12','ok',NULL,'2021-03-14 16:33:11','8866580625'),(320,'calibrator-25-OH Vit-D Total','1360',6,'ml',1,'2021-01-25','2021-12-03','vitros','2021-03-12','ok',NULL,'2021-03-14 16:36:00','8866580625'),(321,'signal reagent','7056',29,'ml',2,NULL,'2021-04-29','vitros','2021-03-12','ok',NULL,'2021-03-14 16:37:19','8866580625'),(322,'signal reagent','7464',29,'ml',3,'2021-09-20','2021-07-08','VITROS','2021-03-16','OK',NULL,'2021-03-16 15:22:28','8866580625'),(323,'Reagent-PCT','0125',100,'100 Test Pack',1,'2020-11-12','2021-06-07','VITROS','2021-03-16','OK',NULL,'2021-03-16 15:23:35','8866580625'),(324,'Reagent-TSH','6450',100,'100 Test Pack',3,'2021-02-02','2022-01-08','VITROS','2021-03-16','OK',NULL,'2021-03-16 15:25:09','8866580625'),(325,'Reagent-Ferritin','2340',100,'100 Test Pack',3,'2020-09-24','2021-07-19','VITROS','2021-03-16','OK',NULL,'2021-03-16 15:26:50','8866580625'),(326,'IL-6 REAGENT KIT','W2020091000',40,'40 TEST KIT',2,'2020-09-21','2022-03-21','VITROS','2021-03-17','OK',NULL,'2021-03-23 01:28:05','8866580625'),(327,'Reagent-vit B12','3320',100,'100 Test Pack',2,NULL,'2022-01-20','VITROS','2021-03-18','OK',NULL,'2021-03-18 16:04:29','8866580625'),(328,'Reagent-25 OH Vit-D Total','1360',100,'100 Test Pack',2,NULL,'2021-12-03','VITROS','2021-03-18','OK',NULL,'2021-03-18 16:05:49','8866580625'),(329,'Reagent-B12+folate pack-3','2210',NULL,'ml',1,NULL,'2021-10-18','VITROS','2021-03-18','OK',NULL,'2021-03-18 16:07:14','8866580625'),(330,'D-Dimer','QDD1020',13,'ml',9,'2020-10-01','2021-09-30','QUANTIA','2021-03-19','ok',NULL,'2021-03-19 15:04:48','8866580625'),(331,'calibrator- Vit B12','3320',NULL,'ml',1,NULL,'2022-01-20','vitros','2021-03-18','ok',NULL,'2021-03-23 01:30:35','8866580625'),(332,'Reagent-Ferritin','2340',100,'100 Test Pack',1,'2020-09-24','2021-07-19','vitros',NULL,NULL,NULL,'2021-03-31 08:20:25','8866580625'),(333,'Reagent-PCT','0130',100,'100 Test Pack',1,NULL,'2021-07-01','vitros','2021-03-18','ok',NULL,'2021-03-23 01:37:27','8866580625'),(334,'Reagent-Free T3','2645',100,'100 Test Pack',3,NULL,'2021-07-25','vitros','2021-03-18','ok',NULL,'2021-03-31 08:16:46','8866580625'),(335,'Reagent-Free T4','4617',100,'100 Test Pack',3,NULL,'2021-09-01','vitros','2021-03-18','ok',NULL,'2021-03-31 08:16:16','8866580625'),(336,'MAGANESIUM','202',300,'ml',3,'2020-05-01','2021-10-31','spinreact','2021-03-24','ok',NULL,'2021-03-24 12:43:20','8866580625'),(337,'D-Dimer','QDD1021',13,'ml',9,'2020-11-01','2021-10-31','QUANTIA','2021-03-28','ok',NULL,'2021-03-28 10:44:13','8866580625'),(338,'CRP','S122027',55,'ml',2,'2020-12-01','2022-04-30','ERBA','2021-03-30','ok',NULL,'2021-03-30 17:29:13','8866580625'),(339,'Reagent-PCT','0130',100,'100 Test Pack',1,'2020-12-02','2020-07-01','vitros','2021-03-23','ok',NULL,'2021-03-31 08:22:02','8866580625'),(340,'Reagent-Ferritin','2340',100,'100 Test Pack',1,'2020-09-24','2020-07-19','vitros','2021-03-23','ok',NULL,'2021-03-31 08:23:33','8866580625'),(341,'Reagent-TSH','6450',100,'100 Test Pack',1,'2021-02-02','2022-01-08','vitros','2021-03-23','ok',NULL,'2021-03-31 08:25:01','8866580625'),(342,'Reagent-vit B12','3320',100,'100 Test Pack',1,'2021-02-18','2022-01-20','vitros','2021-03-25','ok',NULL,'2021-03-31 08:27:44','8866580625'),(343,'Reagent-B12+folate pack-3','2240',200,'100 Test Pack',1,'2021-01-18','2022-01-12','vitros','2021-03-25','ok',NULL,'2021-03-31 08:29:16','8866580625'),(344,'Reagent-PCT','0130',100,'100 Test Pack',1,'2020-12-02','2021-07-01','vitros','2021-03-25','ok',NULL,'2021-03-31 08:31:13','8866580625'),(345,'Reagent-TSH','6450',100,'100 Test Pack',4,'2021-02-02','2022-01-08','vitros','2021-03-25','ok',NULL,'2021-03-31 08:32:51','8866580625'),(346,'IL-6 REAGENT KIT','W2020091000',40,'40 TEST KIT',1,'2020-09-21','2022-03-21','HOTGEN','2021-03-25','ok',NULL,'2021-03-31 08:36:37','8866580625'),(347,'Reagent-Ferritin','2340',100,'100 Test Pack',1,'2020-09-24','2021-07-19','vitros','2021-03-26','ok',NULL,'2021-03-31 08:39:08','8866580625'),(348,'IL-6 REAGENT KIT','W2020090900',40,'40 TEST KIT',2,'2020-09-20','2022-03-20','HOTGEN','2021-03-26','ok',NULL,'2021-03-31 08:40:43','8866580625'),(350,'Anti-SARS-CoV-2IgG','0345',100,'100 Test Pack',1,'2020-02-18','2021-06-18','vitros','2021-03-28','ok',NULL,'2021-03-31 10:57:09','8866580625'),(351,'Reagent-Ferritin','2340',100,'100 Test Pack',2,'2020-09-24','2021-07-19','vitros','2021-03-28','ok',NULL,'2021-03-31 10:58:39','8866580625'),(352,'Reagent-PCT','0130',100,'ml',2,'2020-12-02','2021-07-01','vitros','2021-03-28','ok',NULL,'2021-03-31 10:59:35','8866580625'),(353,'Reagent-Ferritin','2340',100,'100 Test Pack',1,'2020-09-24','2021-07-19','VITROS','2021-03-31','OK',NULL,'2021-03-31 11:17:44','8200775004'),(354,'Reagent-PCT','0130',100,'100 Test Pack',1,'2020-12-02','2021-07-01','VITROS','2021-03-31','OK',NULL,'2021-03-31 11:18:46','8200775004'),(355,'D-Dimer','QDD1020',23,'ml',2,'2020-10-01','2021-09-30','QUANTIA','2021-03-31','ok',NULL,'2021-03-31 12:32:26','8866580625'),(356,'D-Dimer','QDD1021',23,'ml',2,'2020-11-01','2021-10-30','QUANTIA','2021-03-31','ok',NULL,'2021-03-31 12:34:09','8866580625'),(357,'CRP','S122027',55,'ml',5,'2020-12-01','2022-04-30','ERBA','2021-03-31','ok',NULL,'2021-03-31 12:36:10','8866580625'),(358,'Reagent-Ferritin','2340',100,'100 Test Pack',5,'2020-09-24','2021-07-19','vitros','2021-04-02','ok',NULL,'2021-04-02 12:32:36','8866580625'),(359,'Reagent-Free T4','4617',100,'100 Test Pack',2,'2020-12-17','2021-01-09','vitros','2021-04-02','ok',NULL,'2021-04-02 14:23:30','8866580625'),(360,'REAGENT-NT-PROBNP 2','0220',23,'100 Test Pack',2,'0201-02-10','2021-08-10','vitros','2021-04-02','ok',NULL,'2021-04-02 14:25:40','8866580625'),(361,'CALIBRATOR NT-PROBNP 2','0220',6,'ml',1,'2021-02-10','2021-08-10','vitros','2021-04-02','ok',NULL,'2021-04-02 14:27:43','8866580625'),(362,'Reagent-PCT','0130',100,'100 Test Pack',4,'2020-12-01','2021-07-01','vitros','2021-04-02','ok',NULL,'2021-04-02 14:29:45','8866580625'),(363,'versa tips','00357498',1000,NULL,4,NULL,NULL,NULL,'2021-04-02','ok',NULL,'2021-04-02 14:30:49','8866580625'),(364,'signal reagent','7217',29,'ml',4,NULL,'2021-07-31',NULL,'2021-04-02','ok',NULL,'2021-04-02 14:31:57','8866580625'),(365,'Reagent-vit B12','3320',100,'100 Test Pack',2,'2021-02-18','2022-01-20','vitros','2021-04-02',NULL,NULL,'2021-05-01 00:49:12','8866580625'),(366,'Reagent-B12+folate pack-3','2240',1,'ml',1,NULL,'2022-01-12','vitros',NULL,NULL,NULL,'2021-04-02 14:34:19','8866580625'),(367,'Reagent-Free T3','2645',100,'100 Test Pack',2,'2021-05-02','2021-07-25','vitros','2021-04-02','ok',NULL,'2021-04-02 14:37:17','8866580625'),(368,'Reagent-Ferritin','2340',100,'100 Test Pack',2,'2020-09-24','2021-07-19','vitros','2021-04-03','ok',NULL,'2021-05-01 16:07:57','8866580625'),(369,'IL-6 REAGENT KIT','W2020091000',40,'40 TEST KIT',2,'2020-09-21','2022-03-20','HOTGEN','2021-04-03','ok',NULL,'2021-05-01 00:36:19','8866580625'),(370,NULL,NULL,NULL,NULL,NULL,NULL,NULL,NULL,NULL,NULL,NULL,NULL,NULL),(371,'D-Dimer','QDD1021',23,'ml',5,'2020-11-01','2021-10-30','vitros','2021-04-03','ok',NULL,'2021-04-03 14:38:40','8866580625'),(372,'D-Dimer','QDD1021',23,'ml',13,'2020-11-01','2021-10-31','QUANTIA','2021-04-05','ok',NULL,'2021-04-05 18:56:03','8866580625'),(373,'CRP',' S022156',55,'ml',5,'2021-02-01','2022-11-30','ERBA','2021-04-05','ok',NULL,'2021-04-05 18:57:43','8866580625'),(374,'D-Dimer','QDD1021A',23,'ml',9,'2020-11-01','2021-10-31','QUANTIA','2021-04-06','ok',NULL,'2021-04-06 15:02:18','8866580625'),(375,'Reagent-Ferritin','2340',100,'100 Test Pack',2,'2020-09-24','2021-07-19','VITROS','2021-04-06','OK',NULL,'2021-04-06 15:50:33','8866580625'),(376,'Reagent-PCT','0130',100,'100 Test Pack',2,'2020-09-24','2021-07-19','VITROS','2021-04-06','OK',NULL,'2021-04-06 15:53:11','8866580625'),(377,'Reagent-Free T3','2645',100,'100 Test Pack',1,'2021-02-05','2021-07-25','VITROS','2021-04-06','OK',NULL,'2021-06-21 11:04:31','8866580625'),(378,'Reagent-Ferritin','2340',100,'100 Test Pack',3,NULL,'2021-07-19','vitros','2021-04-08','OK',NULL,'2021-04-07 12:04:50','8866580625'),(379,NULL,NULL,NULL,NULL,NULL,NULL,NULL,NULL,NULL,NULL,NULL,NULL,NULL),(380,'Reagent-PCT','0130',100,'100 Test Pack',1,NULL,'2021-07-01','vitros','2021-04-08','OK',NULL,'2021-04-07 12:05:49','8866580625'),(381,'signal reagent','7217',29,'ml',3,NULL,'2021-08-01','vitros','2021-04-08',NULL,NULL,'2021-04-07 12:06:46','8866580625'),(382,'ALT_UV','S032130',330,'ml',30,'2021-03-01','2022-08-31','ERBA','2021-04-01','OK',NULL,'2021-04-08 13:33:08','8866580625'),(383,'SGOT','S012145',NULL,'ml',6,'2021-01-01','2022-06-30','ERBA','2021-04-01','OK',NULL,'2021-04-08 13:48:01','8866580625'),(384,'Reagent-Ferritin','2410',100,'100 Test Pack',4,'2021-03-01','2021-12-22','VITROS','2021-04-09','OK',NULL,'2021-04-09 13:29:09','8866580625'),(385,'calibrator-ferritin','2410',NULL,'ml',1,'2021-03-01','2021-12-22','VITROS','2021-04-09','OK',NULL,'2021-04-09 13:30:13','8866580625'),(386,'REAGENT-HSTROP','0310',100,'100 Test Pack',1,'2021-02-05','2021-08-05','VITROS','2021-04-09','OK',NULL,'2021-04-09 13:35:06','8866580625'),(387,'CALIBRATOR HSTROP','0310',NULL,'ml',1,'2021-02-05','2021-08-05','VITROS','2021-04-09','OK',NULL,'2021-04-09 13:37:35','8866580625'),(388,'Reagent-PCT','0310',100,'100 Test Pack',1,'2020-12-02','2021-07-01','VITROS','2021-04-09','OK',NULL,'2021-04-09 13:39:30','8866580625'),(389,'maintenance pack vitros','2170',100,'100 Test Pack',1,'2021-01-10','2025-02-06','VITROS','2021-04-09','OK',NULL,'2021-07-20 15:01:44','8866580625'),(390,'IL-6 REAGENT KIT','W2020091000',40,'40 TEST KIT',2,'2020-09-21','2022-03-21','HOTGEN','2021-04-09','ok',NULL,'2021-05-01 00:39:45','8866580625'),(392,'IMMUNO QC TRI LEVEL','545020',15,'ml',1,'2021-02-01','2022-12-31','RANDOX','2021-04-09','ok',NULL,'2021-04-09 18:21:20','8866580625'),(393,'D-Dimer','QDD1022',23,'ml',20,'2021-03-01','2022-02-28','QUANTIA','2021-04-10','ok',NULL,'2021-04-10 13:54:37','8866580625'),(394,'CRP','S032153',55,'ml',25,'2021-03-01','2022-11-30','ERBA','2021-04-10','ok',NULL,'2021-04-10 14:01:36','8866580625'),(395,'GLC_GODPOD','S032116',440,'ml',20,'2021-03-01','2023-02-28','ERBA','2021-04-09','ok',NULL,'2021-04-10 21:56:19','8866580625'),(397,'UREA-UREASE','B112040',275,'ml',12,'2020-11-01','2022-06-30','ERBA','2021-03-24','ok',NULL,'2021-04-10 22:29:29','8866580625'),(398,'Reagent-Ferritin','2410',40,'100 Test Pack',3,'2021-03-01','2021-12-22','vitros','2021-04-12','ok',NULL,'2021-04-12 17:21:16','8866580625'),(399,'Reagent-PCT','0130',100,'100 Test Pack',5,'2020-12-02','2021-07-01','vitros','2021-04-12','ok',NULL,'2021-04-12 17:22:13','8866580625'),(400,'Anti-SARS-CoV-2IgG','0335',100,'100 Test Pack',2,'2020-12-07','2021-06-06','vitros','2021-04-13','ok',NULL,'2021-04-13 21:21:05','8866580625'),(404,'CALIBRATOR-COV 2IgG','0335',2,'ml',1,'2020-12-07','2021-10-20','vitros','2021-04-13','ok',NULL,'2021-04-13 21:32:32','8866580625'),(405,'CRP','S032153',55,'ml',3,'2021-03-01','2022-11-30','ERBA','2021-04-15','OK',NULL,'2021-04-14 13:35:17','8866580625'),(406,'D-Dimer','QDD1023',23,'ml',59,'2021-04-01','2022-03-31','QUANTIA','2021-04-15','OK',NULL,'2021-04-14 13:43:47','8866580625'),(407,'Reagent-Ferritin','2410',100,'100 Test Pack',8,'2021-03-01','2021-03-01','vitros','2021-04-14','ok',NULL,'2021-04-14 16:12:13','8866580625'),(408,NULL,'W2020100300',40,'40 TEST KIT',3,'2020-10-15','2022-04-15','HOTGEN','2021-04-15','OK',NULL,'2021-05-01 00:29:55','8866580625'),(409,'Reagent-Ferritin','2410',100,'100 Test Pack',4,'2021-03-01','2021-12-22','vitros','2021-04-17','ok',NULL,'2021-04-17 15:26:50','8866580625'),(411,'Reagent-PCT','0150',100,'100 Test Pack',10,'2021-01-28','2021-08-23','vitros','2021-04-17','ok',NULL,'2021-04-17 19:29:10','8866580625'),(412,'calibrator-PCT','0150',12,'ml',1,'2021-01-28','2021-08-23','vitros','2021-04-17','ok',NULL,'2021-04-17 19:30:21','8866580625'),(413,'CRP','S032153',55,'ml',5,'2021-03-01','2022-11-30','ERBA','2021-04-19','ok',NULL,'2021-04-19 12:16:37','8866580625'),(414,'CRP','S042132',55,'ml',20,'2021-04-01','2022-11-01','ERBA','2021-04-21','ok',NULL,'2021-04-21 13:28:56','8866580625'),(415,'Reagent-Ferritin','2410',100,'100 Test Pack',2,'2021-03-01','2021-12-22','vitros','2021-04-24','OK',NULL,'2021-04-23 12:52:26','8866580625'),(416,'Anti-SARS-CoV-2IgG','0335',100,'100 Test Pack',1,'2020-12-07','2021-06-06','vitros','2021-04-23','OK',NULL,'2021-04-23 12:54:09','8866580625'),(417,'Reagent-Ferritin','2410',100,'100 Test Pack',10,'2021-03-01','2021-12-22','vitros','2021-04-27','ok',NULL,'2021-04-27 22:39:30','8866580625'),(418,'Reagent-PCT','0150',100,'100 Test Pack',5,'2021-01-28','2021-08-23','vitros','2021-04-27','ok',NULL,'2021-04-27 22:41:51','8866580625'),(419,'IL-6 REAGENT KIT','W2021040100',40,'40 TEST KIT',1,'2021-04-05','2022-10-05','HOTGEN','2021-04-30','OK',NULL,'2021-04-30 15:19:47','6351535170'),(420,'Reagent-Ferritin','2410',100,'100 Test Pack',3,'2021-03-01','2021-12-22','vitros','2021-05-03','ok',NULL,'2021-05-03 13:24:35','8866580625'),(421,'IL-6 REAGENT KIT','W2021040300',40,'40 TEST KIT',1,'2021-04-11','2022-10-11','Hotgen','2021-05-06',NULL,NULL,'2021-05-06 12:49:18','8866829055'),(422,'Anti-SARS-CoV-2IgG','0360',100,'100 Test Pack',2,'2021-02-09','2021-08-09','vitros','2021-05-06','OK',NULL,'2021-05-06 13:29:31','8866580625'),(423,'Reagent-PCT','0160',100,'100 Test Pack',1,'2021-02-26','2021-09-19','vitros','2021-05-06','OK',NULL,'2021-05-06 13:31:33','8866580625'),(424,'calibrator-PCT','0160',6,'ml',1,'2021-02-26','2021-09-18','vitros','2021-05-06','OK',NULL,'2021-05-06 13:32:51','8866580625'),(425,'IL-6 REAGENT KIT','W2021040300',40,'40 TEST KIT',2,'2021-04-11','2022-10-11','Hotgen','2021-05-07','OK',NULL,'2021-05-07 16:50:21','8866829055'),(426,'Reagent-PCT','0170',100,'100 Test Pack',10,'2021-03-26','2021-10-19','vitros','2021-05-07','ok',NULL,'2021-05-07 17:44:47','8866580625'),(427,'Reagent-Ferritin','2440',100,'100 Test Pack',10,'2021-04-07','2022-02-01','vitros','2021-05-07','ok',NULL,'2021-05-07 17:46:08','8866580625'),(428,'calibrator-PCT','0170',6,'ml',1,'2021-03-26','2021-03-26','vitros','2021-05-07','ok',NULL,'2021-05-07 18:57:07','8866580625'),(429,'TBIL-R1_CAFFINE','93',1000,'ml',2,'2021-04-27','2021-11-05','dhvani','2021-04-27','OK',NULL,'2021-05-08 10:40:22','8866580625'),(431,'DBIL-R1_HCL','93',1000,'ml',2,'2021-04-27','2021-11-26','dhvani','2021-04-27','ok',NULL,'2021-05-08 16:56:07','8866580625'),(432,'ALP-R1','34',1000,'ml',1,'2021-04-17','2021-10-16','dhvani','2021-04-17','ok',NULL,'2021-05-10 00:42:26','8866580625'),(433,'ALP-R2','34',500,'ml',1,'2021-04-17','2021-10-16','dhvani','2021-04-17','ok',NULL,'2021-05-10 00:44:25','8866580625'),(434,'TP-BIURET','66',1000,'ml',2,'2021-04-15','2021-10-14','dhvani','2021-04-15','ok',NULL,'2021-06-21 12:20:30','8866580625'),(435,'LDH-DEA-R1','60',1000,'ml',1,'2021-05-05','2021-11-04','dhvani','2021-05-05','ok',NULL,'2021-05-10 00:52:47','8866580625'),(436,'LDH-R2-NAD','60',100,'ml',1,'2021-05-05','2021-11-04','dhvani','2021-05-05','ok',NULL,'2021-05-10 00:54:29','8866580625'),(437,'CR-R1 NAOH','98',1000,'ml',2,'2021-04-22','2021-10-21','dhvani','2021-04-22','ok',NULL,'2021-05-10 07:55:16','8866580625'),(438,'CR-R2 PICRATE','98',1000,'ml',2,'2021-04-22','2021-10-21','dhvani','2021-04-22','ok',NULL,'2021-05-10 07:56:04','8866580625'),(439,'D-Dimer','TDR 210507',40,'ml',4,'2021-05-01','2022-10-30','Labcare','2021-05-11','ok',NULL,'2021-05-11 17:13:18','9099514805'),(441,'Reagent-PCT','0170',100,'100 Test Pack',5,'2021-03-26','2021-10-19','VITROS','2021-05-12','OK',NULL,'2021-05-12 18:33:40','8866580625'),(442,'Reagent-Ferritin','2440',100,'100 Test Pack',5,NULL,'2022-02-01','VITROS','2021-05-12',NULL,NULL,'2021-05-12 18:36:39','8866580625'),(448,'Reagent-Ferritin','2440',100,'100 Test Pack',8,'2021-04-07','2022-02-01','vitros','2021-05-14',NULL,NULL,'2021-05-14 13:53:18','9099514805'),(449,'Reagent-PCT','0170',100,'100 Test Pack',3,'2021-03-26','2021-10-19','vitros','2021-05-14',NULL,NULL,'2021-05-14 13:55:55','8866580625'),(450,'IL-6 REAGENT KIT','W2020100300',40,'40 TEST KIT',1,'2020-10-15','2022-04-15','HOTGEN','2021-05-14',NULL,NULL,'2021-05-14 14:00:34','8866580625'),(451,'IL-6 REAGENT KIT','W2021040500',40,'40 TEST KIT',2,'2021-04-25','2022-10-25','HOTGEN','2021-05-14',NULL,NULL,'2021-05-14 14:00:23','8866580625'),(452,'UA-URICASE','366',110,'ml',3,'2021-01-01','2022-07-30','SPINREACT','2021-05-15','OK',NULL,'2021-05-15 12:41:46','8866580625'),(453,'TG-GPO','392',110,'ml',4,'2021-03-01','2022-11-30','SPINREACT','2021-05-15','OK',NULL,'2021-05-15 12:43:10','8866580625'),(454,'D-Dimer','QDD1025B',50,'ml',3,'2021-04-01','2022-03-30','QUANTIA','2021-05-15','OK',NULL,'2021-05-15 12:49:58','8866580625'),(456,'REAGENT-HSTROP','0330',100,'100 Test Pack',1,'2021-03-18','2021-09-15',NULL,'2021-05-21','ok',NULL,'2021-05-21 12:37:24','8866580625'),(457,'CALIBRATOR HSTROP','0330',6,'ml',1,'2021-03-18','2021-09-15','vitros','2021-05-21','ok',NULL,'2021-05-21 12:38:56','8866580625'),(458,'Reagent-Total beta hcg-2','3080',100,'100 Test Pack',1,'2021-03-31','2022-05-02','vitros','2021-05-21','ok',NULL,'2021-05-21 12:39:59','8866580625'),(459,'calibrator-Total beta hcg -2','3080',9,'ml',1,'2021-03-31','2022-02-05','vitros','2021-05-21','ok',NULL,'2021-05-21 12:42:05','8866580625'),(460,'Reagent-TSH','6450',100,'100 Test Pack',1,'2021-02-02','2022-01-08','vitros','2021-05-27','ok',NULL,'2021-05-27 22:28:53','8866580625'),(461,'Reagent-Free T3','2645',100,'100 Test Pack',1,'2021-02-05','2021-07-25','vitros','2021-05-27','ok',NULL,'2021-05-27 22:32:34','8866580625'),(462,'Reagent-Free T4','4617',100,'100 Test Pack',1,NULL,'2021-09-01','vitros','2021-05-27','ok',NULL,'2021-05-27 22:33:42','8866580625'),(463,'Reagent-PCT','0170',100,'100 Test Pack',5,'2021-03-26','2021-10-19','vitros','2021-05-27',NULL,NULL,'2021-05-27 22:37:46','8866580625'),(464,'Reagent-Ferritin','2430',100,'100 Test Pack',1,'2021-03-19','2022-01-17','vitros','2021-05-27',NULL,NULL,'2021-05-27 22:41:42','8866580625'),(465,'Reagent-Ferritin','2440',100,'100 Test Pack',2,'2021-04-07','2022-02-01','vitros','2021-05-27',NULL,NULL,'2021-05-27 22:42:52','8866580625'),(466,'calibrator-ferritin','2430',9,'ml',1,'2021-03-19','2022-01-17','vitros','2021-05-27','ok',NULL,'2021-05-28 00:05:13','8866580625'),(467,'PHOSPHATE MOLYBDATE','33',1000,'ml',2,'2021-05-25','2021-11-24','DR Sarita','2021-05-25','ok',NULL,'2021-06-02 00:03:12','8866580625'),(468,'CR-R1 NAOH','99',1000,'ml',2,'2021-06-02','2021-12-01','dhvani','2021-06-02','OK',NULL,'2021-06-02 17:11:33','8866580625'),(469,'CR-R2 PICRATE','99',1000,'ml',2,'2021-06-02','2021-12-01','dhvani','2021-06-02',NULL,NULL,'2021-06-02 17:53:34','8866580625'),(470,'CRP','S042142',55,'ml',6,'2221-04-01','2022-11-30','ERBA','2021-06-03','OK',NULL,'2021-06-03 12:18:25','8866580625'),(471,'REAGENT-NT-PROBNP 2','0240',100,'100 Test Pack',1,NULL,'2021-09-24','VITROS','2021-06-03',NULL,NULL,'2021-06-03 13:16:02','8866580625'),(472,'Reagent-TSH','6450',100,'100 Test Pack',3,'2021-02-02','2022-01-08','VITROS','2021-06-03',NULL,NULL,'2021-06-25 09:04:27','8866580625'),(473,'Reagent-Free T4','4650',100,'100 Test Pack',1,'2021-02-08','0021-10-25','VITROS','2021-06-03',NULL,NULL,'2021-06-30 11:58:23','8866580625'),(474,'Reagent-25 OH Vit-D Total','1440',100,'100 Test Pack',1,'2021-04-13','2022-02-04','VITROS','2021-06-03',NULL,NULL,'2021-06-03 13:18:57','8866580625'),(475,'MAGANESIUM','216',300,'ml',5,'2021-04-01','2022-08-30','spinreact','2021-06-10','ok',NULL,'2021-06-11 08:58:36','8866580625'),(476,NULL,'QDD1026A',50,'ml',2,'2021-05-01','2022-03-01','QUANTIA','2021-06-07','ok',NULL,'2021-07-15 00:14:10','8866580625'),(477,'ADENOSINE BUFFER','12',500,'ml',1,'2021-06-10','2021-12-09','DHVANI','2021-06-10',NULL,NULL,'2021-06-11 09:42:31','8866580625'),(478,'TBIL-R1_CAFFINE','94',1000,'ml',2,'2021-06-11','2021-12-10','dhvani','2021-06-11','ok',NULL,'2021-06-14 19:05:24','8866580625'),(479,'DBIL-R1_HCL','94',1000,'ml',2,'2021-06-11','2021-12-10','dhvani','2021-06-11','ok',NULL,'2021-06-14 19:06:02','8866580625'),(480,'DIAZO-A','94',1000,'ml',2,'2021-06-11','2021-12-10','dhvani','2021-06-11','ok',NULL,'2021-06-14 19:06:36','8866580625'),(481,'DIAZO-B','94',250,'ml',1,'2021-06-11','2021-12-10','dhvani','2021-06-11','ok',NULL,'2021-06-14 19:07:13','8866580625'),(482,'Reagent-Free T3','2645',100,'40 TEST KIT',1,'2021-02-05','2021-07-25','vitros','2021-06-17','ok',NULL,'2021-06-21 11:04:06','8866580625'),(483,'Reagent-TSH','6500',100,'100 Test Pack',1,'2021-03-11','2022-02-01','vitros','2021-06-17','ok',NULL,'2021-06-21 11:03:37','8866580625'),(484,'REAGENT-HSTROP','0330',100,'100 Test Pack',1,'2021-03-18','2021-09-15','vitros','2021-06-16',NULL,NULL,'2021-06-21 11:01:55','8866580625'),(485,'CALCIUM_ARSENAZO','66',1000,'ml',2,'2021-03-16','2021-09-15','dhvani','2021-03-16','OK',NULL,'2021-06-21 11:11:23','8866580625'),(486,'PHOSPHATE MOLYBDATE','32',1000,'ml',2,'2021-03-12','2021-09-11','dhvani','2021-03-12','OK',NULL,'2021-06-21 11:16:29','8866580625'),(487,'TBIL-R1_CAFFINE','90',1000,'ml',2,'2021-01-18','2021-07-17','dhvani','2021-01-18','OK',NULL,'2021-06-21 11:26:58','8866580625'),(488,'TBIL-R1_CAFFINE','91',1000,'ml',2,'2021-02-23','2021-08-22','dhvani','2021-02-23','OK',NULL,'2021-06-21 11:31:00','8866580625'),(489,'TBIL-R1_CAFFINE','92',1000,'ml',2,'2021-03-30','2021-09-29','dhvani','2021-03-30','OK',NULL,'2021-06-21 11:32:25','8866580625'),(490,'DBIL-R1_HCL','90',1000,'ml',2,'2021-01-18','2021-07-17','dhvani','2021-01-18','OK',NULL,'2021-06-21 11:34:12','8866580625'),(491,'DBIL-R1_HCL','91',1000,'ml',2,'2021-03-30','2021-07-29','dhvani','2021-03-30','OK',NULL,'2021-06-21 11:35:40','8866580625'),(492,'DBIL-R1_HCL','92',1000,'ml',2,'2021-03-30','2021-09-29','dhvani','2021-03-30','OK',NULL,'2021-06-21 11:38:47','8866580625'),(493,NULL,NULL,NULL,NULL,NULL,NULL,NULL,NULL,NULL,NULL,NULL,NULL,NULL),(494,'DIAZO-A','88',1000,'ml',2,'2020-11-03','2021-05-02','dhvani','2020-11-11','OK',NULL,'2021-06-21 11:43:22','8866580625'),(495,'DIAZO-A','90',1000,'ml',2,'2021-01-18','2021-07-17','dhvani','2021-01-18','OK',NULL,'2021-06-21 11:46:00','8866580625'),(496,'DIAZO-A','91',1000,'ml',2,'2021-02-23','2021-08-22','dhvani','2021-02-23','OK',NULL,'2021-06-21 11:47:56','8866580625'),(497,'DIAZO-A','92',1000,'ml',2,'2021-03-30','2021-09-29','dhvani','2021-03-30','OK',NULL,'2021-06-21 11:49:38','8866580625'),(498,'DIAZO-A','93',1000,'ml',2,'2021-04-27','2021-11-05','dhvani','2021-04-27','OK',NULL,'2021-06-21 11:51:23','8866580625'),(499,NULL,NULL,NULL,NULL,NULL,NULL,NULL,NULL,NULL,NULL,NULL,NULL,NULL),(500,'DIAZO-B','88',250,'ml',1,'2020-11-03','2021-05-02','dhvani','2021-03-11','OK',NULL,'2021-06-21 11:55:26','8866580625'),(501,'DIAZO-B','90',250,'ml',1,'2021-01-18','2021-07-17','dhvani','2021-01-18','OK',NULL,'2021-06-21 11:58:54','8866580625'),(502,'DIAZO-B','91',250,'ml',1,'2021-02-23','2021-08-22','dhvani','2021-02-23','OK',NULL,'2021-06-21 12:02:08','8866580625'),(503,'DIAZO-B','92',250,'ml',1,'2021-03-30','2021-09-29','dhvani','2021-03-30','OK',NULL,'2021-06-21 12:02:57','8866580625'),(504,'DIAZO-B','93',250,'ml',1,'2021-04-27','2021-11-05','dhvani','2021-04-27','OK',NULL,'2021-06-21 12:04:06','8866580625'),(505,'CR-R1 NAOH','96',1000,'ml',2,'2021-02-16','2021-07-15','chinka','2021-02-16','OK',NULL,'2021-06-21 12:08:28','8866580625'),(506,'CR-R1 NAOH','97',1000,'ml',2,'2021-03-22','2021-09-21','dhvani','2021-03-22','OK',NULL,'2021-06-21 12:09:24','8866580625'),(508,'CR-R2 PICRATE','96',1000,'ml',2,'2021-02-16','2021-08-15','chinka','2021-02-16','OK',NULL,'2021-06-21 12:12:48','8866580625'),(509,'CR-R2 PICRATE','97',1000,'ml',2,'2021-03-22','2021-09-21','dhvani','2021-03-22','OK',NULL,'2021-06-21 12:14:31','8866580625'),(510,'ALB_BCG','65',1000,'ml',2,'2021-04-01','2021-10-31','dhvani','2021-04-01','OK',NULL,'2021-06-21 12:17:41','8866580625'),(511,'TP-BIURET','63',1000,'ml',2,'2021-07-28','2021-01-27','chinka','2021-07-28','OK',NULL,'2021-06-21 12:29:39','8866580625'),(512,'LDH-DEA-R1','59',1000,'ml',1,'2021-03-25','2021-09-24','dhvani','2021-03-25',NULL,NULL,'2021-06-21 12:35:08','8866580625'),(513,'UIBC-R1_HYDROXYLAMINE','13',1000,'ml',1,'2021-04-05','2021-10-04','dhvani','2021-04-05','OK',NULL,'2021-06-21 12:50:36','8866580625'),(514,'UIBC-R2_FERROZINE','13',250,'ml',1,'2021-04-05','2021-10-04','dhvani','2021-04-05','OK',NULL,'2021-06-21 12:53:32','8866580625'),(515,NULL,NULL,NULL,NULL,NULL,NULL,NULL,NULL,NULL,NULL,NULL,NULL,NULL),(516,NULL,NULL,NULL,NULL,NULL,NULL,NULL,NULL,NULL,NULL,NULL,NULL,NULL),(517,'STD-A -NA + K','34',1000,'ml',2,'2021-02-16','2021-08-15','dhvani','2021-02-16','OK',NULL,'2021-06-21 13:12:40','8866580625'),(518,'STD-A -NA + K','35',1000,'ml',2,'2021-06-09','2021-12-08','dhvani','2021-06-09','OK',NULL,'2021-06-21 13:13:32','8866580625'),(519,'STD-B NA+K','48',1000,'ml',2,'2020-10-27','2021-04-26','chinka','2020-10-27','OK',NULL,'2021-06-21 13:23:36','8866580625'),(520,'STD-B NA+K','49',1000,'ml',2,'2021-02-22','2021-07-21','dhvani','2021-02-22',NULL,NULL,'2021-06-21 13:24:52','8866580625'),(521,'D-Dimer','QDD1026A',50,'ml',2,'2021-05-01','2022-03-01','QUANTIA','2021-06-07','OK',NULL,'2021-07-15 00:24:41','8866580625'),(522,NULL,NULL,NULL,NULL,NULL,NULL,NULL,NULL,NULL,NULL,NULL,NULL,NULL),(523,'ADENOSINE BUFFER','8',1000,'ml',1,'2021-01-07','2021-06-30','chinka','2021-01-07','ok',NULL,'2021-06-22 02:03:15','8866580625'),(524,'ADENOSINE BUFFER','9',1000,'ml',1,'2021-03-13','2021-09-12','dhvani','2021-01-13','ok',NULL,'2021-06-22 02:04:23','8866580625'),(525,'ADENOSINE BUFFER','10',1000,'ml',1,'2021-05-04','2021-11-03','dhvani','2021-04-05','ok',NULL,'2021-06-22 02:05:58','8866580625'),(526,'ADENOSINE BUFFER','11',1000,'ml',1,'2021-05-19','2021-11-18','dhvani','2021-05-19','ok',NULL,'2021-06-22 02:07:11','8866580625'),(528,'ALB_BCG','66',1000,'ml',2,'2021-06-21','2021-12-20','dhvani','2021-06-21',NULL,NULL,'2021-06-22 19:10:08','8866580625'),(529,'REAGENT-NT-PROBNP 2','0250',100,'100 Test Pack',1,'2021-04-26','2021-10-23','VITROS','2021-06-24','OK',NULL,'2021-06-24 14:32:00','8866580625'),(532,'Reagent-Free T4','4650',100,'100 Test Pack',1,'2021-02-08','2021-10-25','vitros','2021-06-23','ok',NULL,'2021-06-28 00:14:52','8866580625'),(533,'Reagent-TSH','6450',100,'100 Test Pack',2,'2021-02-02','2022-01-08','vitros','2021-06-23','ok',NULL,'2021-06-28 00:16:20','8866580625'),(534,'CALIBRATOR NT-PROBNP 2','0250',12,'ml',1,'2021-04-26','2021-10-23','vitros','2021-06-24','ok',NULL,'2021-06-28 00:21:17','8866580625'),(535,'Reagent-Free T3','2690',100,'100 Test Pack',1,'2021-03-17','2022-02-09','vitros','2021-06-24','ok',NULL,'2021-06-28 00:25:53','8866580625'),(536,'REAGENT-HSTROP','0330',100,'100 Test Pack',1,'2021-03-16','2021-09-15','vitros','2021-06-24','ok',NULL,'2021-06-28 00:27:40','8866580625'),(537,'Reagent-vit B12','3330',100,'100 Test Pack',1,'2021-02-23','2022-01-24','vitros','2021-06-24','ok',NULL,'2021-06-28 00:29:14','8866580625'),(538,'Reagent-TSH','6450',100,'100 Test Pack',1,'2021-02-02','2022-01-08','vitros','2021-06-26','ok',NULL,'2021-06-28 00:30:38','8866580625'),(540,'Reagent-TSH','6450',100,'100 Test Pack',3,'2021-02-02','2022-01-08','vitros','2021-06-29','ok',NULL,'2021-06-30 11:55:08','8866580625'),(542,'Reagent-Free T3','2690',100,'100 Test Pack',4,'2021-03-17','2022-02-09','vitros','2021-06-29','ok',NULL,'2021-06-30 11:57:02','8866580625'),(543,'Reagent-Free T4','4650',100,'100 Test Pack',4,'2021-02-08','2021-10-25','vitros','2021-06-29','ok',NULL,'2021-06-30 11:58:50','8866580625'),(544,'CRP','BO62171',55,'ml',4,'2021-06-01','2023-06-30','ERBA','2021-07-01','ok',NULL,'2021-07-01 17:31:04','8866829055'),(545,'CALCIUM_ARSENAZO','67',2000,'ml',1,'2021-07-02','2022-01-01','dhvani','2021-07-02','ok',NULL,'2021-07-04 11:29:03','9099666466'),(549,'CR-R1 NAOH','100',1000,'ml',1,'2021-07-05','2022-01-04','dhvani','2021-07-05','ok',NULL,'2021-07-07 16:57:54','8866580625'),(550,'CR-R2 PICRATE','98',1000,'ml',2,'2021-07-05','2022-01-04','dhvani','2021-07-05','ok',NULL,'2021-07-07 16:43:08','8866580625'),(551,'UIBC-R1_HYDROXYLAMINE','14',1000,'ml',1,'2021-07-03','0001-01-01','dhvani','2022-01-02','ok',NULL,'2021-07-08 08:20:08','8866580625'),(552,'UIBC-R2_FERROZINE','14',250,'ml',1,'2021-07-03','2022-01-02','dhvani','2021-07-03','ok',NULL,'2021-07-08 08:20:21','8866580625'),(553,'MPR','31',1000,'ml',1,'2021-07-01','2021-12-30','dhvani','2021-07-01','OK',NULL,'2021-07-10 12:25:11','8866580625'),(554,'TBIL-R1_CAFFINE','95',1000,'ml',1,'2021-07-08','2022-01-07','DHVANI','2021-07-08',NULL,NULL,'2021-07-10 16:33:29','8866580625'),(555,'DBIL-R1_HCL','95',1000,'ml',1,'2021-07-08','2022-01-07','dhvani','2021-07-08',NULL,NULL,'2021-07-10 16:34:26','8866580625'),(556,'DIAZO-A','95',1000,'ml',2,'2021-07-08','2022-01-07','dhvani','2021-07-08','ok',NULL,'2021-07-10 16:35:05','8866580625'),(557,'DIAZO-B','95',250,'ml',1,'2021-07-08','2022-01-07','dhvani','2021-07-08','ok',NULL,'2021-07-10 16:35:42','8866580625'),(558,NULL,NULL,NULL,NULL,NULL,NULL,NULL,NULL,NULL,NULL,NULL,NULL,NULL),(559,'Reagent-Ferritin','2420',100,'100 Test Pack',2,'2021-03-10','2022-01-05','vitros','2021-07-14','ok',NULL,'2021-07-14 17:38:25','8866580625'),(560,'Reagent-FSH','3030',100,'100 Test Pack',1,'2021-04-10','2021-10-08','vitros','2021-07-14','ok',NULL,'2021-07-14 17:47:27','8866580625'),(561,'calibrator- FSH','3030',NULL,'ml',1,'2021-04-09','2021-10-08','dhvani','2021-07-14','ok',NULL,'2021-07-14 17:57:34','8866580625'),(562,'AMY_CNPG3','LIQ327',40,'ml',6,'2021-01-01','2022-09-30','spinreact','2021-07-14','ok',NULL,'2021-07-14 22:19:35','8866580625'),(563,'CK-TOTAL','2387 T',50,'ml',5,'2021-04-21','2022-10-30','spinreact','2021-07-14','ok',NULL,'2021-07-14 22:23:26','8866580625'),(564,'CK-TOTAL','2383 T',48,'ml',1,'2021-02-01','2022-06-30','spinreact','2021-07-14','ok',NULL,'2021-07-14 22:28:22','8866580625'),(566,'CKMB-UV','MB285',48,'ml',6,'2021-05-01','2022-10-30','spinreact','2021-07-14','ok',NULL,'2021-07-14 22:31:04','8866580625'),(567,'D-Dimer','QDD1026A',50,'ml',16,'2021-05-01','2022-03-01','QUANTIA','2021-06-15','ok',NULL,'2021-07-15 00:23:26','8866580625'),(568,'Reagent-LH','1870',100,'100 Test Pack',1,'2021-04-10','2022-02-04','VITROS','2021-07-15','OK',NULL,'2021-07-15 17:07:18','8866580625'),(569,'calibrator- LH','1870',2,'ml',1,'2021-04-10','2021-02-04','VITROS','2021-07-15','OK',NULL,'2021-07-15 17:09:48','8866580625'),(570,'Reagent-prolactin','2800',100,'100 Test Pack',1,'2021-05-07','2022-01-10','VITROS','2021-07-15','OK',NULL,'2021-07-15 17:12:34','8447530645'),(571,'calibrator-Prolactin','2800',6,'ml',1,'2021-05-07','2022-01-10','VITROS','2021-07-15','OK',NULL,'2021-07-15 17:14:37','8447530645'),(572,'sample cap','145 1392',1000,NULL,1,NULL,NULL,'VITROS','2021-07-15',NULL,NULL,'2021-07-15 17:17:19','8447530645'),(573,'wash buffer reagent','9341',1000,'ml',2,NULL,'2022-03-15','VITROS','2021-07-15','OK',NULL,'2021-07-15 17:20:07','8447530645'),(574,'versa tips','0000367338',1000,NULL,1,'2021-01-16',NULL,'VITROS','2021-07-15','OK',NULL,'2021-07-15 17:23:25','8447530645'),(575,'Reagent-Free T3','2690',100,'100 Test Pack',5,'2021-03-17','2022-02-09','VITROS','2021-07-15','OK',NULL,'2021-07-15 17:25:44','8447530645'),(578,'Reagent-Free T4','4650',100,'100 Test Pack',5,'2021-02-08','2021-10-25','VITROS','2021-07-15',NULL,NULL,'2021-07-15 18:06:23','8866580625'),(579,'Reagent-TSH','6500',100,'100 Test Pack',5,'2021-03-11','2022-02-01','VITROS','2021-07-15','OK',NULL,'2021-07-15 18:10:25','8866580625'),(580,'REAGENT-NT-PROBNP 2','0250',100,'100 Test Pack',2,'2021-04-26','2021-10-23','VITROS','2021-07-15','OK',NULL,'2021-07-15 18:12:31','8866580625'),(581,'REAGENT-HSTROP','0330',100,'100 Test Pack',1,NULL,'2021-09-15','VITROS','2021-07-15','OK',NULL,'2021-07-15 18:15:07','8866580625'),(582,'signal reagent','7362',29,'ml',5,NULL,'2021-09-26','VITROS','2021-07-15',NULL,NULL,'2021-07-20 15:14:55','8866580625'),(584,'PHOSPHATE MOLYBDATE','34',1000,'ml',2,'2021-07-14','2022-12-13','dhvani','2021-07-14','ok',NULL,'2021-07-15 19:30:40','8866580625'),(585,'ADENOSINE BUFFER','13',500,'ml',1,'2021-07-12','2022-01-11','dhvani','2021-07-12','OK',NULL,'2021-07-17 15:32:50','8866580625'),(586,'Reagent-Ferritin','2420',100,'100 Test Pack',3,'2021-03-01','2022-01-05','VITROS','2021-07-06','OK',NULL,'2021-07-17 23:28:27','8866580625'),(588,'Reagent-TSH','6500',100,'100 Test Pack',2,'2021-03-11','2022-01-01','VITROS','2021-07-06','ok',NULL,'2021-07-18 18:10:22','8866580625'),(589,'ADA_HOCL','8',250,'ml',1,'2021-01-07','2021-06-30','chinka','2021-01-07','ok',NULL,'2021-07-18 23:27:58','8866580625'),(590,'ADA_HOCL','9',250,'ml',1,'2021-04-15','2021-10-14','dhvani','2021-04-15','ok',NULL,'2021-07-18 23:28:53','8866580625'),(591,'ADA_HOCL','10',250,'ml',1,'2021-05-19','2021-11-18','dhvani','2021-05-19','ok',NULL,'2021-07-18 23:29:53','8866580625'),(592,'ADA_PHENOL','8',100,'ml',1,'2021-01-07','2021-06-30','chinka','2021-01-07','ok',NULL,'2021-07-18 23:31:07','8866580625'),(593,'ADA_PHENOL','9',100,'ml',1,'2021-02-25','2021-08-24','dhvani','2021-02-25','ok',NULL,'2021-07-18 23:32:42','8866580625'),(594,'ADA_PHENOL','10',100,'ml',1,'2021-05-20','2021-11-19','dhvani','2021-05-20','ok',NULL,'2021-07-18 23:33:43','8866580625'),(599,'PH CALIBRATOR 6.08','1',1000,'ml',1,'2021-06-29','2021-12-28','dhvani','2021-06-29','OK',NULL,'2021-07-19 16:00:08','8866580625'),(600,'PH CALIBRATOR 9.13','1',1000,'ml',1,'2021-06-29','2022-12-28','dhvani','2021-12-28','OK',NULL,'2021-07-19 16:07:20','8866580625'),(602,'maintenance pack vitros','2170',200,'100 Test Pack',1,'2021-01-10','2025-02-06','VITROS','2021-04-09','OK',NULL,'2021-07-20 15:01:58','8866580625'),(603,NULL,NULL,NULL,NULL,NULL,NULL,NULL,NULL,NULL,NULL,NULL,NULL,NULL),(604,NULL,NULL,NULL,NULL,NULL,NULL,NULL,NULL,NULL,NULL,NULL,NULL,NULL),(605,'signal reagent','7262',29,'ml',3,'2021-03-06','2021-08-21','VITROS','2021-04-13','OK',NULL,'2021-07-20 15:18:16','8866580625'),(606,NULL,NULL,NULL,NULL,NULL,NULL,NULL,NULL,NULL,NULL,NULL,NULL,NULL),(607,'wash buffer reagent',NULL,1000,'ml',2,NULL,NULL,'VITROS','2021-04-15','OK',NULL,'2021-07-20 15:23:52','8866580625'),(608,'signal reagent','7262',29,'ml',2,'2021-03-06','2021-08-21','VITROS','2021-04-17','OK',NULL,'2021-07-20 15:26:10','8866580625'),(609,'signal reagent','7284',29,'ml',5,'2021-02-06','2021-08-29','VITROS','2021-04-20','OK',NULL,'2021-07-20 15:38:48','8866580625'),(610,'wash buffer reagent',NULL,1000,'100 Test Pack',2,NULL,NULL,'VITROS','2021-04-20','OK',NULL,'2021-07-20 15:40:04','8866580625'),(611,'signal reagent','7284',29,'ml',3,'2021-02-06','2021-08-29','VITROS','2021-04-27','OK',NULL,'2021-07-20 15:43:03','8866580625'),(612,'wash buffer reagent',NULL,1000,NULL,2,NULL,NULL,'VITROS','2021-04-27','OK',NULL,'2021-07-20 15:44:40','8866580625'),(613,'signal reagent','7292',29,'ml',5,'2021-03-02','2021-09-01','vitros','2021-05-06','ok',NULL,'2021-07-22 00:07:48','8866580625'),(614,'wash buffer reagent',NULL,1000,'ml',2,NULL,NULL,'vitros','2021-05-06','ok',NULL,'2021-07-22 00:10:14','8866580625'),(615,'signal reagent','7292',29,'ml',3,'2021-03-02','2021-09-01','vitros','2021-05-23','ok',NULL,'2021-07-22 00:12:07','8866580625'),(616,'signal reagent','7264',29,'ml',5,'2021-02-04','2021-08-22','vitros','2021-05-24','ok',NULL,'2021-07-22 00:14:08','8866580625'),(617,'signal reagent','7264',29,'100 Test Pack',4,'2021-04-04','2021-08-22','vitros','2021-06-03','ok',NULL,'2021-07-22 00:17:04','8866580625'),(618,'wash buffer reagent',NULL,1000,'ml',2,NULL,NULL,'vitros','2021-06-03','ok',NULL,'2021-07-22 00:18:36','8866580625'),(619,'signal reagent','7366',29,'ml',2,'2021-04-05','2021-09-28','vitros','2021-06-23','ok',NULL,'2021-07-22 00:20:30','8866580625'),(620,'signal reagent','7366',29,'ml',4,'2021-04-05','2021-09-08','vitros','2021-06-29','ok',NULL,'2021-07-22 00:26:29','8866580625'),(621,'wash buffer reagent','9303',1000,'ml',2,'2021-06-01','2022-02-16','vitros','2021-06-29','ok',NULL,'2021-07-22 00:30:27','8866580625'),(623,'ADA KIT','S052151',30,'ml',1,'2021-05-01','2022-04-30','ERBA','2021-07-27','OK',NULL,'2021-07-27 13:07:46','8866580625'),(624,'MICROALBUMIN KIT','2125',50,'ml',1,'2020-10-01','2022-02-28','SPINREACT','2021-07-27','OK',NULL,'2021-07-27 13:11:10','8866580625'),(625,'LIP-TURBIDOMETRY','31',500,'ml',1,'2021-04-19','2021-10-18','dhvani','2021-04-18','OK',NULL,'2021-07-27 15:12:59','9687271872');
/*!40000 ALTER TABLE `reagent` ENABLE KEYS */;
UNLOCK TABLES;

--
-- Table structure for table `reagent_name`
--

DROP TABLE IF EXISTS `reagent_name`;
/*!40101 SET @saved_cs_client     = @@character_set_client */;
/*!40101 SET character_set_client = utf8 */;
CREATE TABLE `reagent_name` (
  `id` int(11) NOT NULL AUTO_INCREMENT,
  `reagent_name` varchar(100) DEFAULT NULL,
  `recording_time` datetime DEFAULT NULL,
  `reorder_value` decimal(10,0) DEFAULT NULL,
  `recorded_by` varchar(100) DEFAULT NULL,
  PRIMARY KEY (`id`)
) ENGINE=InnoDB AUTO_INCREMENT=117 DEFAULT CHARSET=utf8mb4;
/*!40101 SET character_set_client = @saved_cs_client */;

--
-- Dumping data for table `reagent_name`
--

LOCK TABLES `reagent_name` WRITE;
/*!40000 ALTER TABLE `reagent_name` DISABLE KEYS */;
INSERT INTO `reagent_name` VALUES (2,'ADA_HOCL','2020-08-17 14:59:08',NULL,'9099514805'),(3,'ADA_PHENOL','2020-08-17 14:59:32',NULL,'9099514805'),(4,'ADA_S60','2020-08-17 14:59:44',NULL,'9099514805'),(5,'ADENOSINE BUFFER','2020-08-17 14:59:54',NULL,'9099514805'),(6,'ALB_BCG','2020-08-17 15:01:18',NULL,'9099514805'),(7,'ALP-R1','2020-08-17 15:02:42',NULL,'9099514805'),(8,'ALP-R2','2020-08-17 15:02:51',NULL,'9099514805'),(9,'ALT_UV','2020-09-15 13:00:00',2500,'1'),(10,'AMY_CNPG3','2020-08-17 15:03:28',100,'9099514805'),(12,'DIAZO-A','2020-08-17 15:04:01',NULL,'9099514805'),(13,'CALIBRATOR-2','2020-08-17 15:04:23',NULL,'9099514805'),(14,'CALIBRATOR-3','2020-08-17 15:04:32',NULL,'9099514805'),(15,'CALCIUM_ARSENAZO','2020-08-17 15:04:43',NULL,'9099514805'),(16,'CHE-CHOLINESTERASE','2020-08-17 15:05:06',NULL,'9099514805'),(17,'CHOLESTEROL','2020-08-17 15:05:24',200,'9099514805'),(18,'CKMB-UV','2020-08-17 15:05:40',200,'9099514805'),(19,'CK-TOTAL','2020-08-17 15:05:48',NULL,'9099514805'),(20,'CR-R1 NAOH','2020-08-17 15:06:08',NULL,'9099514805'),(21,'CR-R2 PICRATE','2020-08-17 15:06:20',NULL,'9099514805'),(22,'DBIL-R1_HCL','2020-08-17 15:06:40',NULL,'9099514805'),(23,'DITHONITE BUFFER','2020-08-17 15:06:55',NULL,'9099514805'),(24,'GLC_GODPOD','2020-08-17 15:07:11',NULL,'9099514805'),(25,'HBS CONTROL LOT','2020-08-17 15:08:10',NULL,'9099514805'),(26,'HBF CONTROL LOT','2020-08-17 15:08:20',NULL,'9099514805'),(27,'HDL-PPT','2020-08-17 15:08:34',NULL,'9099514805'),(28,'IRON STOCKK SOLUTION','2020-08-17 15:08:53',NULL,'9099514805'),(29,'IRON-R1 THIOSEMICARBAZIDE','2020-08-17 15:09:13',NULL,'9099514805'),(30,'IRON-R2 FERROZINE','2020-08-17 15:09:25',NULL,'9099514805'),(31,'KETONE BODY CONTROL LOT','2020-08-17 15:09:50',NULL,'9099514805'),(32,'LDH-DEA-R1','2020-08-17 15:10:13',NULL,'9099514805'),(33,'LDH-R2-NAD','2020-08-17 15:10:24',NULL,'9099514805'),(34,'LIP-TURBIDOMETRY','2020-08-17 15:10:48',NULL,'9099514805'),(35,'MPR QC LOT','2020-08-17 15:11:06',NULL,'9099514805'),(36,'MPR','2020-08-17 15:11:26',NULL,'9099514805'),(37,'STD-A -NA + K','2020-08-17 15:12:11',NULL,'9099514805'),(38,'STD-B NA+K','2020-08-17 15:12:26',NULL,'9099514805'),(39,'PEPSIN','2020-08-17 15:12:46',NULL,'9099514805'),(40,'PH CALIBRATOR-4.01,6.08,9.13','2020-08-17 15:13:30',NULL,'9099514805'),(41,'PHOSPHATE BUFFER','2020-08-17 15:13:44',NULL,'9099514805'),(42,'PHOSPHATE MOLYBDATE','2020-08-17 15:14:03',NULL,'9099514805'),(43,'QC-5','2020-08-17 15:14:15',NULL,'9099514805'),(44,'QC-8','2020-08-17 15:14:21',NULL,'9099514805'),(45,'TBIL-R1_CAFFINE','2020-08-17 15:14:42',NULL,'9099514805'),(46,'TG-GPO','2020-08-17 15:14:54',NULL,'9099514805'),(47,'TP-BIURET','2020-08-17 15:15:06',NULL,'9099514805'),(48,'UA-URICASE','2020-08-17 15:15:20',100,'9099514805'),(49,'UIBC-R1_HYDROXYLAMINE','2020-08-17 15:15:41',NULL,'9099514805'),(50,'UIBC-R2_FERROZINE','2020-08-17 15:15:55',NULL,'9099514805'),(51,'UREA-UREASE','2020-08-27 17:36:21',200,'3'),(52,'URINE DILUENT_MOPS','2020-08-17 15:16:32',NULL,'9099514805'),(53,'URINE ACID CONTROL LOT','2020-08-17 15:17:02',NULL,'9099514805'),(54,'URINE NEUTRAL CONTROL LOT','2020-08-17 15:17:15',NULL,'9099514805'),(55,'URINE BASIC CONTROL LOT','2020-08-17 15:17:27',NULL,'9099514805'),(57,'DIAZO-B','2020-09-01 18:42:25',NULL,'9099514805'),(59,'TIBC STANDARD SOLUTION','2020-09-24 17:17:20',NULL,'8866829055'),(60,'signal reagent','2020-12-01 12:16:11',8,'9099514805'),(61,'versa tips','2020-12-01 12:16:03',2000,'9099514805'),(62,'wash buffer reagent','2020-12-01 14:58:19',10000,'9099514805'),(63,'Control-TSH','2020-11-18 16:10:15',NULL,'9099514805'),(64,'Microsensor check fluid-1 and 2','2020-11-18 16:11:00',NULL,'9099514805'),(65,'calibrator-25-OH Vit-D Total','2020-12-01 12:15:36',1,'9099514805'),(66,'calibrator-Total beta hcg -2','2020-12-01 12:15:45',1,'9099514805'),(67,'calibrator-ferritin','2020-12-01 12:15:28',1,'9099514805'),(68,'calibrator- Total T4','2020-12-01 12:15:21',1,'9099514805'),(69,'calibrator- Free T4','2020-12-01 12:15:14',1,'9099514805'),(70,'calibrator- TSH','2020-12-01 12:15:05',1,'9099514805'),(71,'calibrator- Free T3','2020-12-01 12:14:55',1,'9099514805'),(72,'calibrator- Vit B12','2020-12-01 12:14:48',1,'9099514805'),(73,'calibrator- FSH','2020-12-01 12:14:37',1,'9099514805'),(74,'calibrator- LH','2020-12-01 12:14:26',1,'9099514805'),(75,'Reagent-PCT','2020-12-01 12:14:15',100,'9099514805'),(76,'Reagent-FSH','2020-12-01 12:14:08',100,'9099514805'),(77,'Reagent-Total beta hcg-2','2020-12-01 12:14:01',100,'9099514805'),(78,'Reagent-LH','2020-12-01 12:13:54',100,'9099514805'),(79,'Reagent-Ferritin','2020-12-01 12:13:47',200,'9099514805'),(80,'Reagent-Free T3','2020-12-01 12:13:40',100,'9099514805'),(81,'Reagent-Free T4','2020-12-01 12:13:33',100,'9099514805'),(82,'Reagent-vit B12','2020-12-01 12:13:26',100,'9099514805'),(83,'Reagent-prolactin','2020-12-01 12:13:18',100,'9099514805'),(84,'Reagent-25 OH Vit-D Total','2020-12-01 12:13:03',100,'9099514805'),(85,'Reagent-TSH','2020-12-01 12:12:56',200,'9099514805'),(86,'Reagent-B12+folate pack-3','2020-12-01 12:12:49',100,'9099514805'),(87,'maintenance pack vitros','2020-12-01 12:12:42',1,'9099514805'),(89,'calibrator-Prolactin','2020-12-01 12:12:34',1,'9099514805'),(90,'sample cap','2020-12-01 14:54:33',1000,'9099514805'),(91,'calibrator-PCT','2020-12-01 12:12:18',1,'9099514805'),(93,'CRP','2020-12-01 14:55:52',220,'9099514805'),(94,' D-Dimer','2020-12-01 14:57:16',90,'9099514805'),(95,'REAGENT -PROGESTERONE','2020-12-01 12:11:53',100,'9099514805'),(96,'REAGENT-HSTROP ','2020-12-01 12:11:32',100,'9099514805'),(97,'REAGENT-NT-PROBNP 2','2020-12-01 13:04:05',100,'9099514805'),(98,'CALIBRATOR PROGESTERONE','2020-12-01 12:11:10',1,'9099514805'),(99,'CALIBRATOR HSTROP','2020-12-01 12:11:03',1,'9099514805'),(100,'CALIBRATOR NT-PROBNP 2','2020-12-01 12:10:52',1,'9099514805'),(101,'vitrous eppendropp cup','2020-12-01 14:44:55',1000,'9099514805'),(102,'IL-6 REAGENT KIT ','2020-12-02 15:59:40',80,'8866580625'),(103,'High sample diluent A','2020-12-05 13:28:55',NULL,'9099514805'),(104,'High sample diluent B ','2020-12-05 13:30:11',NULL,'9099514805'),(105,'MAGANESIUM','2020-12-24 13:21:08',NULL,'8866580625'),(106,'Anti-SARS-CoV-2IgG','2021-03-31 10:55:54',NULL,'8866580625'),(107,'SGOT','2021-04-08 13:33:46',NULL,'8866580625'),(109,'IMMUNO QC  TRI LEVEL','2021-04-09 18:19:11',NULL,'8866580625'),(110,'CALIBRATOR-COV 2IgG','2021-04-13 21:30:05',NULL,'8866580625'),(111,'PH CALIBRATOR 6.08','2021-07-19 15:57:20',NULL,'8866580625'),(112,'PH CALIBRATOR 9.13','2021-07-19 15:57:36',NULL,'8866580625'),(113,'PH CALIBRATOR 4.01','2021-07-19 15:58:24',NULL,'8866580625'),(115,'MICROALBUMIN KIT','2021-07-27 13:00:18',NULL,'8866580625'),(116,'ADA KIT','2021-07-27 13:06:35',NULL,'8866580625');
/*!40000 ALTER TABLE `reagent_name` ENABLE KEYS */;
UNLOCK TABLES;

--
-- Table structure for table `unit_name`
--

DROP TABLE IF EXISTS `unit_name`;
/*!40101 SET @saved_cs_client     = @@character_set_client */;
/*!40101 SET character_set_client = utf8 */;
CREATE TABLE `unit_name` (
  `id` int(11) NOT NULL AUTO_INCREMENT,
  `unit_name` varchar(100) DEFAULT NULL,
  `recording_time` datetime DEFAULT NULL,
  `recorded_by` varchar(100) DEFAULT NULL,
  PRIMARY KEY (`id`)
) ENGINE=InnoDB AUTO_INCREMENT=6 DEFAULT CHARSET=utf8mb4;
/*!40101 SET character_set_client = @saved_cs_client */;

--
-- Dumping data for table `unit_name`
--

LOCK TABLES `unit_name` WRITE;
/*!40000 ALTER TABLE `unit_name` DISABLE KEYS */;
INSERT INTO `unit_name` VALUES (1,'ml','2020-08-17 13:06:25','3'),(2,'100 Test Pack','2020-12-01 10:59:22','9099514805'),(3,'40 TEST KIT','2020-12-02 16:00:18','8866580625'),(5,NULL,NULL,NULL);
/*!40000 ALTER TABLE `unit_name` ENABLE KEYS */;
UNLOCK TABLES;

--
-- Table structure for table `cal_equipment`
--

DROP TABLE IF EXISTS `cal_equipment`;
/*!40101 SET @saved_cs_client     = @@character_set_client */;
/*!40101 SET character_set_client = utf8 */;
CREATE TABLE `cal_equipment` (
  `cal_equipment` varchar(100) NOT NULL,
  PRIMARY KEY (`cal_equipment`)
) ENGINE=InnoDB DEFAULT CHARSET=utf8mb4;
/*!40101 SET character_set_client = @saved_cs_client */;

--
-- Dumping data for table `cal_equipment`
--

LOCK TABLES `cal_equipment` WRITE;
/*!40000 ALTER TABLE `cal_equipment` DISABLE KEYS */;
INSERT INTO `cal_equipment` VALUES ('Erba Chem 5 Plus semiauto(060379) 2 '),('Erba Chem 5 Plus semiauto(0703120) 1 '),('Erba Chem 5 Plus semiauto(0703123) 3 '),('VITROS3600'),('XL_1000'),('XL_640');
/*!40000 ALTER TABLE `cal_equipment` ENABLE KEYS */;
UNLOCK TABLES;

--
-- Table structure for table `reagent_use`
--

DROP TABLE IF EXISTS `reagent_use`;
/*!40101 SET @saved_cs_client     = @@character_set_client */;
/*!40101 SET character_set_client = utf8 */;
CREATE TABLE `reagent_use` (
  `id` int(11) NOT NULL AUTO_INCREMENT,
  `reagent_id` int(11) DEFAULT NULL,
  `count` int(11) DEFAULT NULL,
  `date_of_opening` date DEFAULT NULL,
  `date_of_closing` date DEFAULT NULL,
  `remark` varchar(100) DEFAULT NULL,
  `recording_time` datetime DEFAULT NULL,
  `recorded_by` varchar(100) DEFAULT NULL,
  PRIMARY KEY (`id`),
  UNIQUE KEY `reagent_id_count` (`reagent_id`,`count`),
  CONSTRAINT `reagent_use_ibfk_1` FOREIGN KEY (`reagent_id`) REFERENCES `reagent` (`id`) ON UPDATE CASCADE
) ENGINE=InnoDB AUTO_INCREMENT=1320 DEFAULT CHARSET=utf8mb4;
/*!40101 SET character_set_client = @saved_cs_client */;

--
-- Dumping data for table `reagent_use`
--

LOCK TABLES `reagent_use` WRITE;
/*!40000 ALTER TABLE `reagent_use` DISABLE KEYS */;
INSERT INTO `reagent_use` VALUES (1,30,1,'2021-07-15',NULL,NULL,'2021-07-15 01:30:50','8866580625'),(3,30,2,'2020-08-19',NULL,NULL,'2020-08-19 14:50:43','9099514805'),(11,49,1,'2020-08-24',NULL,NULL,'2020-08-24 08:55:37','9157627144'),(13,37,1,'2020-08-26',NULL,NULL,'2020-08-26 10:22:00','9099514805'),(14,50,1,'2020-08-26',NULL,NULL,'2020-08-26 10:46:17','9099514805'),(15,65,1,'2021-07-15',NULL,NULL,'2021-07-15 19:31:16','8866580625'),(16,46,1,'2021-07-14',NULL,NULL,'2021-07-14 23:46:13','8866580625'),(17,34,1,'2021-07-14',NULL,NULL,'2021-07-14 23:55:06','9099879024'),(18,65,2,'2021-07-15',NULL,NULL,'2021-07-15 19:06:35','7575034637'),(19,35,1,'2020-08-29',NULL,NULL,'2020-08-29 16:09:01','8866580625'),(20,65,3,'2021-07-15',NULL,NULL,'2021-07-15 19:06:41','7575034637'),(21,65,4,'2021-07-15',NULL,NULL,'2021-07-15 19:03:59','7575034637'),(22,68,1,'2020-08-31',NULL,NULL,'2020-08-31 16:49:15','9099514805'),(23,67,2,'2020-08-31',NULL,NULL,'2020-08-31 16:49:20','9099514805'),(24,69,1,'2020-08-31',NULL,NULL,'2020-08-31 16:49:43','9099514805'),(25,66,1,'2020-09-17',NULL,NULL,'2020-09-17 21:23:24','9104583654'),(26,70,2,'2020-08-31',NULL,NULL,'2020-08-31 16:50:04','9099514805'),(27,47,1,'2021-07-14',NULL,NULL,'2021-07-14 23:50:35','9099879024'),(28,65,5,'2021-07-15',NULL,NULL,'2021-07-15 19:04:03','7575034637'),(29,67,1,'2020-09-02',NULL,NULL,'2020-09-02 08:12:53','8866580625'),(31,65,6,'2021-07-15',NULL,NULL,'2021-07-15 19:04:06','7575034637'),(32,36,1,'2020-09-03',NULL,NULL,'2020-09-03 17:58:50','8866580625'),(33,65,7,'2021-07-15',NULL,NULL,'2021-07-15 19:04:09','7575034637'),(34,65,8,'2020-09-04',NULL,NULL,'2020-09-04 23:40:45','8866580625'),(35,65,9,'2020-09-06',NULL,NULL,'2020-09-06 13:48:36','9099514805'),(36,30,13,'2020-09-08',NULL,NULL,'2020-09-08 09:09:10','8866580625'),(37,35,2,'2020-09-08',NULL,NULL,'2020-09-08 09:10:44','8866580625'),(38,65,10,'2020-09-09',NULL,NULL,'2020-09-09 18:48:16','8866580625'),(39,65,11,'2020-09-09',NULL,NULL,'2020-09-09 22:55:49','9099514805'),(40,65,12,'2020-09-10',NULL,NULL,'2020-09-10 23:07:52','8866580625'),(41,46,2,'2020-09-11',NULL,NULL,'2020-09-11 08:36:48','8866580625'),(42,65,13,'2020-09-11',NULL,NULL,'2020-09-11 18:45:53','9099514805'),(43,65,14,'2020-09-12',NULL,NULL,'2020-09-12 08:50:47','8866580625'),(44,37,2,'2021-07-15',NULL,NULL,'2021-07-15 01:14:39','8866580625'),(45,65,15,'2020-09-13',NULL,NULL,'2020-09-13 21:56:09','8866580625'),(46,30,3,'2020-09-14',NULL,NULL,'2020-09-14 09:06:10','9099514805'),(51,55,1,'2021-07-18',NULL,NULL,'2021-07-18 16:35:20','8866580625'),(52,84,1,'2020-09-15',NULL,NULL,'2020-09-15 14:02:14','8866580625'),(53,83,1,'2020-09-15',NULL,NULL,'2020-09-15 14:02:16','8866580625'),(54,65,16,'2020-09-15',NULL,NULL,'2020-09-15 19:36:31','8866580625'),(55,65,17,'2020-09-16',NULL,NULL,'2020-09-16 14:14:58','9099514805'),(56,88,1,'2020-09-16',NULL,NULL,'2020-09-16 17:18:13','8320661510'),(57,30,4,'2020-09-17',NULL,NULL,'2020-09-17 17:42:27','8866580625'),(58,75,3,'2020-09-17',NULL,NULL,'2020-09-17 21:23:17','9104583654'),(59,75,4,'2020-09-17',NULL,NULL,'2020-09-17 21:23:21','9104583654'),(61,66,2,'2020-09-17',NULL,NULL,'2020-09-17 21:23:30','9104583654'),(62,72,1,'2021-07-17',NULL,NULL,'2021-07-17 15:08:11','8866580625'),(63,82,1,'2020-09-17',NULL,NULL,'2020-09-17 21:23:45','9104583654'),(64,85,1,'2020-09-17',NULL,NULL,'2020-09-17 21:23:51','9104583654'),(65,79,1,'2020-09-17',NULL,NULL,'2020-09-17 21:24:02','9104583654'),(66,80,1,'2020-09-17',NULL,NULL,'2020-09-17 21:24:09','9104583654'),(67,86,1,'2020-09-17',NULL,NULL,'2020-09-17 21:24:15','9104583654'),(68,87,1,'2020-09-17',NULL,NULL,'2020-09-17 21:24:20','9104583654'),(69,74,1,'2021-07-17',NULL,NULL,'2021-07-17 14:59:20','8866580625'),(70,78,1,'2020-09-17',NULL,NULL,'2020-09-17 21:24:31','9104583654'),(71,75,1,'2020-09-18',NULL,NULL,'2020-09-18 11:10:27','9408906519'),(72,75,2,'2020-09-18',NULL,NULL,'2020-09-18 11:10:32','9408906519'),(73,65,18,'2020-09-18',NULL,NULL,'2020-09-18 11:13:28','9408906519'),(74,65,20,'2020-09-19',NULL,NULL,'2020-09-19 21:19:55','8866580625'),(75,35,3,'2020-09-20',NULL,NULL,'2020-09-20 07:17:49','8866580625'),(76,65,21,'2020-09-21',NULL,NULL,'2020-09-21 12:19:00','9408906519'),(77,65,22,'2020-09-22',NULL,NULL,'2020-09-22 17:56:53','8866580625'),(78,37,3,'2020-09-23',NULL,NULL,'2020-09-23 00:31:08','8866580625'),(79,65,23,'2020-09-23',NULL,NULL,'2020-09-23 08:29:26','9099514805'),(80,63,1,'2021-07-14',NULL,NULL,'2021-07-14 23:44:19','8866580625'),(81,54,1,'2020-09-24',NULL,NULL,'2020-09-24 14:47:09','9408906519'),(83,30,5,'2020-09-25',NULL,NULL,'2020-09-25 15:47:06','8866580625'),(84,36,2,'2020-09-25',NULL,NULL,'2020-09-25 15:47:39','8866580625'),(85,94,1,'2020-09-25',NULL,NULL,'2020-09-25 16:25:36','8866580625'),(86,93,2,'2020-09-25',NULL,NULL,'2020-09-25 16:25:38','8866580625'),(87,93,1,'2020-09-25',NULL,NULL,'2020-09-25 16:25:40','8866580625'),(88,65,25,'2020-09-25',NULL,NULL,'2020-09-25 21:36:06','9099514805'),(89,97,1,'2020-09-26',NULL,NULL,'2020-09-26 10:45:27','8866580625'),(90,95,1,'2020-10-11',NULL,NULL,'2020-10-11 10:26:07','9408906519'),(91,96,1,'2020-10-11',NULL,NULL,'2020-10-11 10:26:16','9408906519'),(92,64,1,'2021-07-14',NULL,NULL,'2021-07-14 23:49:51','9099879024'),(93,65,28,'2020-10-01',NULL,NULL,'2020-10-01 08:49:53','8866580625'),(94,65,30,'2020-10-02',NULL,NULL,'2020-10-02 21:01:00','8866580625'),(96,37,4,'2020-10-03',NULL,NULL,'2020-10-03 18:48:38','8866580625'),(97,99,1,'2020-10-05',NULL,NULL,'2020-10-05 11:08:02','8866580625'),(98,36,3,'2020-10-06',NULL,NULL,'2020-10-06 11:25:41','8866580625'),(99,99,3,'2020-10-07',NULL,NULL,'2020-10-07 21:57:07','8866580625'),(100,55,2,'2020-10-08',NULL,NULL,'2020-10-08 14:52:12','8866580625'),(101,30,6,'2020-10-08',NULL,NULL,'2020-10-08 16:24:46','8866580625'),(102,64,2,'2020-10-09',NULL,NULL,'2020-10-09 08:44:13','9099514805'),(103,98,1,'2020-10-11',NULL,NULL,'2020-10-11 10:26:01','9408906519'),(104,98,2,'2020-10-11',NULL,NULL,'2020-10-11 10:26:04','9408906519'),(106,95,2,'2020-10-11',NULL,NULL,'2020-10-11 10:26:13','9408906519'),(108,96,2,'2020-10-11',NULL,NULL,'2020-10-11 10:26:21','9408906519'),(109,100,1,'2020-10-11',NULL,NULL,'2020-10-11 10:26:23','9408906519'),(110,100,2,'2020-10-11',NULL,NULL,'2020-10-11 10:26:28','9408906519'),(111,100,3,'2020-10-11',NULL,NULL,'2020-10-11 10:26:33','9408906519'),(112,100,4,'2020-10-11',NULL,NULL,'2020-10-11 10:26:36','9408906519'),(113,102,1,'2020-10-11',NULL,NULL,'2020-10-11 10:26:41','9408906519'),(114,102,2,'2020-10-11',NULL,NULL,'2020-10-11 10:26:42','9408906519'),(115,103,1,'2020-10-11',NULL,NULL,'2020-10-11 10:26:45','9408906519'),(116,103,2,'2020-10-11',NULL,NULL,'2020-10-11 10:26:46','9408906519'),(117,103,3,'2020-10-11',NULL,NULL,'2020-10-11 10:26:55','9408906519'),(118,103,4,'2020-10-11',NULL,NULL,'2020-10-11 10:27:12','9408906519'),(119,104,1,'2020-10-11',NULL,NULL,'2020-10-11 10:27:19','9408906519'),(120,89,1,'2020-10-11',NULL,NULL,'2020-10-11 10:27:21','9408906519'),(121,89,2,'2020-10-11',NULL,NULL,'2020-10-11 10:27:33','9408906519'),(122,37,5,'2020-10-13',NULL,NULL,'2020-10-13 15:19:17','8866580625'),(123,30,7,'2020-10-13',NULL,NULL,'2020-10-13 15:19:19','8866580625'),(124,34,12,'2020-10-13',NULL,NULL,'2020-10-13 19:22:34','8866580625'),(125,109,1,'2020-10-17',NULL,NULL,'2020-10-17 21:11:32','8866580625'),(126,107,1,'2020-10-17',NULL,NULL,'2020-10-17 21:12:54','8866580625'),(127,107,2,'2020-10-17',NULL,NULL,'2020-10-17 21:13:05','8866580625'),(128,108,1,'2020-10-17',NULL,NULL,'2020-10-17 21:13:17','8866580625'),(129,108,2,'2020-10-17',NULL,NULL,'2020-10-17 21:13:25','8866580625'),(130,106,1,'2020-10-17',NULL,NULL,'2020-10-17 21:14:05','8866580625'),(131,54,2,'2020-10-17',NULL,NULL,'2020-10-17 21:15:18','8866580625'),(132,34,13,'2020-10-17',NULL,NULL,'2020-10-17 23:28:50','8866580625'),(133,42,3,'2021-07-15',NULL,NULL,'2021-07-15 01:18:05','8866580625'),(134,64,3,'2020-10-17',NULL,NULL,'2020-10-17 23:37:37','8866580625'),(135,30,8,'2020-10-17',NULL,NULL,'2020-10-17 23:38:15','8866580625'),(136,36,4,'2020-10-21',NULL,NULL,'2020-10-21 18:43:24','8866580625'),(137,37,7,'2020-10-23',NULL,NULL,'2020-10-23 18:42:31','8866580625'),(138,42,4,'2021-07-15',NULL,NULL,'2021-07-15 01:18:08','8866580625'),(139,63,3,'2021-07-14',NULL,NULL,'2021-07-14 23:44:28','8866580625'),(140,111,1,'2020-10-28',NULL,NULL,'2020-10-28 21:34:52','8866580625'),(141,52,1,'2020-10-29',NULL,NULL,'2020-10-29 18:55:42','8866580625'),(142,64,4,'2020-10-31',NULL,NULL,'2020-10-31 22:20:54','8866580625'),(143,52,2,'2020-11-01',NULL,NULL,'2020-11-01 07:18:36','8866580625'),(144,34,2,'2021-07-14',NULL,NULL,'2021-07-14 23:55:37','9099879024'),(145,36,5,'2020-11-02',NULL,NULL,'2020-11-02 08:50:30','8320661510'),(146,116,2,'2020-11-04',NULL,NULL,'2020-11-04 09:23:27','9099879024'),(147,117,1,'2021-07-17',NULL,NULL,'2021-07-17 15:08:31','8866580625'),(148,37,6,'2020-11-06',NULL,NULL,'2020-11-06 18:44:06','8866580625'),(149,52,3,'2020-11-06',NULL,NULL,'2020-11-06 18:47:11','8866580625'),(150,119,1,'2020-11-09',NULL,NULL,'2020-11-09 01:59:35','8866580625'),(151,119,2,'2020-11-09',NULL,NULL,'2020-11-09 01:59:47','8866580625'),(152,120,1,'2020-11-21',NULL,NULL,'2020-11-21 13:02:06','8866580625'),(153,52,4,'2021-07-15',NULL,NULL,'2021-07-15 01:32:05','8866580625'),(154,36,7,'2020-11-14',NULL,NULL,'2020-11-14 13:48:20','8866580625'),(155,37,15,'2020-11-15',NULL,NULL,'2020-11-15 06:56:37','8866580625'),(156,148,2,'2020-11-21',NULL,NULL,'2020-11-21 08:08:48','8866580625'),(158,120,2,'2020-11-21',NULL,NULL,'2020-11-21 13:02:15','8866580625'),(159,162,1,'2020-11-21',NULL,NULL,'2020-11-21 13:22:24','8866580625'),(160,127,1,'2021-07-15',NULL,NULL,'2021-07-15 18:34:29','8866580625'),(161,126,1,'2021-07-15',NULL,NULL,'2021-07-15 18:41:03','7575034637'),(163,123,1,'2020-11-21',NULL,NULL,'2020-11-21 13:25:14','8866580625'),(164,124,1,'2020-11-21',NULL,NULL,'2020-11-21 13:25:23','8866580625'),(165,52,9,'2020-11-23',NULL,NULL,'2020-11-23 17:39:16','8866580625'),(166,164,1,'2020-11-26',NULL,NULL,'2020-11-26 16:03:46','9408906519'),(167,163,1,'2020-12-26',NULL,NULL,'2020-12-26 01:19:19','8866580625'),(168,44,1,'2021-07-15',NULL,NULL,'2021-07-15 01:24:48','8866580625'),(169,36,9,'2020-11-28',NULL,NULL,'2020-11-28 08:28:18','8866580625'),(170,134,1,'2020-12-01',NULL,NULL,'2020-12-01 11:13:40','9099514805'),(171,134,2,'2020-11-28',NULL,NULL,'2020-11-28 09:10:08','8866580625'),(172,134,3,'2020-11-28',NULL,NULL,'2020-11-28 09:10:16','8866580625'),(173,134,4,'2020-12-04',NULL,NULL,'2020-12-04 10:41:19','8866580625'),(174,148,1,'2020-11-28','2020-12-31','incomplate_count:10','2021-01-02 01:32:59','3'),(175,161,1,'2020-11-28',NULL,NULL,'2020-11-28 09:47:25','8866580625'),(176,170,1,'2021-07-17',NULL,NULL,'2021-07-17 22:43:41','9586395084'),(177,171,1,'2020-11-28',NULL,NULL,'2020-11-28 09:54:05','8866580625'),(178,152,1,'2020-11-30',NULL,NULL,'2020-11-30 20:00:25','8866580625'),(179,52,5,'2020-11-29',NULL,NULL,'2020-11-29 08:34:44','8866580625'),(180,64,5,'2020-11-30',NULL,NULL,'2020-11-30 10:33:31','8866580625'),(181,46,4,'2020-11-30',NULL,NULL,'2020-11-30 10:41:06','8866580625'),(182,132,1,'2020-11-30',NULL,NULL,'2020-11-30 13:42:29','9099514805'),(186,174,1,'2021-07-15',NULL,NULL,'2021-07-15 19:32:48','8866580625'),(187,141,1,'2020-12-01',NULL,NULL,'2020-12-01 12:13:37','9099514805'),(189,138,1,'2020-12-01',NULL,NULL,'2020-12-01 12:14:03','9099514805'),(190,139,1,'2020-12-01',NULL,NULL,'2020-12-01 12:16:04','9099514805'),(191,152,2,'2020-12-01',NULL,NULL,'2020-12-01 12:49:51','8866580625'),(192,58,1,'2020-12-24',NULL,NULL,'2020-12-24 16:44:59','8866580625'),(193,183,1,'2020-12-02',NULL,NULL,'2020-12-02 16:04:37','9408906519'),(194,163,2,'2020-12-26',NULL,NULL,'2020-12-26 01:19:54','8866580625'),(195,37,8,'2020-12-02',NULL,NULL,'2020-12-02 19:22:09','8866580625'),(196,30,9,'2020-12-03',NULL,NULL,'2020-12-03 15:32:23','8866580625'),(197,30,12,'2020-12-03',NULL,NULL,'2020-12-03 15:32:29','8866580625'),(198,30,18,'2020-12-03',NULL,NULL,'2020-12-03 15:32:36','8866580625'),(199,81,1,'2021-07-15',NULL,NULL,'2021-07-15 01:02:31','8866580625'),(200,152,3,'2020-12-04',NULL,NULL,'2020-12-04 10:39:52','8866580625'),(202,52,8,'2020-12-04',NULL,NULL,'2020-12-04 19:16:42','8866580625'),(203,181,1,'2020-12-05',NULL,NULL,'2020-12-05 15:44:12','8866580625'),(204,181,2,'2020-12-05',NULL,NULL,'2020-12-05 15:44:45','8866580625'),(205,181,3,'2020-12-08',NULL,NULL,'2020-12-08 08:34:33','8866580625'),(207,172,1,'2021-07-17',NULL,NULL,'2021-07-17 22:47:15','9586395084'),(208,191,1,'2020-12-26',NULL,NULL,'2020-12-26 01:16:24','8866580625'),(209,52,7,'2020-12-08',NULL,NULL,'2020-12-08 18:53:17','8866580625'),(210,152,4,'2020-12-09',NULL,NULL,'2020-12-09 10:25:50','9099514805'),(211,133,2,'2020-12-09',NULL,NULL,'2020-12-09 11:09:20','8866580625'),(212,191,2,'2020-12-09',NULL,NULL,'2020-12-09 16:37:30','8866580625'),(213,191,3,'2020-12-11',NULL,NULL,'2020-12-11 13:50:15','8866580625'),(214,134,5,'2020-12-23',NULL,NULL,'2020-12-23 10:14:15','8866580625'),(215,183,2,'2020-12-12',NULL,NULL,'2020-12-12 12:37:00','8866580625'),(216,194,1,'2021-07-15',NULL,NULL,'2021-07-15 18:25:02','8866580625'),(217,195,2,'2020-12-13',NULL,NULL,'2020-12-13 15:09:05','8866580625'),(218,191,5,'2020-12-13',NULL,NULL,'2020-12-13 17:56:28','8866580625'),(219,81,6,'2021-07-14',NULL,NULL,'2021-07-14 23:54:02','9099879024'),(220,36,6,'2020-12-15',NULL,NULL,'2020-12-15 13:04:17','8866580625'),(221,52,6,'2020-12-15',NULL,NULL,'2020-12-15 19:00:15','8866580625'),(222,206,1,'2020-12-16',NULL,NULL,'2020-12-16 12:53:05','8866580625'),(223,193,1,'2020-12-16',NULL,NULL,'2020-12-16 19:17:38','8866580625'),(224,183,3,'2020-12-17',NULL,NULL,'2020-12-17 15:41:20','8866580625'),(225,37,13,'2020-12-17',NULL,NULL,'2020-12-17 18:31:01','8866580625'),(226,193,2,'2020-12-18',NULL,NULL,'2020-12-18 14:53:24','8866580625'),(227,113,5,'2020-12-18',NULL,NULL,'2020-12-18 19:16:08','8866580625'),(228,52,10,'2020-12-18',NULL,NULL,'2020-12-18 19:16:21','8866580625'),(229,192,1,'2020-12-19',NULL,NULL,'2020-12-19 21:19:58','8866580625'),(232,212,1,'2020-12-21',NULL,NULL,'2020-12-21 14:01:39','8866580625'),(233,212,2,'2020-12-26',NULL,NULL,'2020-12-26 01:10:08','8866580625'),(234,63,4,'2020-12-22',NULL,NULL,'2020-12-22 08:11:15','8866580625'),(235,158,6,'2020-12-22',NULL,NULL,'2020-12-22 13:15:02','8866580625'),(237,156,1,'2021-07-18',NULL,NULL,'2021-07-18 00:56:13','7284091830'),(238,213,1,'2020-12-23',NULL,NULL,'2020-12-23 17:41:42','8866580625'),(239,214,1,'2020-12-23',NULL,NULL,'2020-12-23 17:42:07','8866580625'),(240,216,1,'2020-12-23',NULL,NULL,'2020-12-23 17:42:21','8866580625'),(242,218,1,'2020-12-23',NULL,NULL,'2020-12-23 17:42:49','8866580625'),(243,220,1,'2020-12-23',NULL,NULL,'2020-12-23 17:43:07','8866580625'),(244,219,1,'2020-12-24',NULL,NULL,'2020-12-24 09:12:12','9099514805'),(245,150,1,'2020-12-24',NULL,NULL,'2020-12-24 09:36:40','9099514805'),(247,206,2,'2020-12-24','2020-12-31','incomplate_count:13','2021-01-02 01:32:35','3'),(248,57,1,'2021-07-18',NULL,NULL,'2021-07-18 16:35:25','8866580625'),(250,183,4,'2020-12-25','2020-12-31','incomplate_count:0','2021-01-02 01:31:58','3'),(252,212,3,'2020-12-26',NULL,NULL,'2020-12-26 01:14:18','8866580625'),(253,182,1,'2020-12-26',NULL,NULL,'2020-12-26 01:15:38','8866580625'),(255,191,4,'2020-12-26',NULL,NULL,'2020-12-26 01:17:25','8866580625'),(259,163,3,'2020-12-26',NULL,NULL,'2020-12-26 01:20:45','8866580625'),(260,192,2,'2020-12-26',NULL,NULL,'2020-12-26 01:22:11','8866580625'),(261,221,1,'2021-07-15',NULL,NULL,'2021-07-15 00:25:19','8866580625'),(262,36,8,'2020-12-28',NULL,NULL,'2020-12-28 10:21:26','8447530645'),(263,209,1,'2020-12-28',NULL,NULL,'2020-12-28 11:56:39','9512177451'),(264,52,11,'2020-12-28',NULL,NULL,'2020-12-28 17:39:01','8866580625'),(265,207,1,'2020-12-29',NULL,NULL,'2021-01-02 01:25:14','3'),(266,225,1,'2020-12-29',NULL,NULL,'2020-12-29 15:15:18','8866580625'),(267,221,2,'2020-12-29',NULL,NULL,'2020-12-29 18:56:07','8866580625'),(268,132,2,'2020-12-30',NULL,NULL,'2020-12-30 11:44:08','8866580625'),(269,132,3,'2020-12-30',NULL,NULL,'2020-12-30 11:44:14','8866580625'),(270,132,4,'2020-12-30',NULL,NULL,'2020-12-30 11:44:19','8866580625'),(271,40,1,'2020-12-30',NULL,NULL,'2020-12-30 17:07:03','8866580625'),(272,40,2,'2020-12-30',NULL,NULL,'2020-12-30 17:07:08','8866580625'),(273,81,4,'2021-07-14',NULL,NULL,'2021-07-14 23:53:45','9099879024'),(274,226,1,'2021-01-01',NULL,NULL,'2021-01-01 11:24:24','8866580625'),(275,134,6,'2020-12-31',NULL,NULL,'2020-12-31 08:11:13','8866580625'),(276,221,4,'2020-12-31',NULL,NULL,'2020-12-31 18:48:40','8866580625'),(278,134,8,'2021-01-07',NULL,NULL,'2021-01-07 16:03:42','8866580625'),(279,149,1,'2021-01-02',NULL,NULL,'2021-01-02 08:57:55','9099514805'),(280,153,1,'2021-01-02',NULL,NULL,'2021-01-02 08:59:40','9099514805'),(281,173,1,'2021-01-02',NULL,NULL,'2021-01-02 09:09:39','9099514805'),(282,145,1,'2021-01-02',NULL,NULL,'2021-01-02 09:12:12','9099514805'),(283,37,16,'2021-01-02',NULL,NULL,'2021-01-02 09:37:48','8866580625'),(284,233,1,'2021-07-15',NULL,NULL,'2021-07-15 18:26:00','7575034637'),(285,234,1,'2021-07-15',NULL,NULL,'2021-07-15 18:41:40','7575034637'),(286,113,6,'2021-01-04',NULL,NULL,'2021-01-04 18:48:43','8866580625'),(287,221,6,'2021-01-05',NULL,NULL,'2021-01-05 19:40:19','8866580625'),(288,238,1,'2021-01-06',NULL,NULL,'2021-01-06 16:17:29','9099514805'),(289,239,1,'2021-01-06',NULL,NULL,'2021-01-06 16:28:34','9925442232'),(290,226,2,'2021-01-16',NULL,NULL,'2021-01-16 19:41:40','8866580625'),(292,134,7,'2021-01-07',NULL,NULL,'2021-01-07 16:03:49','8866580625'),(293,225,2,'2021-01-07',NULL,NULL,'2021-01-07 16:34:54','8866829055'),(294,221,5,'2021-01-07',NULL,NULL,'2021-01-07 18:45:00','8866580625'),(295,63,6,'2021-07-14',NULL,NULL,'2021-07-14 23:45:05','8866580625'),(296,222,2,'2021-07-15',NULL,NULL,'2021-07-15 00:59:30','8866580625'),(297,130,2,'2021-01-09',NULL,NULL,'2021-01-09 10:29:26','9099514805'),(298,81,9,'2021-07-14',NULL,NULL,'2021-07-14 23:54:27','9099879024'),(299,205,1,'2021-07-22',NULL,NULL,'2021-07-22 00:36:55','8866580625'),(300,207,2,'2021-01-12',NULL,NULL,'2021-01-12 13:37:43','8866580625'),(301,221,7,'2021-01-14',NULL,NULL,'2021-01-14 15:41:53','8866580625'),(302,221,8,'2021-01-14',NULL,NULL,'2021-01-14 15:42:00','8866580625'),(303,241,1,'2021-01-14',NULL,NULL,'2021-01-14 21:27:25','8866580625'),(304,242,2,'2021-01-14',NULL,NULL,'2021-01-14 21:27:33','8866580625'),(305,225,3,'2021-01-16',NULL,NULL,'2021-01-16 19:35:40','8866580625'),(307,226,3,'2021-01-16',NULL,NULL,'2021-01-16 19:41:47','8866580625'),(308,45,3,'2021-01-16',NULL,NULL,'2021-01-16 21:30:32','8866580625'),(309,45,1,'2021-01-16',NULL,NULL,'2021-01-16 21:30:39','8866580625'),(310,45,2,'2021-01-16',NULL,NULL,'2021-01-16 21:30:46','8866580625'),(311,52,12,'2021-01-17',NULL,NULL,'2021-01-17 08:08:21','8866580625'),(312,221,9,'2021-01-17',NULL,NULL,'2021-01-17 08:09:51','8866580625'),(313,238,2,'2021-01-18',NULL,NULL,'2021-01-18 09:17:30','8866580625'),(314,251,1,'2021-01-19',NULL,NULL,'2021-01-19 16:19:52','8866580625'),(315,253,1,'2021-01-19',NULL,NULL,'2021-01-19 16:20:08','8866580625'),(316,252,1,'2021-01-19',NULL,NULL,'2021-01-19 17:16:15','8866580625'),(317,254,1,'2021-01-19',NULL,NULL,'2021-01-19 17:16:23','8866580625'),(318,34,5,'2021-07-14',NULL,NULL,'2021-07-14 23:55:56','9099879024'),(319,221,10,'2021-01-21',NULL,NULL,'2021-01-21 19:13:13','8866580625'),(320,255,1,'2021-01-22',NULL,NULL,'2021-01-22 11:46:26','8866829055'),(321,113,4,'2021-01-22',NULL,NULL,'2021-01-22 20:14:39','9687271872'),(322,62,2,'2021-01-24',NULL,NULL,'2021-01-24 11:07:21','8866580625'),(323,63,7,'2021-07-14',NULL,NULL,'2021-07-14 23:45:10','8866580625'),(324,204,8,'2021-07-15',NULL,NULL,'2021-07-15 01:41:21','8866580625'),(325,250,1,'2021-01-27',NULL,NULL,'2021-01-27 08:33:58','8866580625'),(326,245,1,'2021-01-28',NULL,NULL,'2021-01-28 09:46:43','8866580625'),(327,245,2,'2021-01-28',NULL,NULL,'2021-01-28 09:46:49','8866580625'),(328,230,4,'2021-01-28',NULL,NULL,'2021-01-28 09:46:58','8866580625'),(329,230,1,'2021-07-17',NULL,NULL,'2021-07-17 15:41:52','8866580625'),(330,230,2,'2021-07-17',NULL,NULL,'2021-07-17 15:43:22','8866580625'),(331,259,1,'2021-01-29',NULL,NULL,'2021-01-29 16:01:07','8866580625'),(332,260,1,'2021-02-03',NULL,NULL,'2021-02-03 14:10:56','8866580625'),(333,258,1,'2021-02-03',NULL,NULL,'2021-02-03 14:40:35','9408906519'),(335,269,1,'2021-02-07',NULL,NULL,'2021-02-07 08:16:31','8866829055'),(336,271,1,'2021-07-18',NULL,NULL,'2021-07-18 00:24:21','9586395084'),(337,272,1,'2021-02-07',NULL,NULL,'2021-02-07 08:17:12','8866829055'),(338,273,1,'2021-07-18',NULL,NULL,'2021-07-18 00:28:55','9586395084'),(339,274,1,'2021-02-07',NULL,NULL,'2021-02-07 08:17:59','8866829055'),(340,275,1,'2021-02-07',NULL,NULL,'2021-02-07 08:18:11','8866829055'),(341,276,1,'2021-02-07',NULL,NULL,'2021-02-07 08:18:33','8866829055'),(342,277,1,'2021-02-07',NULL,NULL,'2021-02-07 08:18:45','8866829055'),(343,278,1,'2021-02-07',NULL,NULL,'2021-02-07 08:18:55','8866829055'),(344,260,2,'2021-02-09',NULL,NULL,'2021-02-09 09:04:53','9099514805'),(345,283,1,'2021-07-18',NULL,NULL,'2021-07-18 00:33:06','9586395084'),(346,323,1,'2021-03-16',NULL,NULL,'2021-03-16 15:27:39','8866580625'),(347,429,1,'2021-07-17',NULL,NULL,'2021-07-17 15:02:02','8866580625'),(348,432,1,'2021-05-10',NULL,NULL,'2021-05-10 00:42:43','8866580625'),(349,433,1,'2021-05-10',NULL,NULL,'2021-05-10 00:47:09','8866580625'),(350,437,1,'2021-07-15',NULL,NULL,'2021-07-15 18:26:18','7575034637'),(351,438,2,'2021-05-10',NULL,NULL,'2021-05-10 07:56:25','8866580625'),(352,439,1,'2021-07-15',NULL,NULL,'2021-07-15 00:48:46','8866580625'),(353,231,1,'2021-07-15',NULL,NULL,'2021-07-15 01:18:38','8866580625'),(354,467,1,'2021-07-15',NULL,NULL,'2021-07-15 19:29:14','7575034637'),(356,71,1,'2021-07-15',NULL,NULL,'2021-07-15 01:13:22','8866580625'),(358,549,1,'2021-07-10',NULL,NULL,'2021-07-10 12:25:47','8866580625'),(359,550,1,'2021-07-10',NULL,NULL,'2021-07-10 12:25:54','8866580625'),(360,285,1,'2021-07-14',NULL,NULL,'2021-07-14 23:42:11','8866580625'),(361,285,2,'2021-07-14',NULL,NULL,'2021-07-14 23:42:17','8866580625'),(362,285,3,'2021-07-14',NULL,NULL,'2021-07-14 23:42:30','8866580625'),(363,285,4,'2021-07-14',NULL,NULL,'2021-07-14 23:42:34','8866580625'),(364,285,5,'2021-07-14',NULL,NULL,'2021-07-14 23:42:39','8866580625'),(366,63,2,'2021-07-14',NULL,NULL,'2021-07-14 23:44:24','8866580625'),(368,63,5,'2021-07-14',NULL,NULL,'2021-07-14 23:44:58','8866580625'),(371,63,8,'2021-07-14',NULL,NULL,'2021-07-14 23:45:16','8866580625'),(372,63,9,'2021-07-14',NULL,NULL,'2021-07-14 23:45:21','8866580625'),(373,63,10,'2021-07-14',NULL,NULL,'2021-07-14 23:45:26','8866580625'),(374,62,1,'2021-07-14',NULL,NULL,'2021-07-14 23:45:50','8866580625'),(377,46,3,'2021-07-14',NULL,NULL,'2021-07-14 23:46:32','8866580625'),(378,113,1,'2021-07-14',NULL,NULL,'2021-07-14 23:48:34','8866580625'),(379,113,2,'2021-07-14',NULL,NULL,'2021-07-14 23:48:38','8866580625'),(380,113,3,'2021-07-14',NULL,NULL,'2021-07-14 23:49:07','8866580625'),(382,287,1,'2021-07-14',NULL,NULL,'2021-07-14 23:50:04','8866580625'),(383,287,2,'2021-07-14',NULL,NULL,'2021-07-14 23:50:12','8866580625'),(384,64,6,'2021-07-14',NULL,NULL,'2021-07-14 23:50:12','9099879024'),(385,287,3,'2021-07-14',NULL,NULL,'2021-07-14 23:50:18','8866580625'),(386,64,7,'2021-07-14',NULL,NULL,'2021-07-14 23:50:20','9099879024'),(388,47,2,'2021-07-14',NULL,NULL,'2021-07-14 23:50:41','9099879024'),(389,286,1,'2021-07-14',NULL,NULL,'2021-07-14 23:51:00','8866580625'),(390,286,2,'2021-07-14',NULL,NULL,'2021-07-14 23:51:05','8866580625'),(392,81,2,'2021-07-14',NULL,NULL,'2021-07-14 23:53:33','9099879024'),(393,81,3,'2021-07-22',NULL,NULL,'2021-07-22 00:37:59','8866580625'),(395,81,5,'2021-07-14',NULL,NULL,'2021-07-14 23:53:55','9099879024'),(397,81,7,'2021-07-14',NULL,NULL,'2021-07-14 23:54:15','9099879024'),(399,81,8,'2021-07-14',NULL,NULL,'2021-07-14 23:54:20','9099879024'),(401,81,10,'2021-07-14',NULL,NULL,'2021-07-14 23:54:34','9099879024'),(402,81,11,'2021-07-14',NULL,NULL,'2021-07-14 23:54:41','9099879024'),(403,81,12,'2021-07-14',NULL,NULL,'2021-07-14 23:54:47','9099879024'),(406,34,3,'2021-07-14',NULL,NULL,'2021-07-14 23:55:45','9099879024'),(407,34,4,'2021-07-14',NULL,NULL,'2021-07-14 23:55:51','9099879024'),(409,34,6,'2021-07-14',NULL,NULL,'2021-07-14 23:56:04','9099879024'),(410,34,7,'2021-07-14',NULL,NULL,'2021-07-14 23:56:09','9099879024'),(411,34,8,'2021-07-14',NULL,NULL,'2021-07-14 23:56:14','9099879024'),(413,221,3,'2021-07-15',NULL,NULL,'2021-07-15 00:25:27','8866580625'),(414,221,11,'2021-07-15',NULL,NULL,'2021-07-15 00:25:51','8866580625'),(415,221,12,'2021-07-15',NULL,NULL,'2021-07-15 00:25:56','8866580625'),(416,221,13,'2021-07-15',NULL,NULL,'2021-07-15 00:26:00','8866580625'),(417,221,14,'2021-07-15',NULL,NULL,'2021-07-15 00:26:05','8866580625'),(418,221,15,'2021-07-15',NULL,NULL,'2021-07-15 00:26:10','8866580625'),(419,280,1,'2021-07-15',NULL,NULL,'2021-07-15 00:26:47','8866580625'),(420,280,2,'2021-07-15',NULL,NULL,'2021-07-15 00:26:54','8866580625'),(421,280,3,'2021-07-15',NULL,NULL,'2021-07-15 00:26:59','8866580625'),(422,280,4,'2021-07-15',NULL,NULL,'2021-07-15 00:27:06','8866580625'),(423,280,5,'2021-07-15',NULL,NULL,'2021-07-15 00:27:10','8866580625'),(424,280,6,'2021-07-15',NULL,NULL,'2021-07-15 00:27:17','8866580625'),(425,288,1,'2021-07-15',NULL,NULL,'2021-07-15 00:27:36','8866580625'),(426,288,2,'2021-07-15',NULL,NULL,'2021-07-15 00:27:41','8866580625'),(427,288,3,'2021-07-15',NULL,NULL,'2021-07-15 00:27:45','8866580625'),(428,330,1,'2021-07-15',NULL,NULL,'2021-07-15 00:28:19','8866580625'),(429,330,2,'2021-07-15',NULL,NULL,'2021-07-15 00:28:25','8866580625'),(430,330,3,'2021-07-15',NULL,NULL,'2021-07-15 00:28:32','8866580625'),(431,330,4,'2021-07-15',NULL,NULL,'2021-07-15 00:28:37','8866580625'),(432,330,5,'2021-07-15',NULL,NULL,'2021-07-15 00:28:43','8866580625'),(433,330,6,'2021-07-15',NULL,NULL,'2021-07-15 00:28:50','8866580625'),(434,330,7,'2021-07-15',NULL,NULL,'2021-07-15 00:28:55','8866580625'),(435,330,8,'2021-07-15',NULL,NULL,'2021-07-15 00:29:06','8866580625'),(436,330,9,'2021-07-15',NULL,NULL,'2021-07-15 00:29:13','8866580625'),(437,337,1,'2021-07-15',NULL,NULL,'2021-07-15 00:29:41','8866580625'),(438,337,2,'2021-07-15',NULL,NULL,'2021-07-15 00:29:49','8866580625'),(439,337,3,'2021-07-15',NULL,NULL,'2021-07-15 00:30:01','8866580625'),(440,337,4,'2021-07-15',NULL,NULL,'2021-07-15 00:30:08','8866580625'),(441,337,5,'2021-07-15',NULL,NULL,'2021-07-15 00:30:14','8866580625'),(442,337,6,'2021-07-15',NULL,NULL,'2021-07-15 00:30:21','8866580625'),(443,337,7,'2021-07-15',NULL,NULL,'2021-07-15 00:30:30','8866580625'),(444,337,8,'2021-07-15',NULL,NULL,'2021-07-15 00:30:37','8866580625'),(445,337,9,'2021-07-15',NULL,NULL,'2021-07-15 00:30:44','8866580625'),(446,355,1,'2021-07-15',NULL,NULL,'2021-07-15 00:31:02','8866580625'),(447,355,2,'2021-07-15',NULL,NULL,'2021-07-15 00:31:13','8866580625'),(448,356,1,'2021-07-15',NULL,NULL,'2021-07-15 00:31:30','8866580625'),(449,356,2,'2021-07-15',NULL,NULL,'2021-07-15 00:31:34','8866580625'),(450,371,1,'2021-07-15',NULL,NULL,'2021-07-15 00:31:49','8866580625'),(451,371,2,'2021-07-15',NULL,NULL,'2021-07-15 00:31:53','8866580625'),(452,371,3,'2021-07-15',NULL,NULL,'2021-07-15 00:32:04','8866580625'),(453,371,4,'2021-07-15',NULL,NULL,'2021-07-15 00:32:09','8866580625'),(454,371,5,'2021-07-15',NULL,NULL,'2021-07-15 00:32:14','8866580625'),(455,372,1,'2021-07-15',NULL,NULL,'2021-07-15 00:34:01','8866580625'),(456,372,3,'2021-07-15',NULL,NULL,'2021-07-15 00:32:38','8866580625'),(457,372,4,'2021-07-15',NULL,NULL,'2021-07-15 00:32:44','8866580625'),(458,372,5,'2021-07-15',NULL,NULL,'2021-07-15 00:32:50','8866580625'),(459,372,6,'2021-07-15',NULL,NULL,'2021-07-15 00:32:59','8866580625'),(460,372,7,'2021-07-15',NULL,NULL,'2021-07-15 00:33:06','8866580625'),(461,372,8,'2021-07-15',NULL,NULL,'2021-07-15 00:33:12','8866580625'),(462,372,9,'2021-07-15',NULL,NULL,'2021-07-15 00:33:18','8866580625'),(463,372,10,'2021-07-15',NULL,NULL,'2021-07-15 00:33:23','8866580625'),(464,372,11,'2021-07-15',NULL,NULL,'2021-07-15 00:33:31','8866580625'),(465,372,12,'2021-07-15',NULL,NULL,'2021-07-15 00:33:38','8866580625'),(466,372,13,'2021-07-15',NULL,NULL,'2021-07-15 00:33:43','8866580625'),(468,374,1,'2021-07-15',NULL,NULL,'2021-07-15 00:34:09','8866580625'),(469,374,2,'2021-07-15',NULL,NULL,'2021-07-15 00:34:13','8866580625'),(470,374,3,'2021-07-15',NULL,NULL,'2021-07-15 00:34:17','8866580625'),(471,374,4,'2021-07-15',NULL,NULL,'2021-07-15 00:34:21','8866580625'),(472,374,5,'2021-07-15',NULL,NULL,'2021-07-15 00:36:29','8866580625'),(473,374,6,'2021-07-15',NULL,NULL,'2021-07-15 00:36:34','8866580625'),(475,372,2,'2021-07-15',NULL,NULL,'2021-07-15 00:35:38','8866580625'),(476,374,7,'2021-07-15',NULL,NULL,'2021-07-15 00:36:23','8866580625'),(479,374,8,'2021-07-15',NULL,NULL,'2021-07-15 00:36:43','8866580625'),(480,374,9,'2021-07-15',NULL,NULL,'2021-07-15 00:36:50','8866580625'),(481,393,1,'2021-07-15',NULL,NULL,'2021-07-15 00:37:16','8866580625'),(482,393,2,'2021-07-15',NULL,NULL,'2021-07-15 00:37:21','8866580625'),(483,393,3,'2021-07-15',NULL,NULL,'2021-07-15 00:37:27','8866580625'),(484,393,4,'2021-07-15',NULL,NULL,'2021-07-15 00:37:32','8866580625'),(485,393,5,'2021-07-15',NULL,NULL,'2021-07-15 00:37:37','8866580625'),(486,393,6,'2021-07-15',NULL,NULL,'2021-07-15 00:37:41','8866580625'),(487,393,7,'2021-07-15',NULL,NULL,'2021-07-15 00:37:46','8866580625'),(488,393,8,'2021-07-15',NULL,NULL,'2021-07-15 00:37:50','8866580625'),(489,393,9,'2021-07-15',NULL,NULL,'2021-07-15 00:37:55','8866580625'),(490,393,10,'2021-07-15',NULL,NULL,'2021-07-15 00:38:01','8866580625'),(491,393,11,'2021-07-15',NULL,NULL,'2021-07-15 00:38:06','8866580625'),(492,393,12,'2021-07-15',NULL,NULL,'2021-07-15 00:38:11','8866580625'),(493,393,13,'2021-07-15',NULL,NULL,'2021-07-15 00:38:16','8866580625'),(494,393,14,'2021-07-15',NULL,NULL,'2021-07-15 00:38:21','8866580625'),(495,393,15,'2021-07-15',NULL,NULL,'2021-07-15 00:38:26','8866580625'),(496,393,16,'2021-07-15',NULL,NULL,'2021-07-15 00:38:31','8866580625'),(497,393,17,'2021-07-15',NULL,NULL,'2021-07-15 00:38:40','8866580625'),(498,393,18,'2021-07-15',NULL,NULL,'2021-07-15 00:38:46','8866580625'),(499,393,19,'2021-07-15',NULL,NULL,'2021-07-15 00:38:55','8866580625'),(500,393,20,'2021-07-15',NULL,NULL,'2021-07-15 00:39:01','8866580625'),(501,406,1,'2021-07-15',NULL,NULL,'2021-07-15 00:40:42','8866580625'),(502,406,2,'2021-07-15',NULL,NULL,'2021-07-15 00:40:47','8866580625'),(503,406,3,'2021-07-15',NULL,NULL,'2021-07-15 00:40:56','8866580625'),(505,406,4,'2021-07-15',NULL,NULL,'2021-07-15 00:41:03','8866580625'),(506,406,5,'2021-07-15',NULL,NULL,'2021-07-15 00:41:08','8866580625'),(507,406,7,'2021-07-15',NULL,NULL,'2021-07-15 00:41:13','8866580625'),(508,406,8,'2021-07-15',NULL,NULL,'2021-07-15 00:41:18','8866580625'),(509,406,9,'2021-07-15',NULL,NULL,'2021-07-15 00:41:26','8866580625'),(510,406,10,'2021-07-15',NULL,NULL,'2021-07-15 00:41:31','8866580625'),(511,406,11,'2021-07-15',NULL,NULL,'2021-07-15 00:41:35','8866580625'),(512,406,12,'2021-07-15',NULL,NULL,'2021-07-15 00:41:40','8866580625'),(513,406,13,'2021-07-15',NULL,NULL,'2021-07-15 00:41:45','8866580625'),(514,406,14,'2021-07-15',NULL,NULL,'2021-07-15 00:41:52','8866580625'),(515,406,15,'2021-07-15',NULL,NULL,'2021-07-15 00:41:57','8866580625'),(516,406,18,'2021-07-15',NULL,NULL,'2021-07-15 00:42:08','8866580625'),(517,406,16,'2021-07-15',NULL,NULL,'2021-07-15 00:42:18','8866580625'),(518,406,19,'2021-07-15',NULL,NULL,'2021-07-15 00:42:42','8866580625'),(519,406,17,'2021-07-15',NULL,NULL,'2021-07-15 00:42:35','8866580625'),(521,406,20,'2021-07-15',NULL,NULL,'2021-07-15 00:42:47','8866580625'),(522,406,21,'2021-07-15',NULL,NULL,'2021-07-15 00:42:56','8866580625'),(523,406,22,'2021-07-15',NULL,NULL,'2021-07-15 00:43:01','8866580625'),(524,406,23,'2021-07-15',NULL,NULL,'2021-07-15 00:43:07','8866580625'),(525,406,24,'2021-07-15',NULL,NULL,'2021-07-15 00:43:13','8866580625'),(526,406,25,'2021-07-15',NULL,NULL,'2021-07-15 00:43:28','8866580625'),(527,406,27,'2021-07-15',NULL,NULL,'2021-07-15 00:43:37','8866580625'),(528,406,28,'2021-07-15',NULL,NULL,'2021-07-15 00:43:45','8866580625'),(529,406,29,'2021-07-15',NULL,NULL,'2021-07-15 00:43:50','8866580625'),(530,406,30,'2021-07-15',NULL,NULL,'2021-07-15 00:43:59','8866580625'),(531,406,31,'2021-07-15',NULL,NULL,'2021-07-15 00:44:07','8866580625'),(532,406,32,'2021-07-15',NULL,NULL,'2021-07-15 00:44:25','8866580625'),(533,406,33,'2021-07-15',NULL,NULL,'2021-07-15 00:44:30','8866580625'),(534,406,34,'2021-07-15',NULL,NULL,'2021-07-15 00:44:38','8866580625'),(535,406,35,'2021-07-15',NULL,NULL,'2021-07-15 00:44:48','8866580625'),(536,406,36,'2021-07-15',NULL,NULL,'2021-07-15 00:44:54','8866580625'),(537,406,37,'2021-07-15',NULL,NULL,'2021-07-15 00:45:00','8866580625'),(538,406,38,'2021-07-15',NULL,NULL,'2021-07-15 00:45:06','8866580625'),(539,406,39,'2021-07-15',NULL,NULL,'2021-07-15 00:45:11','8866580625'),(540,406,40,'2021-07-15',NULL,NULL,'2021-07-15 00:45:16','8866580625'),(541,406,26,'2021-07-15',NULL,NULL,'2021-07-15 00:45:40','8866580625'),(542,406,41,'2021-07-15',NULL,NULL,'2021-07-15 00:45:50','8866580625'),(543,406,42,'2021-07-15',NULL,NULL,'2021-07-15 00:45:54','8866580625'),(544,406,43,'2021-07-15',NULL,NULL,'2021-07-15 00:46:00','8866580625'),(545,406,44,'2021-07-15',NULL,NULL,'2021-07-15 00:46:05','8866580625'),(546,406,45,'2021-07-15',NULL,NULL,'2021-07-15 00:46:10','8866580625'),(547,406,47,'2021-07-15',NULL,NULL,'2021-07-15 00:46:15','8866580625'),(548,406,48,'2021-07-15',NULL,NULL,'2021-07-15 00:46:19','8866580625'),(549,406,49,'2021-07-15',NULL,NULL,'2021-07-15 00:46:34','8866580625'),(550,406,50,'2021-07-15',NULL,NULL,'2021-07-15 00:46:39','8866580625'),(551,406,51,'2021-07-15',NULL,NULL,'2021-07-15 00:46:43','8866580625'),(552,406,52,'2021-07-15',NULL,NULL,'2021-07-15 00:46:48','8866580625'),(553,406,53,'2021-07-15',NULL,NULL,'2021-07-15 00:46:59','8866580625'),(554,406,54,'2021-07-15',NULL,NULL,'2021-07-15 00:47:09','8866580625'),(556,406,55,'2021-07-15',NULL,NULL,'2021-07-15 00:47:18','8866580625'),(557,406,56,'2021-07-15',NULL,NULL,'2021-07-15 00:47:22','8866580625'),(558,406,57,'2021-07-15',NULL,NULL,'2021-07-15 00:47:26','8866580625'),(559,406,58,'2021-07-15',NULL,NULL,'2021-07-15 00:47:31','8866580625'),(560,406,59,'2021-07-15',NULL,NULL,'2021-07-15 00:47:34','8866580625'),(561,406,6,'2021-07-15',NULL,NULL,'2021-07-15 00:48:07','8866580625'),(562,406,46,'2021-07-15',NULL,NULL,'2021-07-15 00:48:30','8866580625'),(564,439,2,'2021-07-15',NULL,NULL,'2021-07-15 00:48:58','8866580625'),(565,439,3,'2021-07-15',NULL,NULL,'2021-07-15 00:49:03','8866580625'),(566,439,4,'2021-07-15',NULL,NULL,'2021-07-15 00:49:20','8866580625'),(567,454,1,'2021-07-15',NULL,NULL,'2021-07-15 00:50:03','8866580625'),(568,454,2,'2021-07-15',NULL,NULL,'2021-07-15 00:50:09','8866580625'),(569,454,3,'2021-07-15',NULL,NULL,'2021-07-15 00:50:12','8866580625'),(570,521,1,'2021-07-15',NULL,NULL,'2021-07-15 00:51:01','8866580625'),(571,521,2,'2021-07-15',NULL,NULL,'2021-07-15 00:51:06','8866580625'),(572,567,1,'2021-07-15',NULL,NULL,'2021-07-15 00:51:17','8866580625'),(573,414,1,'2021-07-15',NULL,NULL,'2021-07-15 00:53:04','8866580625'),(574,414,2,'2021-07-15',NULL,NULL,'2021-07-15 00:53:08','8866580625'),(575,414,3,'2021-07-15',NULL,NULL,'2021-07-15 00:53:12','8866580625'),(576,414,4,'2021-07-15',NULL,NULL,'2021-07-15 00:53:17','8866580625'),(577,414,5,'2021-07-15',NULL,NULL,'2021-07-15 00:53:25','8866580625'),(579,414,6,'2021-07-15',NULL,NULL,'2021-07-15 00:53:31','8866580625'),(580,414,7,'2021-07-15',NULL,NULL,'2021-07-15 00:53:35','8866580625'),(581,414,8,'2021-07-15',NULL,NULL,'2021-07-15 00:53:41','8866580625'),(582,414,9,'2021-07-15',NULL,NULL,'2021-07-15 00:53:46','8866580625'),(583,414,10,'2021-07-15',NULL,NULL,'2021-07-15 00:53:51','8866580625'),(584,414,11,'2021-07-15',NULL,NULL,'2021-07-15 00:53:58','8866580625'),(585,414,12,'2021-07-15',NULL,NULL,'2021-07-15 00:54:04','8866580625'),(586,414,13,'2021-07-15',NULL,NULL,'2021-07-15 00:54:12','8866580625'),(587,413,1,'2021-07-15',NULL,NULL,'2021-07-15 00:54:29','8866580625'),(588,413,2,'2021-07-15',NULL,NULL,'2021-07-15 00:54:35','8866580625'),(589,413,3,'2021-07-15',NULL,NULL,'2021-07-15 00:54:41','8866580625'),(590,413,4,'2021-07-15',NULL,NULL,'2021-07-15 00:54:50','8866580625'),(592,413,5,'2021-07-15',NULL,NULL,'2021-07-15 00:54:56','8866580625'),(593,405,1,'2021-07-15',NULL,NULL,'2021-07-15 00:55:07','8866580625'),(594,405,2,'2021-07-15',NULL,NULL,'2021-07-15 00:55:11','8866580625'),(595,405,3,'2021-07-15',NULL,NULL,'2021-07-15 00:55:14','8866580625'),(596,394,1,'2021-07-15',NULL,NULL,'2021-07-15 00:55:32','8866580625'),(597,394,2,'2021-07-15',NULL,NULL,'2021-07-15 00:55:35','8866580625'),(598,394,3,'2021-07-15',NULL,NULL,'2021-07-15 00:55:38','8866580625'),(599,394,4,'2021-07-15',NULL,NULL,'2021-07-15 00:55:43','8866580625'),(600,394,5,'2021-07-15',NULL,NULL,'2021-07-15 00:55:46','8866580625'),(601,394,6,'2021-07-15',NULL,NULL,'2021-07-15 00:55:50','8866580625'),(602,394,7,'2021-07-15',NULL,NULL,'2021-07-15 00:55:53','8866580625'),(603,394,8,'2021-07-15',NULL,NULL,'2021-07-15 00:55:56','8866580625'),(604,394,10,'2021-07-15',NULL,NULL,'2021-07-15 00:56:00','8866580625'),(605,394,11,'2021-07-15',NULL,NULL,'2021-07-15 00:56:03','8866580625'),(606,394,12,'2021-07-15',NULL,NULL,'2021-07-15 00:56:06','8866580625'),(607,394,13,'2021-07-15',NULL,NULL,'2021-07-15 00:56:10','8866580625'),(608,394,14,'2021-07-15',NULL,NULL,'2021-07-15 00:56:13','8866580625'),(609,394,15,'2021-07-15',NULL,NULL,'2021-07-15 00:56:16','8866580625'),(610,394,16,'2021-07-15',NULL,NULL,'2021-07-15 00:56:19','8866580625'),(611,394,17,'2021-07-15',NULL,NULL,'2021-07-15 00:56:22','8866580625'),(612,394,18,'2021-07-15',NULL,NULL,'2021-07-15 00:56:29','8866580625'),(613,394,19,'2021-07-15',NULL,NULL,'2021-07-15 00:56:31','8866580625'),(614,394,20,'2021-07-15',NULL,NULL,'2021-07-15 00:56:35','8866580625'),(615,394,21,'2021-07-15',NULL,NULL,'2021-07-15 00:56:46','8866580625'),(616,394,22,'2021-07-15',NULL,NULL,'2021-07-15 00:56:49','8866580625'),(617,394,23,'2021-07-15',NULL,NULL,'2021-07-15 00:56:53','8866580625'),(618,394,24,'2021-07-15',NULL,NULL,'2021-07-15 00:56:55','8866580625'),(619,394,25,'2021-07-15',NULL,NULL,'2021-07-15 00:56:58','8866580625'),(620,394,9,'2021-07-15',NULL,NULL,'2021-07-15 00:57:20','8866580625'),(621,373,1,'2021-07-15',NULL,NULL,'2021-07-15 00:57:41','8866580625'),(622,373,2,'2021-07-15',NULL,NULL,'2021-07-15 00:57:44','8866580625'),(623,373,3,'2021-07-15',NULL,NULL,'2021-07-15 00:57:49','8866580625'),(624,373,4,'2021-07-15',NULL,NULL,'2021-07-15 00:57:52','8866580625'),(625,373,5,'2021-07-15',NULL,NULL,'2021-07-15 00:57:56','8866580625'),(626,357,1,'2021-07-15',NULL,NULL,'2021-07-15 00:58:11','8866580625'),(627,357,2,'2021-07-15',NULL,NULL,'2021-07-15 00:58:14','8866580625'),(628,357,3,'2021-07-15',NULL,NULL,'2021-07-15 00:58:20','8866580625'),(629,357,4,'2021-07-15',NULL,NULL,'2021-07-15 00:58:25','8866580625'),(630,357,5,'2021-07-15',NULL,NULL,'2021-07-15 00:58:29','8866580625'),(631,338,1,'2021-07-15',NULL,NULL,'2021-07-15 00:58:41','8866580625'),(632,338,2,'2021-07-15',NULL,NULL,'2021-07-15 00:58:43','8866580625'),(633,228,1,'2021-07-15',NULL,NULL,'2021-07-15 00:58:58','8866580625'),(634,228,2,'2021-07-15',NULL,NULL,'2021-07-15 00:59:01','8866580625'),(635,228,3,'2021-07-15',NULL,NULL,'2021-07-15 00:59:03','8866580625'),(636,228,4,'2021-07-15',NULL,NULL,'2021-07-15 00:59:09','8866580625'),(637,228,5,'2021-07-15',NULL,NULL,'2021-07-15 00:59:13','8866580625'),(638,222,1,'2021-07-15',NULL,NULL,'2021-07-15 00:59:26','8866580625'),(640,222,3,'2021-07-15',NULL,NULL,'2021-07-15 00:59:34','8866580625'),(641,222,4,'2021-07-15',NULL,NULL,'2021-07-15 00:59:38','8866580625'),(642,222,5,'2021-07-15',NULL,NULL,'2021-07-15 00:59:44','8866580625'),(643,34,9,'2021-07-15',NULL,NULL,'2021-07-15 01:01:50','8866580625'),(644,34,10,'2021-07-15',NULL,NULL,'2021-07-15 01:01:54','8866580625'),(645,34,11,'2021-07-15',NULL,NULL,'2021-07-15 01:01:57','8866580625'),(647,81,13,'2021-07-15',NULL,NULL,'2021-07-15 01:02:54','8866580625'),(648,81,14,'2021-07-15',NULL,NULL,'2021-07-15 01:02:57','8866580625'),(649,81,15,'2021-07-15',NULL,NULL,'2021-07-15 01:03:03','8866580625'),(650,81,16,'2021-07-15',NULL,NULL,'2021-07-15 01:03:08','8866580625'),(651,376,1,'2021-07-15',NULL,NULL,'2021-07-15 01:08:12','8866580625'),(652,376,2,'2021-07-15',NULL,NULL,'2021-07-15 01:08:15','8866580625'),(653,43,1,'2021-07-15',NULL,NULL,'2021-07-15 01:08:36','8866580625'),(654,43,2,'2021-07-15',NULL,NULL,'2021-07-15 01:08:39','8866580625'),(655,43,3,'2021-07-15',NULL,NULL,'2021-07-15 01:08:43','8866580625'),(656,43,4,'2021-07-15',NULL,NULL,'2021-07-15 01:08:55','8866580625'),(657,43,5,'2021-07-15',NULL,NULL,'2021-07-15 01:09:05','8866580625'),(658,43,6,'2021-07-15',NULL,NULL,'2021-07-15 01:09:08','8866580625'),(662,43,7,'2021-07-15',NULL,NULL,'2021-07-15 01:09:11','8866580625'),(663,392,1,'2021-07-15',NULL,NULL,'2021-07-15 01:09:58','8866580625'),(664,453,1,'2021-07-15',NULL,NULL,'2021-07-15 01:10:15','8866580625'),(665,453,2,'2021-07-15',NULL,NULL,'2021-07-15 01:10:19','8866580625'),(667,71,2,'2021-07-15',NULL,NULL,'2021-07-15 01:13:25','8866580625'),(668,37,9,'2021-07-15',NULL,NULL,'2021-07-15 01:13:56','8866580625'),(669,37,10,'2021-07-15',NULL,NULL,'2021-07-15 01:14:00','8866580625'),(670,37,11,'2021-07-15',NULL,NULL,'2021-07-15 01:14:03','8866580625'),(671,37,12,'2021-07-15',NULL,NULL,'2021-07-15 01:14:06','8866580625'),(672,37,14,'2021-07-15',NULL,NULL,'2021-07-15 01:14:15','8866580625'),(673,37,18,'2021-07-15',NULL,NULL,'2021-07-15 01:14:21','8866580625'),(674,37,19,'2021-07-15',NULL,NULL,'2021-07-15 01:14:24','8866580625'),(675,37,20,'2021-07-15',NULL,NULL,'2021-07-15 01:14:27','8866580625'),(676,37,21,'2021-07-15',NULL,NULL,'2021-07-15 01:14:36','8866580625'),(678,37,23,'2021-07-15',NULL,NULL,'2021-07-15 01:14:42','8866580625'),(679,37,24,'2021-07-15',NULL,NULL,'2021-07-15 01:14:46','8866580625'),(680,37,25,'2021-07-15',NULL,NULL,'2021-07-15 01:14:49','8866580625'),(681,37,22,'2021-07-15',NULL,NULL,'2021-07-15 01:15:17','8866580625'),(682,37,17,'2021-07-15',NULL,NULL,'2021-07-15 01:15:20','8866580625'),(683,40,3,'2021-07-15',NULL,NULL,'2021-07-15 01:17:06','8866580625'),(684,40,4,'2021-07-15',NULL,NULL,'2021-07-15 01:17:09','8866580625'),(685,40,5,'2021-07-15',NULL,NULL,'2021-07-15 01:17:12','8866580625'),(686,40,6,'2021-07-15',NULL,NULL,'2021-07-15 01:17:15','8866580625'),(687,41,1,'2021-07-15',NULL,NULL,'2021-07-15 01:17:45','8866580625'),(688,42,1,'2021-07-15',NULL,NULL,'2021-07-15 01:17:53','8866580625'),(689,42,2,'2021-07-15',NULL,NULL,'2021-07-15 01:17:56','8866580625'),(694,42,5,'2021-07-15',NULL,NULL,'2021-07-15 01:18:22','8866580625'),(695,42,6,'2021-07-15',NULL,NULL,'2021-07-15 01:18:25','8866580625'),(697,231,2,'2021-07-15',NULL,NULL,'2021-07-15 01:22:17','8866580625'),(698,231,3,'2021-07-15',NULL,NULL,'2021-07-15 01:22:42','8866580625'),(699,231,4,'2021-07-15',NULL,NULL,'2021-07-15 01:22:46','8866580625'),(700,231,5,'2021-07-15',NULL,NULL,'2021-07-15 01:22:49','8866580625'),(701,231,6,'2021-07-15',NULL,NULL,'2021-07-15 01:22:51','8866580625'),(702,231,7,'2021-07-15',NULL,NULL,'2021-07-15 01:22:55','8866580625'),(703,231,8,'2021-07-15',NULL,NULL,'2021-07-15 01:22:58','8866580625'),(704,231,9,'2021-07-15',NULL,NULL,'2021-07-15 01:23:01','8866580625'),(705,231,10,'2021-07-15',NULL,NULL,'2021-07-15 01:23:04','8866580625'),(706,231,11,'2021-07-15',NULL,NULL,'2021-07-15 01:23:07','8866580625'),(707,231,12,'2021-07-15',NULL,NULL,'2021-07-15 01:23:31','8866580625'),(708,397,1,'2021-07-15',NULL,NULL,'2021-07-15 01:23:47','8866580625'),(709,397,2,'2021-07-15',NULL,NULL,'2021-07-15 01:23:52','8866580625'),(710,397,3,'2021-07-15',NULL,NULL,'2021-07-15 01:23:55','8866580625'),(712,44,2,'2021-07-15',NULL,NULL,'2021-07-15 01:24:51','8866580625'),(713,44,3,'2021-07-15',NULL,NULL,'2021-07-15 01:24:54','8866580625'),(714,44,4,'2021-07-15',NULL,NULL,'2021-07-15 01:25:08','8866580625'),(715,452,1,'2021-07-15',NULL,NULL,'2021-07-15 01:25:30','8866580625'),(717,30,10,'2021-07-15',NULL,NULL,'2021-07-15 01:31:04','8866580625'),(719,52,13,'2021-07-15',NULL,NULL,'2021-07-15 01:32:17','8866580625'),(720,52,14,'2021-07-15',NULL,NULL,'2021-07-15 01:32:21','8866580625'),(721,52,15,'2021-07-15',NULL,NULL,'2021-07-15 01:32:24','8866580625'),(722,52,16,'2021-07-15',NULL,NULL,'2021-07-15 01:32:27','8866580625'),(723,52,17,'2021-07-15',NULL,NULL,'2021-07-15 01:32:30','8866580625'),(724,52,18,'2021-07-15',NULL,NULL,'2021-07-15 01:32:33','8866580625'),(725,52,19,'2021-07-15',NULL,NULL,'2021-07-15 01:32:36','8866580625'),(726,52,20,'2021-07-15',NULL,NULL,'2021-07-15 01:32:39','8866580625'),(727,293,1,'2021-07-15',NULL,NULL,'2021-07-15 01:32:58','8866580625'),(728,293,2,'2021-07-15',NULL,NULL,'2021-07-15 01:33:01','8866580625'),(729,293,4,'2021-07-15',NULL,NULL,'2021-07-15 01:33:03','8866580625'),(730,293,5,'2021-07-15',NULL,NULL,'2021-07-15 01:33:07','8866580625'),(731,293,6,'2021-07-15',NULL,NULL,'2021-07-15 01:33:10','8866580625'),(732,293,7,'2021-07-15',NULL,NULL,'2021-07-15 01:33:12','8866580625'),(733,293,8,'2021-07-15',NULL,NULL,'2021-07-15 01:33:15','8866580625'),(734,293,9,'2021-07-15',NULL,NULL,'2021-07-15 01:33:19','8866580625'),(735,293,10,'2021-07-15',NULL,NULL,'2021-07-15 01:33:24','8866580625'),(736,293,11,'2021-07-15',NULL,NULL,'2021-07-15 01:33:29','8866580625'),(737,293,12,'2021-07-15',NULL,NULL,'2021-07-15 01:33:33','8866580625'),(738,293,13,'2021-07-15',NULL,NULL,'2021-07-15 01:33:36','8866580625'),(739,293,14,'2021-07-15',NULL,NULL,'2021-07-15 01:33:39','8866580625'),(740,293,15,'2021-07-15',NULL,NULL,'2021-07-15 01:33:42','8866580625'),(741,293,16,'2021-07-15',NULL,NULL,'2021-07-15 01:33:45','8866580625'),(742,293,17,'2021-07-15',NULL,NULL,'2021-07-15 01:33:48','8866580625'),(743,293,18,'2021-07-15',NULL,NULL,'2021-07-15 01:33:55','8866580625'),(744,293,19,'2021-07-15',NULL,NULL,'2021-07-15 01:33:58','8866580625'),(745,293,20,'2021-07-24',NULL,NULL,'2021-07-24 07:37:08','8866580625'),(746,293,21,'2021-07-15',NULL,NULL,'2021-07-15 01:34:05','8866580625'),(747,293,22,'2021-07-15',NULL,NULL,'2021-07-15 01:34:08','8866580625'),(748,293,24,'2021-07-15',NULL,NULL,'2021-07-15 01:34:12','8866580625'),(749,293,25,'2021-07-15',NULL,NULL,'2021-07-15 01:34:14','8866580625'),(750,293,3,'2021-07-15',NULL,NULL,'2021-07-15 01:34:21','8866580625'),(751,293,23,'2021-07-15',NULL,NULL,'2021-07-15 01:34:51','8866580625'),(752,224,1,'2021-07-15',NULL,NULL,'2021-07-15 01:37:54','8866580625'),(753,336,1,'2021-07-15',NULL,NULL,'2021-07-15 01:38:02','8866580625'),(754,336,2,'2021-07-15',NULL,NULL,'2021-07-15 01:38:05','8866580625'),(755,336,3,'2021-07-15',NULL,NULL,'2021-07-15 01:38:09','8866580625'),(756,415,1,'2021-07-18',NULL,NULL,'2021-07-18 00:19:11','9586395084'),(757,475,1,'2021-07-15',NULL,NULL,'2021-07-15 01:38:44','8866580625'),(758,475,2,'2021-07-15',NULL,NULL,'2021-07-15 01:38:47','8866580625'),(759,204,1,'2021-07-15',NULL,NULL,'2021-07-15 01:40:51','8866580625'),(760,204,2,'2021-07-15',NULL,NULL,'2021-07-15 01:40:53','8866580625'),(761,204,3,'2021-07-15',NULL,NULL,'2021-07-15 01:40:56','8866580625'),(762,204,4,'2021-07-15',NULL,NULL,'2021-07-15 01:41:00','8866580625'),(763,204,5,'2021-07-15',NULL,NULL,'2021-07-15 01:41:04','8866580625'),(764,204,6,'2021-07-15',NULL,NULL,'2021-07-15 01:41:08','8866580625'),(765,204,7,'2021-07-15',NULL,NULL,'2021-07-15 01:41:17','8866580625'),(768,204,9,'2021-07-15',NULL,NULL,'2021-07-15 01:41:27','8866580625'),(769,204,10,'2021-07-15',NULL,NULL,'2021-07-15 01:41:31','8866580625'),(770,204,11,'2021-07-15',NULL,NULL,'2021-07-15 01:41:34','8866580625'),(771,204,12,'2021-07-15',NULL,NULL,'2021-07-15 01:41:37','8866580625'),(772,204,13,'2021-07-15',NULL,NULL,'2021-07-15 01:41:40','8866580625'),(773,204,14,'2021-07-15',NULL,NULL,'2021-07-15 01:41:47','8866580625'),(775,204,15,'2021-07-15',NULL,NULL,'2021-07-15 01:41:56','8866580625'),(776,204,16,'2021-07-15',NULL,NULL,'2021-07-15 01:42:00','8866580625'),(777,204,17,'2021-07-15',NULL,NULL,'2021-07-15 01:42:03','8866580625'),(778,204,18,'2021-07-15',NULL,NULL,'2021-07-15 01:42:07','8866580625'),(779,270,1,'2021-07-15',NULL,NULL,'2021-07-15 01:52:03','8866580625'),(780,326,1,'2021-07-15',NULL,NULL,'2021-07-15 01:52:12','8866580625'),(781,326,2,'2021-07-15',NULL,NULL,'2021-07-15 01:52:15','8866580625'),(782,346,1,'2021-07-15',NULL,NULL,'2021-07-15 01:52:23','8866580625'),(783,348,1,'2021-07-15',NULL,NULL,'2021-07-15 01:52:32','8866580625'),(784,348,2,'2021-07-15',NULL,NULL,'2021-07-15 01:52:36','8866580625'),(785,369,1,'2021-07-15',NULL,NULL,'2021-07-15 01:52:44','8866580625'),(786,369,2,'2021-07-15',NULL,NULL,'2021-07-15 01:52:47','8866580625'),(787,390,1,'2021-07-15',NULL,NULL,'2021-07-15 01:52:54','8866580625'),(788,390,2,'2021-07-15',NULL,NULL,'2021-07-15 01:52:58','8866580625'),(789,419,1,'2021-07-15',NULL,NULL,'2021-07-15 01:53:17','8866580625'),(790,421,1,'2021-07-15',NULL,NULL,'2021-07-15 01:53:25','8866580625'),(791,425,1,'2021-07-15',NULL,NULL,'2021-07-15 01:53:33','8866580625'),(792,425,2,'2021-07-15',NULL,NULL,'2021-07-15 01:53:36','8866580625'),(793,450,1,'2021-07-15',NULL,NULL,'2021-07-15 01:53:47','8866580625'),(794,568,1,'2021-07-15',NULL,NULL,'2021-07-15 17:07:36','8447530645'),(795,569,1,'2021-07-15',NULL,NULL,'2021-07-15 17:10:05','8447530645'),(796,570,1,'2021-07-15',NULL,NULL,'2021-07-15 17:12:55','8447530645'),(797,571,1,'2021-07-15',NULL,NULL,'2021-07-15 17:14:49','8447530645'),(798,578,1,'2021-07-15',NULL,NULL,'2021-07-15 18:06:38','8866580625'),(799,580,1,'2021-07-15',NULL,NULL,'2021-07-15 18:12:41','8866580625'),(804,468,2,'2021-07-15',NULL,NULL,'2021-07-15 18:26:27','7575034637'),(805,506,2,'2021-07-15',NULL,NULL,'2021-07-15 18:35:50','8866580625'),(806,505,2,'2021-07-15',NULL,NULL,'2021-07-15 18:27:23','7575034637'),(808,127,2,'2021-07-15',NULL,NULL,'2021-07-15 18:34:59','8866580625'),(810,506,1,'2021-07-15',NULL,NULL,'2021-07-15 18:35:57','8866580625'),(811,194,2,'2021-07-15',NULL,NULL,'2021-07-15 18:37:30','7575034637'),(812,233,2,'2021-07-15',NULL,NULL,'2021-07-15 18:38:53','7575034637'),(813,437,2,'2021-07-15',NULL,NULL,'2021-07-15 18:39:00','7575034637'),(814,468,1,'2021-07-15',NULL,NULL,'2021-07-15 18:39:07','7575034637'),(815,505,1,'2021-07-15',NULL,NULL,'2021-07-15 18:39:13','7575034637'),(816,509,1,'2021-07-15',NULL,NULL,'2021-07-15 18:39:48','7575034637'),(817,509,2,'2021-07-15',NULL,NULL,'2021-07-15 18:39:53','7575034637'),(818,508,1,'2021-07-15',NULL,NULL,'2021-07-15 18:40:02','7575034637'),(819,508,2,'2021-07-15',NULL,NULL,'2021-07-15 18:40:04','7575034637'),(820,469,1,'2021-07-15',NULL,NULL,'2021-07-15 18:40:11','7575034637'),(821,469,2,'2021-07-15',NULL,NULL,'2021-07-15 18:40:15','7575034637'),(822,438,1,'2021-07-15',NULL,NULL,'2021-07-15 18:40:20','7575034637'),(824,195,1,'2021-07-15',NULL,NULL,'2021-07-15 18:40:52','7575034637'),(826,126,2,'2021-07-15',NULL,NULL,'2021-07-15 18:41:08','7575034637'),(828,234,2,'2021-07-15',NULL,NULL,'2021-07-15 18:41:43','7575034637'),(829,511,1,'2021-07-15',NULL,NULL,'2021-07-15 18:59:37','7575034637'),(830,485,1,'2021-07-15',NULL,NULL,'2021-07-15 19:03:32','7575034637'),(831,485,2,'2021-07-15',NULL,NULL,'2021-07-15 19:03:36','7575034637'),(832,210,1,'2021-07-15',NULL,NULL,'2021-07-15 19:03:43','7575034637'),(833,210,2,'2021-07-15',NULL,NULL,'2021-07-15 19:03:45','7575034637'),(841,434,1,'2021-07-15',NULL,NULL,'2021-07-15 19:04:31','7575034637'),(842,434,2,'2021-07-15',NULL,NULL,'2021-07-15 19:04:34','7575034637'),(843,265,1,'2021-07-15',NULL,NULL,'2021-07-15 19:04:39','7575034637'),(844,265,2,'2021-07-15',NULL,NULL,'2021-07-15 19:04:41','7575034637'),(849,486,1,'2021-07-15',NULL,NULL,'2021-07-15 19:29:04','7575034637'),(850,486,2,'2021-07-15',NULL,NULL,'2021-07-15 19:29:09','7575034637'),(852,227,1,'2021-07-15',NULL,NULL,'2021-07-15 19:29:21','7575034637'),(853,227,2,'2021-07-15',NULL,NULL,'2021-07-15 19:29:25','7575034637'),(854,528,1,'2021-07-15',NULL,NULL,'2021-07-15 19:29:44','7575034637'),(855,510,1,'2021-07-15',NULL,NULL,'2021-07-15 19:29:54','7575034637'),(856,510,2,'2021-07-15',NULL,NULL,'2021-07-15 19:29:58','7575034637'),(857,267,1,'2021-07-15',NULL,NULL,'2021-07-15 19:30:03','7575034637'),(858,267,2,'2021-07-15',NULL,NULL,'2021-07-15 19:30:08','7575034637'),(859,184,1,'2021-07-15',NULL,NULL,'2021-07-15 19:30:15','7575034637'),(860,184,2,'2021-07-15',NULL,NULL,'2021-07-15 19:30:20','7575034637'),(863,174,2,'2021-07-15',NULL,NULL,'2021-07-15 19:33:22','7575034637'),(864,65,31,'2021-07-15',NULL,NULL,'2021-07-15 19:33:34','7575034637'),(865,65,32,'2021-07-15',NULL,NULL,'2021-07-15 19:33:38','7575034637'),(866,65,19,'2021-07-15',NULL,NULL,'2021-07-15 19:33:41','7575034637'),(867,65,26,'2021-07-15',NULL,NULL,'2021-07-15 19:33:53','7575034637'),(868,65,27,'2021-07-15',NULL,NULL,'2021-07-15 19:33:58','7575034637'),(869,65,29,'2021-07-15',NULL,NULL,'2021-07-15 19:34:06','7575034637'),(870,65,24,'2021-07-15',NULL,NULL,'2021-07-15 19:34:19','7575034637'),(872,74,2,'2021-07-17',NULL,NULL,'2021-07-17 14:59:28','8866580625'),(873,116,1,'2021-07-17',NULL,NULL,'2021-07-17 15:00:13','8866580625'),(874,200,1,'2021-07-17',NULL,NULL,'2021-07-17 15:01:05','8866580625'),(875,200,2,'2021-07-17',NULL,NULL,'2021-07-17 15:01:33','8866580625'),(877,429,2,'2021-07-17',NULL,NULL,'2021-07-17 15:02:15','8866580625'),(878,478,1,'2021-07-17',NULL,NULL,'2021-07-17 15:02:43','8866580625'),(879,478,2,'2021-07-17',NULL,NULL,'2021-07-17 15:02:52','8866580625'),(880,487,1,'2021-07-17',NULL,NULL,'2021-07-17 15:03:10','8866580625'),(881,487,2,'2021-07-17',NULL,NULL,'2021-07-17 15:03:19','8866580625'),(882,488,1,'2021-07-17',NULL,NULL,'2021-07-17 15:03:42','8866580625'),(883,488,2,'2021-07-17',NULL,NULL,'2021-07-17 15:03:52','8866580625'),(884,489,1,'2021-07-17',NULL,NULL,'2021-07-17 15:04:03','8866580625'),(885,489,2,'2021-07-17',NULL,NULL,'2021-07-17 15:04:13','8866580625'),(886,559,1,'2021-07-18',NULL,NULL,'2021-07-18 00:23:35','9586395084'),(887,554,1,'2021-07-17',NULL,NULL,'2021-07-17 15:04:43','8866580625'),(890,201,1,'2021-07-17',NULL,NULL,'2021-07-17 15:08:54','8866580625'),(891,201,2,'2021-07-17',NULL,NULL,'2021-07-17 15:09:04','8866580625'),(892,431,1,'2021-07-17',NULL,NULL,'2021-07-17 15:09:16','8866580625'),(893,431,2,'2021-07-17',NULL,NULL,'2021-07-17 15:09:29','8866580625'),(894,479,1,'2021-07-17',NULL,NULL,'2021-07-17 15:09:43','8866580625'),(895,479,2,'2021-07-17',NULL,NULL,'2021-07-17 15:09:52','8866580625'),(896,490,1,'2021-07-17',NULL,NULL,'2021-07-17 15:10:07','8866580625'),(897,490,2,'2021-07-17',NULL,NULL,'2021-07-17 15:10:16','8866580625'),(898,491,1,'2021-07-17',NULL,NULL,'2021-07-17 15:10:36','8866580625'),(899,491,2,'2021-07-17',NULL,NULL,'2021-07-17 15:10:50','8866580625'),(900,492,1,'2021-07-17',NULL,NULL,'2021-07-17 15:11:05','8866580625'),(901,492,2,'2021-07-17',NULL,NULL,'2021-07-17 15:11:17','8866580625'),(902,117,2,'2021-07-17',NULL,NULL,'2021-07-17 15:11:49','8866580625'),(903,72,2,'2021-07-17',NULL,NULL,'2021-07-17 15:12:00','8866580625'),(904,203,1,'2021-07-17',NULL,NULL,'2021-07-17 15:15:07','8866580625'),(905,481,1,'2021-07-17',NULL,NULL,'2021-07-17 15:15:20','8866580625'),(906,500,1,'2021-07-17',NULL,NULL,'2021-07-17 15:15:29','8866580625'),(907,501,1,'2021-07-17',NULL,NULL,'2021-07-17 15:15:51','8866580625'),(908,502,1,'2021-07-17',NULL,NULL,'2021-07-17 15:15:59','8866580625'),(909,503,1,'2021-07-17',NULL,NULL,'2021-07-17 15:16:08','8866580625'),(910,504,1,'2021-07-17',NULL,NULL,'2021-07-17 15:16:26','8866580625'),(911,557,1,'2021-07-17',NULL,NULL,'2021-07-17 15:16:36','8866580625'),(912,202,1,'2021-07-17',NULL,NULL,'2021-07-17 15:17:56','8866580625'),(913,202,2,'2021-07-17',NULL,NULL,'2021-07-17 15:18:27','8866580625'),(914,202,3,'2021-07-17',NULL,NULL,'2021-07-17 15:18:34','8866580625'),(915,202,4,'2021-07-17',NULL,NULL,'2021-07-17 15:18:42','8866580625'),(916,480,1,'2021-07-17',NULL,NULL,'2021-07-17 15:19:15','8866580625'),(917,480,2,'2021-07-17',NULL,NULL,'2021-07-17 15:19:27','8866580625'),(918,494,1,'2021-07-17',NULL,NULL,'2021-07-17 15:19:48','8866580625'),(919,494,2,'2021-07-17',NULL,NULL,'2021-07-17 15:19:57','8866580625'),(920,495,1,'2021-07-17',NULL,NULL,'2021-07-17 15:20:06','8866580625'),(921,495,2,'2021-07-17',NULL,NULL,'2021-07-17 15:20:14','8866580625'),(922,496,1,'2021-07-17',NULL,NULL,'2021-07-17 15:20:24','8866580625'),(923,496,2,'2021-07-17',NULL,NULL,'2021-07-17 15:20:32','8866580625'),(924,497,1,'2021-07-17',NULL,NULL,'2021-07-17 15:20:42','8866580625'),(925,497,2,'2021-07-17',NULL,NULL,'2021-07-17 15:20:49','8866580625'),(926,498,1,'2021-07-17',NULL,NULL,'2021-07-17 15:21:00','8866580625'),(927,498,2,'2021-07-17',NULL,NULL,'2021-07-17 15:21:10','8866580625'),(928,381,1,'2021-07-17',NULL,NULL,'2021-07-17 15:27:15','8866580625'),(929,381,2,'2021-07-17',NULL,NULL,'2021-07-17 15:27:25','8866580625'),(930,381,3,'2021-07-17',NULL,NULL,'2021-07-17 15:27:33','8866580625'),(931,382,2,'2021-07-17',NULL,NULL,'2021-07-17 15:28:52','8866580625'),(933,130,1,'2021-07-17',NULL,NULL,'2021-07-17 15:28:44','8866580625'),(935,364,3,'2021-07-17',NULL,NULL,'2021-07-17 15:30:18','8866580625'),(936,364,2,'2021-07-17',NULL,NULL,'2021-07-17 15:30:09','8866580625'),(939,477,1,'2021-07-17',NULL,NULL,'2021-07-17 15:30:46','8866580625'),(940,364,4,'2021-07-17',NULL,NULL,'2021-07-17 15:31:34','8866580625'),(942,523,1,'2021-07-17',NULL,NULL,'2021-07-17 15:31:40','8866580625'),(943,364,5,'2021-07-17',NULL,NULL,'2021-07-17 15:31:58','8866580625'),(944,524,1,'2021-07-17',NULL,NULL,'2021-07-17 15:32:00','8866580625'),(945,322,1,'2021-07-17',NULL,NULL,'2021-07-17 15:32:24','8866580625'),(946,525,1,'2021-07-17',NULL,NULL,'2021-07-17 15:32:37','8866580625'),(947,322,2,'2021-07-17',NULL,NULL,'2021-07-17 15:32:40','8866580625'),(948,526,1,'2021-07-17',NULL,NULL,'2021-07-17 15:32:47','8866580625'),(949,322,3,'2021-07-17',NULL,NULL,'2021-07-17 15:32:58','8866580625'),(950,321,1,'2021-07-17',NULL,NULL,'2021-07-17 15:33:18','8866580625'),(951,321,2,'2021-07-17',NULL,NULL,'2021-07-17 15:33:43','8866580625'),(952,296,1,'2021-07-17',NULL,NULL,'2021-07-17 15:34:20','8866580625'),(953,296,2,'2021-07-17',NULL,NULL,'2021-07-17 15:34:36','8866580625'),(954,296,3,'2021-07-17',NULL,NULL,'2021-07-17 15:34:56','8866580625'),(955,296,4,'2021-07-17',NULL,NULL,'2021-07-17 15:39:00','8866580625'),(956,290,1,'2021-07-17',NULL,NULL,'2021-07-17 15:39:24','8866580625'),(957,290,2,'2021-07-17',NULL,NULL,'2021-07-17 15:39:39','8866580625'),(958,261,1,'2021-07-17',NULL,NULL,'2021-07-17 15:40:04','8866580625'),(959,261,2,'2021-07-17',NULL,NULL,'2021-07-17 15:40:21','8866580625'),(960,261,3,'2021-07-17',NULL,NULL,'2021-07-17 15:40:49','8866580625'),(961,246,1,'2021-07-17',NULL,NULL,'2021-07-17 15:41:11','8866580625'),(964,230,3,'2021-07-17',NULL,NULL,'2021-07-17 15:43:52','8866580625'),(965,582,1,'2021-07-17',NULL,NULL,'2021-07-17 15:44:32','8866580625'),(966,582,2,'2021-07-17',NULL,NULL,'2021-07-17 15:44:52','8866580625'),(967,582,3,'2021-07-17',NULL,NULL,'2021-07-17 15:44:59','8866580625'),(968,582,4,'2021-07-17',NULL,NULL,'2021-07-17 15:45:08','8866580625'),(969,582,5,'2021-07-17',NULL,NULL,'2021-07-17 15:45:15','8866580625'),(970,294,1,'2021-07-17',NULL,NULL,'2021-07-17 22:23:23','8866580625'),(971,310,1,'2021-07-17',NULL,NULL,'2021-07-17 22:33:04','9586395084'),(972,333,1,'2021-07-17',NULL,NULL,'2021-07-17 22:33:21','9586395084'),(973,339,1,'2021-07-17',NULL,NULL,'2021-07-17 22:33:33','9586395084'),(974,344,1,'2021-07-17',NULL,NULL,'2021-07-17 22:33:40','9586395084'),(975,352,1,'2021-07-17',NULL,NULL,'2021-07-17 22:33:49','9586395084'),(976,352,2,'2021-07-17',NULL,NULL,'2021-07-17 22:33:51','9586395084'),(977,354,1,'2021-07-17',NULL,NULL,'2021-07-17 22:34:01','9586395084'),(978,362,1,'2021-07-17',NULL,NULL,'2021-07-17 22:34:10','9586395084'),(979,362,2,'2021-07-17',NULL,NULL,'2021-07-17 22:34:12','9586395084'),(980,362,3,'2021-07-17',NULL,NULL,'2021-07-17 22:34:15','9586395084'),(981,362,4,'2021-07-17',NULL,NULL,'2021-07-17 22:34:21','9586395084'),(982,380,1,'2021-07-17',NULL,NULL,'2021-07-17 22:34:29','9586395084'),(983,388,1,'2021-07-17',NULL,NULL,'2021-07-17 22:34:36','9586395084'),(984,399,1,'2021-07-17',NULL,NULL,'2021-07-17 22:34:44','9586395084'),(985,399,2,'2021-07-17',NULL,NULL,'2021-07-17 22:34:47','9586395084'),(986,399,3,'2021-07-17',NULL,NULL,'2021-07-17 22:34:50','9586395084'),(987,399,4,'2021-07-17',NULL,NULL,'2021-07-17 22:34:53','9586395084'),(988,399,5,'2021-07-17',NULL,NULL,'2021-07-17 22:34:57','9586395084'),(989,411,1,'2021-07-17',NULL,NULL,'2021-07-17 22:35:06','9586395084'),(990,411,2,'2021-07-17',NULL,NULL,'2021-07-17 22:35:11','9586395084'),(991,411,3,'2021-07-17',NULL,NULL,'2021-07-17 22:35:15','9586395084'),(992,411,4,'2021-07-17',NULL,NULL,'2021-07-17 22:35:22','9586395084'),(994,411,5,'2021-07-17',NULL,NULL,'2021-07-17 22:35:26','9586395084'),(995,411,6,'2021-07-17',NULL,NULL,'2021-07-17 22:35:29','9586395084'),(996,411,7,'2021-07-17',NULL,NULL,'2021-07-17 22:35:33','9586395084'),(997,411,8,'2021-07-17',NULL,NULL,'2021-07-17 22:35:40','9586395084'),(998,411,9,'2021-07-17',NULL,NULL,'2021-07-17 22:35:44','9586395084'),(999,411,10,'2021-07-17',NULL,NULL,'2021-07-17 22:35:49','9586395084'),(1000,418,1,'2021-07-17',NULL,NULL,'2021-07-17 22:35:59','9586395084'),(1001,418,2,'2021-07-17',NULL,NULL,'2021-07-17 22:36:01','9586395084'),(1002,418,3,'2021-07-17',NULL,NULL,'2021-07-17 22:36:04','9586395084'),(1003,418,4,'2021-07-17',NULL,NULL,'2021-07-17 22:36:11','9586395084'),(1004,418,5,'2021-07-17',NULL,NULL,'2021-07-17 22:36:14','9586395084'),(1005,423,1,'2021-07-17',NULL,NULL,'2021-07-17 22:36:23','9586395084'),(1006,426,1,'2021-07-17',NULL,NULL,'2021-07-17 22:38:02','9586395084'),(1007,426,2,'2021-07-17',NULL,NULL,'2021-07-17 22:38:06','9586395084'),(1008,426,3,'2021-07-17',NULL,NULL,'2021-07-17 22:38:09','9586395084'),(1009,426,4,'2021-07-17',NULL,NULL,'2021-07-17 22:38:14','9586395084'),(1010,426,5,'2021-07-17',NULL,NULL,'2021-07-17 22:38:18','9586395084'),(1011,426,6,'2021-07-17',NULL,NULL,'2021-07-17 22:38:21','9586395084'),(1012,426,7,'2021-07-17',NULL,NULL,'2021-07-17 22:38:25','9586395084'),(1013,426,8,'2021-07-17',NULL,NULL,'2021-07-17 22:38:30','9586395084'),(1014,426,9,'2021-07-17',NULL,NULL,'2021-07-17 22:38:37','9586395084'),(1015,426,10,'2021-07-17',NULL,NULL,'2021-07-17 22:38:41','9586395084'),(1016,441,1,'2021-07-17',NULL,NULL,'2021-07-17 22:39:47','9586395084'),(1017,442,2,'2021-07-17',NULL,NULL,'2021-07-17 22:39:02','9586395084'),(1019,441,2,'2021-07-17',NULL,NULL,'2021-07-17 22:39:53','9586395084'),(1020,441,3,'2021-07-17',NULL,NULL,'2021-07-17 22:40:01','9586395084'),(1021,441,4,'2021-07-17',NULL,NULL,'2021-07-17 22:40:05','9586395084'),(1022,441,5,'2021-07-17',NULL,NULL,'2021-07-17 22:40:09','9586395084'),(1023,449,1,'2021-07-17',NULL,NULL,'2021-07-17 22:40:18','9586395084'),(1024,449,2,'2021-07-17',NULL,NULL,'2021-07-17 22:40:22','9586395084'),(1025,449,3,'2021-07-17',NULL,NULL,'2021-07-17 22:40:25','9586395084'),(1026,463,1,'2021-07-17',NULL,NULL,'2021-07-17 22:40:38','9586395084'),(1027,463,2,'2021-07-17',NULL,NULL,'2021-07-17 22:40:42','9586395084'),(1028,463,3,'2021-07-17',NULL,NULL,'2021-07-17 22:40:45','9586395084'),(1030,170,2,'2021-07-17',NULL,NULL,'2021-07-17 22:43:45','9586395084'),(1031,318,1,'2021-07-17',NULL,NULL,'2021-07-17 22:43:53','9586395084'),(1032,386,1,'2021-07-17',NULL,NULL,'2021-07-17 22:44:05','9586395084'),(1033,456,1,'2021-07-17',NULL,NULL,'2021-07-17 22:44:14','9586395084'),(1034,484,1,'2021-07-17',NULL,NULL,'2021-07-17 22:44:22','9586395084'),(1035,536,1,'2021-07-17',NULL,NULL,'2021-07-17 22:44:31','9586395084'),(1037,172,2,'2021-07-17',NULL,NULL,'2021-07-17 22:46:10','9586395084'),(1038,360,1,'2021-07-17',NULL,NULL,'2021-07-17 22:46:18','9586395084'),(1039,360,2,'2021-07-17',NULL,NULL,'2021-07-17 22:46:21','9586395084'),(1040,471,1,'2021-07-17',NULL,NULL,'2021-07-17 22:46:30','9586395084'),(1041,529,1,'2021-07-17',NULL,NULL,'2021-07-17 22:46:38','9586395084'),(1043,172,3,'2021-07-17',NULL,NULL,'2021-07-17 22:47:51','9586395084'),(1044,248,1,'2021-07-17',NULL,NULL,'2021-07-17 23:08:33','9586395084'),(1045,257,1,'2021-07-17',NULL,NULL,'2021-07-17 23:08:46','9586395084'),(1046,257,2,'2021-07-17',NULL,NULL,'2021-07-17 23:08:51','9586395084'),(1047,295,1,'2021-07-17',NULL,NULL,'2021-07-17 23:08:59','9586395084'),(1048,295,2,'2021-07-17',NULL,NULL,'2021-07-17 23:09:04','9586395084'),(1049,295,3,'2021-07-17',NULL,NULL,'2021-07-17 23:09:07','9586395084'),(1050,311,1,'2021-07-17',NULL,NULL,'2021-07-17 23:09:15','9586395084'),(1051,325,1,'2021-07-17',NULL,NULL,'2021-07-17 23:09:27','9586395084'),(1052,325,2,'2021-07-17',NULL,NULL,'2021-07-17 23:09:31','9586395084'),(1053,325,3,'2021-07-17',NULL,NULL,'2021-07-17 23:09:33','9586395084'),(1054,332,1,'2021-07-17',NULL,NULL,'2021-07-17 23:09:46','9586395084'),(1055,340,1,'2021-07-17',NULL,NULL,'2021-07-17 23:09:53','9586395084'),(1056,347,1,'2021-07-17',NULL,NULL,'2021-07-17 23:10:00','9586395084'),(1057,351,1,'2021-07-17',NULL,NULL,'2021-07-17 23:10:08','9586395084'),(1058,351,2,'2021-07-17',NULL,NULL,'2021-07-17 23:10:12','9586395084'),(1059,353,1,'2021-07-17',NULL,NULL,'2021-07-17 23:10:24','9586395084'),(1060,358,2,'2021-07-17',NULL,NULL,'2021-07-17 23:10:37','9586395084'),(1061,358,1,'2021-07-17',NULL,NULL,'2021-07-17 23:10:42','9586395084'),(1062,358,3,'2021-07-17',NULL,NULL,'2021-07-17 23:10:51','9586395084'),(1063,358,4,'2021-07-17',NULL,NULL,'2021-07-17 23:10:56','9586395084'),(1064,358,5,'2021-07-17',NULL,NULL,'2021-07-17 23:10:59','9586395084'),(1065,368,1,'2021-07-17',NULL,NULL,'2021-07-17 23:11:09','9586395084'),(1066,368,2,'2021-07-17',NULL,NULL,'2021-07-17 23:11:12','9586395084'),(1067,375,1,'2021-07-17',NULL,NULL,'2021-07-17 23:11:19','9586395084'),(1068,375,2,'2021-07-17',NULL,NULL,'2021-07-17 23:11:26','9586395084'),(1069,378,1,'2021-07-17',NULL,NULL,'2021-07-17 23:11:35','9586395084'),(1070,378,2,'2021-07-17',NULL,NULL,'2021-07-17 23:11:38','9586395084'),(1071,378,3,'2021-07-17',NULL,NULL,'2021-07-17 23:11:42','9586395084'),(1072,384,1,'2021-07-17',NULL,NULL,'2021-07-17 23:11:51','9586395084'),(1073,384,2,'2021-07-17',NULL,NULL,'2021-07-17 23:11:58','9586395084'),(1074,384,3,'2021-07-17',NULL,NULL,'2021-07-17 23:12:01','9586395084'),(1075,384,4,'2021-07-17',NULL,NULL,'2021-07-17 23:12:12','9586395084'),(1076,398,1,'2021-07-17',NULL,NULL,'2021-07-17 23:45:02','9586395084'),(1077,398,2,'2021-07-17',NULL,NULL,'2021-07-17 23:45:06','9586395084'),(1078,398,3,'2021-07-17',NULL,NULL,'2021-07-17 23:45:10','9586395084'),(1079,407,1,'2021-07-17',NULL,NULL,'2021-07-18 00:07:35','9586395084'),(1080,407,2,'2021-07-18',NULL,NULL,'2021-07-18 00:07:39','9586395084'),(1081,407,3,'2021-07-18',NULL,NULL,'2021-07-18 00:07:48','9586395084'),(1082,407,4,'2021-07-18',NULL,NULL,'2021-07-18 00:07:52','9586395084'),(1083,407,5,'2021-07-18',NULL,NULL,'2021-07-18 00:07:55','9586395084'),(1084,407,6,'2021-07-18',NULL,NULL,'2021-07-18 00:08:03','9586395084'),(1085,407,7,'2021-07-18',NULL,NULL,'2021-07-18 00:08:06','9586395084'),(1086,407,8,'2021-07-18',NULL,NULL,'2021-07-18 00:08:09','9586395084'),(1087,409,1,'2021-07-18',NULL,NULL,'2021-07-18 00:08:29','9586395084'),(1088,409,2,'2021-07-18',NULL,NULL,'2021-07-18 00:08:34','9586395084'),(1089,409,3,'2021-07-18',NULL,NULL,'2021-07-18 00:08:42','9586395084'),(1091,409,4,'2021-07-18',NULL,NULL,'2021-07-18 00:18:53','9586395084'),(1093,415,2,'2021-07-18',NULL,NULL,'2021-07-18 00:19:16','9586395084'),(1094,417,1,'2021-07-18',NULL,NULL,'2021-07-18 00:19:26','9586395084'),(1095,417,2,'2021-07-18',NULL,NULL,'2021-07-18 00:19:29','9586395084'),(1096,417,3,'2021-07-18',NULL,NULL,'2021-07-18 00:19:32','9586395084'),(1097,417,4,'2021-07-18',NULL,NULL,'2021-07-18 00:19:35','9586395084'),(1098,417,5,'2021-07-18',NULL,NULL,'2021-07-18 00:19:38','9586395084'),(1099,417,6,'2021-07-18',NULL,NULL,'2021-07-18 00:19:41','9586395084'),(1100,417,7,'2021-07-18',NULL,NULL,'2021-07-18 00:19:46','9586395084'),(1101,417,8,'2021-07-18',NULL,NULL,'2021-07-18 00:19:55','9586395084'),(1102,417,9,'2021-07-18',NULL,NULL,'2021-07-18 00:19:59','9586395084'),(1103,417,10,'2021-07-18',NULL,NULL,'2021-07-18 00:20:03','9586395084'),(1104,420,1,'2021-07-18',NULL,NULL,'2021-07-18 00:20:14','9586395084'),(1105,420,2,'2021-07-18',NULL,NULL,'2021-07-18 00:20:20','9586395084'),(1106,420,3,'2021-07-18',NULL,NULL,'2021-07-18 00:20:24','9586395084'),(1107,427,1,'2021-07-18',NULL,NULL,'2021-07-18 00:20:35','9586395084'),(1108,427,2,'2021-07-18',NULL,NULL,'2021-07-18 00:20:38','9586395084'),(1109,427,3,'2021-07-18',NULL,NULL,'2021-07-18 00:20:42','9586395084'),(1110,427,4,'2021-07-18',NULL,NULL,'2021-07-18 00:20:47','9586395084'),(1111,427,5,'2021-07-18',NULL,NULL,'2021-07-18 00:20:52','9586395084'),(1112,427,6,'2021-07-18',NULL,NULL,'2021-07-18 00:20:56','9586395084'),(1113,427,7,'2021-07-18',NULL,NULL,'2021-07-18 00:21:00','9586395084'),(1114,427,8,'2021-07-18',NULL,NULL,'2021-07-18 00:21:04','9586395084'),(1115,427,9,'2021-07-18',NULL,NULL,'2021-07-18 00:21:07','9586395084'),(1116,427,10,'2021-07-18',NULL,NULL,'2021-07-18 00:21:11','9586395084'),(1117,442,1,'2021-07-18',NULL,NULL,'2021-07-18 00:21:27','9586395084'),(1118,442,3,'2021-07-18',NULL,NULL,'2021-07-18 00:21:33','9586395084'),(1119,442,4,'2021-07-18',NULL,NULL,'2021-07-18 00:21:36','9586395084'),(1120,442,5,'2021-07-18',NULL,NULL,'2021-07-18 00:21:40','9586395084'),(1121,448,1,'2021-07-18',NULL,NULL,'2021-07-18 00:22:15','9586395084'),(1122,448,2,'2021-07-18',NULL,NULL,'2021-07-18 00:22:18','9586395084'),(1123,448,3,'2021-07-18',NULL,NULL,'2021-07-18 00:22:21','9586395084'),(1124,448,4,'2021-07-18',NULL,NULL,'2021-07-18 00:22:24','9586395084'),(1125,448,5,'2021-07-18',NULL,NULL,'2021-07-18 00:22:29','9586395084'),(1126,448,6,'2021-07-18',NULL,NULL,'2021-07-18 00:22:32','9586395084'),(1127,448,7,'2021-07-18',NULL,NULL,'2021-07-18 00:22:36','9586395084'),(1128,448,8,'2021-07-18',NULL,NULL,'2021-07-18 00:22:42','9586395084'),(1129,464,1,'2021-07-18',NULL,NULL,'2021-07-18 00:22:51','9586395084'),(1130,465,1,'2021-07-18',NULL,NULL,'2021-07-18 00:23:04','9586395084'),(1131,465,2,'2021-07-18',NULL,NULL,'2021-07-18 00:23:12','9586395084'),(1134,559,2,'2021-07-18',NULL,NULL,'2021-07-18 00:23:38','9586395084'),(1136,271,2,'2021-07-18',NULL,NULL,'2021-07-18 00:24:26','9586395084'),(1137,281,1,'2021-07-18',NULL,NULL,'2021-07-18 00:24:37','9586395084'),(1138,302,1,'2021-07-18',NULL,NULL,'2021-07-18 00:25:53','9586395084'),(1139,307,1,'2021-07-18',NULL,NULL,'2021-07-18 00:26:03','9586395084'),(1140,313,1,'2021-07-18',NULL,NULL,'2021-07-18 00:26:14','9586395084'),(1141,313,2,'2021-07-18',NULL,NULL,'2021-07-18 00:26:19','9586395084'),(1142,313,3,'2021-07-18',NULL,NULL,'2021-07-18 00:26:25','9586395084'),(1143,313,4,'2021-07-18',NULL,NULL,'2021-07-18 00:26:30','9586395084'),(1144,334,1,'2021-07-18',NULL,NULL,'2021-07-18 00:26:38','9586395084'),(1145,334,2,'2021-07-18',NULL,NULL,'2021-07-18 00:26:42','9586395084'),(1146,334,3,'2021-07-18',NULL,NULL,'2021-07-18 00:26:47','9586395084'),(1147,367,1,'2021-07-18',NULL,NULL,'2021-07-18 00:26:58','9586395084'),(1148,367,2,'2021-07-18',NULL,NULL,'2021-07-18 00:27:03','9586395084'),(1149,377,1,'2021-07-18',NULL,NULL,'2021-07-18 00:27:13','9586395084'),(1150,461,1,'2021-07-18',NULL,NULL,'2021-07-18 00:27:24','9586395084'),(1151,482,1,'2021-07-18',NULL,NULL,'2021-07-18 00:27:31','9586395084'),(1152,535,1,'2021-07-18',NULL,NULL,'2021-07-18 00:27:39','9586395084'),(1153,542,1,'2021-07-18',NULL,NULL,'2021-07-18 00:27:54','9586395084'),(1154,542,2,'2021-07-18',NULL,NULL,'2021-07-18 00:27:58','9586395084'),(1155,542,3,'2021-07-18',NULL,NULL,'2021-07-18 00:28:03','9586395084'),(1156,542,4,'2021-07-18',NULL,NULL,'2021-07-18 00:28:07','9586395084'),(1157,575,1,'2021-07-18',NULL,NULL,'2021-07-18 00:28:16','9586395084'),(1159,282,1,'2021-07-18',NULL,NULL,'2021-07-18 00:29:04','9586395084'),(1160,308,1,'2021-07-18',NULL,NULL,'2021-07-18 00:29:12','9586395084'),(1161,308,2,'2021-07-18',NULL,NULL,'2021-07-18 00:29:19','9586395084'),(1162,316,1,'2021-07-18',NULL,NULL,'2021-07-18 00:29:28','9586395084'),(1163,316,2,'2021-07-18',NULL,NULL,'2021-07-18 00:29:32','9586395084'),(1164,316,3,'2021-07-18',NULL,NULL,'2021-07-18 00:29:37','9586395084'),(1165,335,1,'2021-07-18',NULL,NULL,'2021-07-18 00:29:46','9586395084'),(1166,335,2,'2021-07-18',NULL,NULL,'2021-07-18 00:29:49','9586395084'),(1167,335,3,'2021-07-18',NULL,NULL,'2021-07-18 00:29:53','9586395084'),(1168,359,1,'2021-07-18',NULL,NULL,'2021-07-18 00:30:08','9586395084'),(1169,359,2,'2021-07-18',NULL,NULL,'2021-07-18 00:30:13','9586395084'),(1170,462,1,'2021-07-18',NULL,NULL,'2021-07-18 00:30:24','9586395084'),(1171,473,1,'2021-07-18',NULL,NULL,'2021-07-18 00:30:44','9586395084'),(1172,532,1,'2021-07-18',NULL,NULL,'2021-07-18 00:30:53','9586395084'),(1173,543,1,'2021-07-18',NULL,NULL,'2021-07-18 00:31:18','9586395084'),(1174,543,2,'2021-07-18',NULL,NULL,'2021-07-18 00:31:22','9586395084'),(1175,543,3,'2021-07-18',NULL,NULL,'2021-07-18 00:31:35','9586395084'),(1176,54,4,'2021-07-18',NULL,NULL,'2021-07-18 00:31:30','9586395084'),(1178,543,4,'2021-07-18',NULL,NULL,'2021-07-18 00:31:57','9586395084'),(1179,273,2,'2021-07-18',NULL,NULL,'2021-07-18 00:32:13','9586395084'),(1181,283,2,'2021-07-18',NULL,NULL,'2021-07-18 00:33:11','9586395084'),(1182,283,3,'2021-07-18',NULL,NULL,'2021-07-18 00:33:15','9586395084'),(1183,301,1,'2021-07-18',NULL,NULL,'2021-07-18 00:33:26','9586395084'),(1184,301,2,'2021-07-18',NULL,NULL,'2021-07-18 00:33:31','9586395084'),(1185,304,1,'2021-07-18',NULL,NULL,'2021-07-18 00:33:48','9586395084'),(1186,306,1,'2021-07-18',NULL,NULL,'2021-07-18 00:33:57','9586395084'),(1187,312,1,'2021-07-18',NULL,NULL,'2021-07-18 00:34:47','9586395084'),(1188,312,2,'2021-07-18',NULL,NULL,'2021-07-18 00:34:17','9586395084'),(1190,312,3,'2021-07-18',NULL,NULL,'2021-07-18 00:34:53','9586395084'),(1191,312,4,'2021-07-18',NULL,NULL,'2021-07-18 00:34:59','9586395084'),(1192,324,1,'2021-07-18',NULL,NULL,'2021-07-18 00:51:46','7284091830'),(1193,324,2,'2021-07-18',NULL,NULL,'2021-07-18 00:51:50','7284091830'),(1194,324,3,'2021-07-18',NULL,NULL,'2021-07-18 00:51:55','7284091830'),(1195,341,1,'2021-07-18',NULL,NULL,'2021-07-18 00:52:06','7284091830'),(1196,345,1,'2021-07-18',NULL,NULL,'2021-07-18 00:52:18','7284091830'),(1197,345,2,'2021-07-18',NULL,NULL,'2021-07-18 00:52:21','7284091830'),(1198,345,3,'2021-07-18',NULL,NULL,'2021-07-18 00:52:25','7284091830'),(1199,345,4,'2021-07-18',NULL,NULL,'2021-07-18 00:52:28','7284091830'),(1200,460,1,'2021-07-18',NULL,NULL,'2021-07-18 00:52:37','7284091830'),(1201,472,1,'2021-07-18',NULL,NULL,'2021-07-18 00:52:46','7284091830'),(1202,472,2,'2021-07-18',NULL,NULL,'2021-07-18 00:52:51','7284091830'),(1203,472,3,'2021-07-18',NULL,NULL,'2021-07-18 00:52:55','7284091830'),(1204,483,1,'2021-07-18',NULL,NULL,'2021-07-18 00:53:06','7284091830'),(1205,533,1,'2021-07-18',NULL,NULL,'2021-07-18 00:53:14','7284091830'),(1206,533,2,'2021-07-18',NULL,NULL,'2021-07-18 00:53:17','7284091830'),(1207,538,1,'2021-07-18',NULL,NULL,'2021-07-18 00:53:26','7284091830'),(1208,540,1,'2021-07-18',NULL,NULL,'2021-07-18 00:53:39','7284091830'),(1209,540,2,'2021-07-18',NULL,NULL,'2021-07-18 00:53:44','7284091830'),(1210,540,3,'2021-07-18',NULL,NULL,'2021-07-18 00:53:49','7284091830'),(1211,579,1,'2021-07-18',NULL,NULL,'2021-07-18 00:53:58','7284091830'),(1212,579,2,'2021-07-18',NULL,NULL,'2021-07-18 00:54:01','7284091830'),(1213,579,3,'2021-07-18',NULL,NULL,'2021-07-18 00:54:04','7284091830'),(1214,579,4,'2021-07-18',NULL,NULL,'2021-07-18 00:54:07','7284091830'),(1215,579,5,'2021-07-18',NULL,NULL,'2021-07-18 00:54:12','7284091830'),(1216,331,1,'2021-07-18',NULL,NULL,'2021-07-18 00:54:50','7284091830'),(1217,317,1,'2021-07-18',NULL,NULL,'2021-07-18 00:55:20','7284091830'),(1218,328,1,'2021-07-18',NULL,NULL,'2021-07-18 00:55:34','7284091830'),(1219,328,2,'2021-07-18',NULL,NULL,'2021-07-18 00:55:37','7284091830'),(1220,474,1,'2021-07-18',NULL,NULL,'2021-07-18 00:55:46','7284091830'),(1222,156,2,'2021-07-18',NULL,NULL,'2021-07-18 00:56:20','7284091830'),(1223,560,1,'2021-07-18',NULL,NULL,'2021-07-18 00:56:49','7284091830'),(1224,59,1,'2021-07-18',NULL,NULL,'2021-07-18 16:34:48','8866580625'),(1227,57,2,'2021-07-18',NULL,NULL,'2021-07-18 16:35:37','8866580625'),(1229,57,3,'2021-07-18',NULL,NULL,'2021-07-18 16:35:44','8866580625'),(1230,57,4,'2021-07-18',NULL,NULL,'2021-07-18 16:35:55','8866580625'),(1232,57,5,'2021-07-18',NULL,NULL,'2021-07-18 16:36:01','8866580625'),(1233,55,6,'2021-07-18',NULL,NULL,'2021-07-18 16:36:19','8866580625'),(1234,57,6,'2021-07-18',NULL,NULL,'2021-07-18 16:36:46','8866580625'),(1235,262,1,'2021-07-18',NULL,NULL,'2021-07-18 16:37:10','8866580625'),(1236,262,2,'2021-07-18',NULL,NULL,'2021-07-18 16:37:14','8866580625'),(1237,262,3,'2021-07-18',NULL,NULL,'2021-07-18 16:37:18','8866580625'),(1238,262,4,'2021-07-18',NULL,NULL,'2021-07-18 16:37:23','8866580625'),(1239,56,1,'2021-07-18',NULL,NULL,'2021-07-18 16:38:00','8866580625'),(1240,56,2,'2021-07-18',NULL,NULL,'2021-07-18 16:38:04','8866580625'),(1241,56,3,'2021-07-18',NULL,NULL,'2021-07-18 16:38:14','8866580625'),(1242,56,4,'2021-07-18',NULL,NULL,'2021-07-18 16:38:21','8866580625'),(1243,56,5,'2021-07-18',NULL,NULL,'2021-07-18 16:38:25','8866580625'),(1244,56,6,'2021-07-18',NULL,NULL,'2021-07-18 16:38:31','8866580625'),(1245,263,1,'2021-07-18',NULL,NULL,'2021-07-18 16:39:00','8866580625'),(1246,263,2,'2021-07-18',NULL,NULL,'2021-07-18 16:39:04','8866580625'),(1247,263,4,'2021-07-18',NULL,NULL,'2021-07-18 16:39:09','8866580625'),(1248,263,3,'2021-07-18',NULL,NULL,'2021-07-18 16:39:14','8866580625'),(1249,591,1,'2021-07-18',NULL,NULL,'2021-07-18 23:34:04','8866580625'),(1250,590,1,'2021-07-18',NULL,NULL,'2021-07-18 23:34:13','8866580625'),(1251,589,1,'2021-07-18',NULL,NULL,'2021-07-18 23:34:17','8866580625'),(1252,592,1,'2021-07-18',NULL,NULL,'2021-07-18 23:34:24','8866580625'),(1253,593,1,'2021-07-18',NULL,NULL,'2021-07-18 23:34:28','8866580625'),(1254,594,3,'2021-07-18',NULL,NULL,'2021-07-18 23:34:32','8866580625'),(1255,71,6,'2021-07-19',NULL,NULL,'2021-07-19 11:04:37','8866580625'),(1256,599,1,'2021-07-19',NULL,NULL,'2021-07-19 16:00:18','8866580625'),(1257,600,1,'2021-07-19',NULL,NULL,'2021-07-19 16:07:28','8866580625'),(1258,602,1,'2021-07-20',NULL,NULL,'2021-07-20 15:02:09','8866580625'),(1259,389,1,'2021-07-20',NULL,NULL,'2021-07-20 15:02:35','8866580625'),(1260,189,1,'2021-07-20',NULL,NULL,'2021-07-20 15:03:13','8866580625'),(1261,189,2,'2021-07-20',NULL,NULL,'2021-07-20 15:03:18','8866580625'),(1262,133,1,'2021-07-20',NULL,NULL,'2021-07-20 15:03:26','8866580625'),(1263,605,1,'2021-07-20',NULL,NULL,'2021-07-20 15:18:04','8866580625'),(1264,605,2,'2021-07-20',NULL,NULL,'2021-07-20 15:18:08','8866580625'),(1265,605,3,'2021-07-20',NULL,NULL,'2021-07-20 15:18:11','8866580625'),(1266,607,1,'2021-07-20',NULL,NULL,'2021-07-20 15:24:04','8866580625'),(1267,607,2,'2021-07-20',NULL,NULL,'2021-07-20 15:24:08','8866580625'),(1268,608,1,'2021-07-20',NULL,NULL,'2021-07-20 15:26:23','8866580625'),(1269,609,1,'2021-07-20',NULL,NULL,'2021-07-20 15:38:57','8866580625'),(1270,609,2,'2021-07-20',NULL,NULL,'2021-07-20 15:39:00','8866580625'),(1271,609,3,'2021-07-20',NULL,NULL,'2021-07-20 15:39:04','8866580625'),(1272,609,4,'2021-07-20',NULL,NULL,'2021-07-20 15:39:08','8866580625'),(1273,609,5,'2021-07-20',NULL,NULL,'2021-07-20 15:39:11','8866580625'),(1274,610,1,'2021-07-20',NULL,NULL,'2021-07-20 15:40:19','8866580625'),(1275,610,2,'2021-07-20',NULL,NULL,'2021-07-20 15:40:24','8866580625'),(1276,611,1,'2021-07-20',NULL,NULL,'2021-07-20 15:43:24','8866580625'),(1277,611,2,'2021-07-20',NULL,NULL,'2021-07-20 15:43:31','8866580625'),(1278,611,3,'2021-07-20',NULL,NULL,'2021-07-20 15:43:38','8866580625'),(1279,612,1,'2021-07-20',NULL,NULL,'2021-07-20 15:44:51','8866580625'),(1280,612,2,'2021-07-20',NULL,NULL,'2021-07-20 15:44:54','8866580625'),(1281,613,1,'2021-07-22',NULL,NULL,'2021-07-22 00:07:58','8866580625'),(1282,613,2,'2021-07-22',NULL,NULL,'2021-07-22 00:08:08','8866580625'),(1283,613,3,'2021-07-22',NULL,NULL,'2021-07-22 00:08:12','8866580625'),(1284,613,4,'2021-07-22',NULL,NULL,'2021-07-22 00:08:15','8866580625'),(1285,613,5,'2021-07-22',NULL,NULL,'2021-07-22 00:08:19','8866580625'),(1286,614,1,'2021-07-22',NULL,NULL,'2021-07-22 00:10:19','8866580625'),(1287,614,2,'2021-07-22',NULL,NULL,'2021-07-22 00:10:22','8866580625'),(1288,615,1,'2021-07-22',NULL,NULL,'2021-07-22 00:12:15','8866580625'),(1289,615,2,'2021-07-22',NULL,NULL,'2021-07-22 00:12:19','8866580625'),(1290,615,3,'2021-07-22',NULL,NULL,'2021-07-22 00:12:23','8866580625'),(1291,616,1,'2021-07-22',NULL,NULL,'2021-07-22 00:14:15','8866580625'),(1292,616,2,'2021-07-22',NULL,NULL,'2021-07-22 00:14:20','8866580625'),(1293,616,3,'2021-07-22',NULL,NULL,'2021-07-22 00:14:23','8866580625'),(1294,616,4,'2021-07-22',NULL,NULL,'2021-07-22 00:14:26','8866580625'),(1295,616,5,'2021-07-22',NULL,NULL,'2021-07-22 00:14:30','8866580625'),(1296,617,1,'2021-07-22',NULL,NULL,'2021-07-22 00:17:11','8866580625'),(1297,617,3,'2021-07-22',NULL,NULL,'2021-07-22 00:17:16','8866580625'),(1298,617,2,'2021-07-22',NULL,NULL,'2021-07-22 00:17:24','8866580625'),(1299,618,1,'2021-07-22',NULL,NULL,'2021-07-22 00:18:42','8866580625'),(1300,618,2,'2021-07-22',NULL,NULL,'2021-07-22 00:18:47','8866580625'),(1301,619,1,'2021-07-22',NULL,NULL,'2021-07-22 00:20:41','8866580625'),(1302,619,2,'2021-07-22',NULL,NULL,'2021-07-22 00:20:45','8866580625'),(1303,620,1,'2021-07-22',NULL,NULL,'2021-07-22 00:26:41','8866580625'),(1304,620,2,'2021-07-22',NULL,NULL,'2021-07-22 00:26:45','8866580625'),(1305,620,3,'2021-07-22',NULL,NULL,'2021-07-22 00:26:51','8866580625'),(1306,620,4,'2021-07-22',NULL,NULL,'2021-07-22 00:26:54','8866580625'),(1309,81,17,'2021-07-22',NULL,NULL,'2021-07-22 00:38:16','8866580625'),(1310,584,1,'2021-07-22',NULL,NULL,'2021-07-22 00:39:06','8866580625'),(1311,584,2,'2021-07-22',NULL,NULL,'2021-07-22 00:39:13','8866580625'),(1313,293,26,'2021-07-24',NULL,NULL,'2021-07-24 07:37:21','8866580625'),(1314,293,27,'2021-07-24',NULL,NULL,'2021-07-24 07:37:29','8866580625'),(1315,414,15,'2021-07-24',NULL,NULL,'2021-07-24 07:38:21','8866580625'),(1316,414,14,'2021-07-24',NULL,NULL,'2021-07-24 07:38:30','8866580625'),(1317,625,1,'2021-07-27',NULL,NULL,'2021-07-27 15:13:20','9687271872'),(1318,71,7,'2021-07-27',NULL,NULL,'2021-07-27 20:34:30','8866580625'),(1319,71,3,'2021-07-27',NULL,NULL,'2021-07-27 20:34:36','8866580625');
/*!40000 ALTER TABLE `reagent_use` ENABLE KEYS */;
UNLOCK TABLES;
/*!40103 SET TIME_ZONE=@OLD_TIME_ZONE */;

/*!40101 SET SQL_MODE=@OLD_SQL_MODE */;
/*!40014 SET FOREIGN_KEY_CHECKS=@OLD_FOREIGN_KEY_CHECKS */;
/*!40014 SET UNIQUE_CHECKS=@OLD_UNIQUE_CHECKS */;
/*!40101 SET CHARACTER_SET_CLIENT=@OLD_CHARACTER_SET_CLIENT */;
/*!40101 SET CHARACTER_SET_RESULTS=@OLD_CHARACTER_SET_RESULTS */;
/*!40101 SET COLLATION_CONNECTION=@OLD_COLLATION_CONNECTION */;
/*!40111 SET SQL_NOTES=@OLD_SQL_NOTES */;

-- Dump completed on 2021-07-27 23:23:51
