-- MySQL dump 10.17  Distrib 10.3.18-MariaDB, for debian-linux-gnu (x86_64)
--
-- Host: localhost    Database: cl_general
-- ------------------------------------------------------
-- Server version	10.3.18-MariaDB-0+deb10u1

/*!40101 SET @OLD_CHARACTER_SET_CLIENT=@@CHARACTER_SET_CLIENT */;
/*!40101 SET @OLD_CHARACTER_SET_RESULTS=@@CHARACTER_SET_RESULTS */;
/*!40101 SET @OLD_COLLATION_CONNECTION=@@COLLATION_CONNECTION */;
/*!40101 SET NAMES utf8mb4 */;
/*!40103 SET @OLD_TIME_ZONE=@@TIME_ZONE */;
/*!40103 SET TIME_ZONE='+00:00' */;
/*!40014 SET @OLD_UNIQUE_CHECKS=@@UNIQUE_CHECKS, UNIQUE_CHECKS=0 */;
/*!40014 SET @OLD_FOREIGN_KEY_CHECKS=@@FOREIGN_KEY_CHECKS, FOREIGN_KEY_CHECKS=0 */;
/*!40101 SET @OLD_SQL_MODE=@@SQL_MODE, SQL_MODE='NO_AUTO_VALUE_ON_ZERO' */;
/*!40111 SET @OLD_SQL_NOTES=@@SQL_NOTES, SQL_NOTES=0 */;

--
-- Table structure for table `examination`
--

DROP TABLE IF EXISTS `examination`;
/*!40101 SET @saved_cs_client     = @@character_set_client */;
/*!40101 SET character_set_client = utf8 */;
CREATE TABLE `examination` (
  `examination_id` int(11) NOT NULL AUTO_INCREMENT,
  `name` varchar(50) COLLATE utf8_bin NOT NULL,
  `sample_requirement` varchar(100) COLLATE utf8_bin DEFAULT 'NULL',
  `edit_specification` varchar(1000) COLLATE utf8_bin NOT NULL,
  `description` varchar(300) COLLATE utf8_bin DEFAULT NULL,
  PRIMARY KEY (`examination_id`)
) ENGINE=InnoDB AUTO_INCREMENT=100009 DEFAULT CHARSET=utf8 COLLATE=utf8_bin;
/*!40101 SET character_set_client = @saved_cs_client */;

--
-- Dumping data for table `examination`
--

LOCK TABLES `examination` WRITE;
/*!40000 ALTER TABLE `examination` DISABLE KEYS */;
INSERT INTO `examination` VALUES (1,'WBC','EDTA-Blood-HI','{\"type\":\"number\",\"help\":\"4000-10000, /cmm (Impedance)\",\"interval\":\"100-1000-4000-11000-20000-200000\",\"step\":\"1\"}','None'),(2,'RBC','EDTA-Blood-HI','{\"type\":\"number\",\"help\":\"4.2-5.4, million/cmm (Impedance)\",\"interval\":\"1.2-3.2-4.2-5.4-6.4-7.4\",\"step\":\"0.01\"}','None'),(3,'Hemoglobin','EDTA-Blood-HI','{\"type\":\"number\",\"help\":\"gm/dL\\nNewborns: 17 to 22 \\nOne week of age: 15 to 20  \\nOne month of age: 11 to 15 \\nChildren: 11 to 13 \\nAdult males: 14 to 18 \\nAdult women: 12 to 16, \\n(NonCynomethHb)\", \"interval\":\"1-5-12-16-19-22\",\"step\":\"0.01\"}','None'),(4,'PCV','EDTA-Blood-HI','{\"type\":\"number\",\"help\":\"% 37-47,(Pulse Height Det.)\", \"interval\":\"17-27-37-47-57-67\",\"step\":\"0.01\"}','None'),(5,'MCV','EDTA-Blood-HI','{\"type\":\"number\",\"help\":\"80-96 fL\"}','None'),(6,'MCH','EDTA-Blood-HI','{\"type\":\"text\",\"help\":\"Describe\"}','None'),(7,'MCHC','EDTA-Blood-HI','{\"type\":\"text\",\"help\":\"Describe\"}','None'),(8,'RDW','EDTA-Blood-HI','{\"type\":\"text\",\"help\":\"Describe\"}','None'),(9,'Platelet','EDTA-Blood-HI','{\"type\":\"text\",\"help\":\"Describe\"}','None'),(13,'Lymphocyte%','EDTA-Blood-HI','{\"type\":\"text\",\"help\":\"Describe\"}','None'),(14,'Monocyte%','EDTA-Blood-HI','{\"type\":\"text\",\"help\":\"Describe\"}','None'),(15,'Granulocyte%','EDTA-Blood-HI','{\"type\":\"text\",\"help\":\"Describe\"}','None'),(19,'RDW Graph','EDTA-Blood-HI','{\"type\":\"text\",\"help\":\"Describe\"}','None'),(20,'WBC Graph','EDTA-Blood-HI','{\"type\":\"text\",\"help\":\"Describe\"}','None'),(21,'Platelet Graph','EDTA-Blood-HI','{\"type\":\"text\",\"help\":\"Describe\"}','None'),(26,'Sample_Report_Time','None','{\"type\":\"datetime-local\", \"pattern\":\"[0-9]{4}-[0-9]{2}-[0-9]{2}T[0-9]{2}:[0-9]{2}\",\"default\":\"date(\'Y-m-d\')\" }',NULL),(39,'Neutrophils (Microscopy)','EDTA-Blood-HI','',NULL),(40,'Lymphocytes (Microscopy)','EDTA-Blood-HI','',NULL),(41,'Eosinophils (Microscopy)','EDTA-Blood-HI','',NULL),(42,'Monocytes (Microscopy)','EDTA-Blood-HI','',NULL),(43,'Basophils (Microscopy)','EDTA-Blood-HI','',NULL),(44,'NRBCs','EDTA-Blood-HI','',NULL),(45,'Platelets on smear','EDTA-Blood-HI','',NULL),(46,'Malarial Parasites (Microscopy)','EDTA-Blood-HI','{\"type\":\"text\",\"help\":\"Describe\"}','None'),(47,'Malarial Parasites (Rapid)','EDTA-Blood-HI','{\"type\":\"text\",\"help\":\"Describe\"}','None'),(101,'Peripheral Smear Examination','EDTA-Blood-HI','{\"type\":\"text\",\"help\":\"Describe\"}','None'),(102,'Reticulocyte Count','EDTA-Blood-HI','{\"type\":\"text\",\"help\":\"Describe\"}','None'),(201,'Prothrombin Time','Citrate-Blood-HI','{\"type\":\"text\",\"help\":\"Describe\"}','None'),(202,'Activated Partial Thromboplastin Time','Citrate-Blood-HI','{\"type\":\"text\",\"help\":\"Describe\"}','None'),(301,'Glucose','Fluoride-Blood-BI','{\"type\":\"text\",\"help\":\"Describe\"}','None'),(302,'Glucose','Plain-CSF-BI','{\"type\":\"text\",\"help\":\"Describe\"}','None'),(303,'Creatinine','Plain-Blood-BI','{\"type\":\"text\",\"help\":\"Describe\"}','None'),(304,'Total Bilirubin','Plain-Blood-BI','{\"type\":\"text\",\"help\":\"Describe\"}','None'),(305,'Indirect Bilirubin','Plain-Blood-BI','{\"type\":\"text\",\"help\":\"Describe\"}','None'),(306,'Albumin','Plain-Blood-BI','',NULL),(307,'TP','Plain-Blood-BI','',NULL),(308,'ALT','Plain-Blood-BI','',NULL),(309,'AST','Plain-Blood-BI','',NULL),(310,'Amylase','Plain-Blood-BI','',NULL),(311,'TPP','Plain-Blood-BI','',NULL),(312,'ALTT','Plain-Blood-BI','',NULL),(313,'ASTT','Plain-Blood-BI','',NULL),(314,'Amylasee','Plain-Blood-BI','',NULL),(315,'Amylaseee','Plain-Blood-BI','',NULL),(316,'Amylaseee4','Plain-Blood-BI','',NULL),(404,'HBsAg','Plain-Blood-MI','{\"type\":\"text\",\"help\":\"Describe\"}','None'),(1000,'sample_requirement','None','{\"type\":\"text\",\"help\":\"Describe\",\"readonly\":\"readonly\"}','None'),(1001,'MRD','None','{\"type\":\"text\",\"readonly\":\"readonly\"}','None'),(1002,'Name','None','{\"type\":\"text\"}','None'),(1003,'request_id','None','{\"type\":\"text\",\"help\":\"Describe\"}','None'),(1004,'department','None','{\"type\":\"select\",\"option\":\",ART,Dentistry,EmergencyMedicine,ENT,Medicine,OG,Opthalmology,Orthopaedics,Paediatrics,PlasticSurgery,Psychiatry,Skin,Surgery,TBChest,Unspecified\"}','None'),(1005,'unit','None','{\"type\":\"select\",\"option\":\",1,2,3,4,5,6,7,8,A,B\"}','None'),(1006,'ow_no','None','{\"type\":\"text\"}','None'),(1007,'Age','None','{\"type\":\"number\",\"help\":\"in years\"}',NULL),(1008,'Sex','None','{\"type\":\"select\",\"option\":\",M,F,O\"}',NULL),(1009,'Sample_Collection_Time','None','{\"type\":\"datetime-local\", \"pattern\":\"[0-9]{4}-[0-9]{2}-[0-9]{2}T[0-9]{2}:[0-9]{2}\" }',NULL),(1010,'Sample_Receipt_Time','None','{\"type\":\"datetime-local\", \"pattern\":\"[0-9]{4}-[0-9]{2}-[0-9]{2}T[0-9]{2}:[0-9]{2}\" }',NULL),(1011,'Request_Entry_time','None','{\"type\":\"datetime-local\",\"pattern\":\"[0-9]{4}-[0-9]{2}-[0-9]{2}T[0-9]{2}:[0-9]{2}\"}',NULL),(1012,'DOB','None','{\"type\":\"date\"}',NULL),(1013,'Laboratory Name','None','{\"type\":\"select\",\"option\":\",Haematology and Clinical Pathology OPD-10 New Civil Hospital Surat Ph: 216-2244456 Ext: 424 425 426,Biochemistry Near Blood Bank New Civil Hospital Surat Ph: 0216-2244456 Ext: 317\"}\r\n',NULL),(1014,'released_by','None','{\"type\":\"text\",\"readonly\":\"readonly\"}',NULL),(100001,'Peripheral Smear Image','EDTA-Blood-HI','{\"type\":\"text\",\"help\":\"Describe\"}','None'),(100002,'Protein Electrophorogram Image','Plain-Blood-BI','{\"type\":\"text\",\"help\":\"Describe\"}','None'),(100003,'Patient Photo','None','',NULL);
/*!40000 ALTER TABLE `examination` ENABLE KEYS */;
UNLOCK TABLES;

--
-- Table structure for table `primary_result`
--

DROP TABLE IF EXISTS `primary_result`;
/*!40101 SET @saved_cs_client     = @@character_set_client */;
/*!40101 SET character_set_client = utf8 */;
CREATE TABLE `primary_result` (
  `sample_id` bigint(20) NOT NULL,
  `examination_id` int(11) NOT NULL,
  `result` varchar(5000) NOT NULL,
  `uniq` varchar(100) NOT NULL,
  PRIMARY KEY (`sample_id`,`examination_id`,`uniq`)
) ENGINE=InnoDB DEFAULT CHARSET=utf8mb4;
/*!40101 SET character_set_client = @saved_cs_client */;

--
-- Dumping data for table `primary_result`
--

LOCK TABLES `primary_result` WRITE;
/*!40000 ALTER TABLE `primary_result` DISABLE KEYS */;
INSERT INTO `primary_result` VALUES (7,1,'000.2 l','28/11/19 16h51mn00s'),(7,1,'000.3 l','28/11/20 16h51mn00s'),(7,1,'32','28/12/19 16h51mn00s'),(7,2,'40','28/11/19 16h51mn00s'),(7,2,'00.02 l','28/11/20 16h51mn00s'),(7,2,'43','28/12/19 16h51mn00s'),(7,3,'45','28/11/19 16h51mn00s'),(7,3,'000.0 l','28/11/20 16h51mn00s'),(7,3,'56','28/12/19 16h51mn00s'),(7,4,'000.1 l','28/11/19 16h51mn00s'),(7,4,'000.1 l','28/11/20 16h51mn00s'),(7,4,'000.1 l','28/12/19 16h51mn00s'),(7,5,'00000 l','28/11/19 16h51mn00s'),(7,5,'00000 l','28/11/20 16h51mn00s'),(7,5,'00000 l','28/12/19 16h51mn00s'),(7,6,'000.0 l','28/11/19 16h51mn00s'),(7,6,'000.0 l','28/11/20 16h51mn00s'),(7,6,'000.0 l','28/12/19 16h51mn00s'),(7,7,'000.0 l','28/11/19 16h51mn00s'),(7,7,'000.0 l','28/11/20 16h51mn00s'),(7,7,'000.0 l','28/12/19 16h51mn00s'),(7,8,'000.0 l','28/11/19 16h51mn00s'),(7,8,'000.0 l','28/11/20 16h51mn00s'),(7,8,'000.0 l','28/12/19 16h51mn00s'),(7,9,'00043 l','28/11/19 16h51mn00s'),(7,9,'00043 l','28/11/20 16h51mn00s'),(7,9,'00043 l','28/12/19 16h51mn00s'),(7,10,'006.8  ','28/11/19 16h51mn00s'),(7,10,'006.8  ','28/11/20 16h51mn00s'),(7,10,'006.8  ','28/12/19 16h51mn00s'),(7,11,' .029 l','28/11/19 16h51mn00s'),(7,11,' .029 l','28/11/20 16h51mn00s'),(7,11,' .029 l','28/12/19 16h51mn00s'),(7,12,'006.3 l','28/11/19 16h51mn00s'),(7,12,'006.3 l','28/11/20 16h51mn00s'),(7,12,'006.3 l','28/12/19 16h51mn00s'),(7,13,'088.2 h','28/11/19 16h51mn00s'),(7,13,'088.2 h','28/11/20 16h51mn00s'),(7,13,'088.2 h','28/12/19 16h51mn00s'),(7,14,'009.0  ','28/11/19 16h51mn00s'),(7,14,'009.0  ','28/11/20 16h51mn00s'),(7,14,'009.0  ','28/12/19 16h51mn00s'),(7,15,'002.8 l','28/11/19 16h51mn00s'),(7,15,'002.8 l','28/11/20 16h51mn00s'),(7,15,'002.8 l','28/12/19 16h51mn00s'),(7,16,'000.1 l','28/11/19 16h51mn00s'),(7,16,'000.1 l','28/11/20 16h51mn00s'),(7,16,'000.1 l','28/12/19 16h51mn00s'),(7,17,'000.0 l','28/11/19 16h51mn00s'),(7,17,'000.0 l','28/11/20 16h51mn00s'),(7,17,'000.0 l','28/12/19 16h51mn00s'),(7,18,'000.1 l','28/11/19 16h51mn00s'),(7,18,'000.1 l','28/11/20 16h51mn00s'),(7,18,'000.1 l','28/12/19 16h51mn00s'),(7,19,'                                                                                                                                ','28/11/19 16h51mn00s'),(7,19,'                                                                                                                                ','28/11/20 16h51mn00s'),(7,19,'                                                                                                                                ','28/12/19 16h51mn00s'),(7,20,'      H…ÖÿÿêÖ™™…q\\H\\\\H444HHH444                                                                                                H','28/11/19 16h51mn00s'),(7,20,'      H…ÖÿÿêÖ™™…q\\H\\\\H444HHH444                                                                                                H','28/11/20 16h51mn00s'),(7,20,'      H…ÖÿÿêÖ™™…q\\H\\\\H444HHH444                                                                                                H','28/12/19 16h51mn00s'),(7,21,'        !3L_[QJJH><373731--++\'%!%%)\'))++)\'!!#%)))%\'%#!#\'%%!%%# !#!   ##%#%%%%!!!##%%#!  !##!     !!!  !##!!     !!#!!  !!!   !#%','28/11/19 16h51mn00s'),(7,21,'        !3L_[QJJH><373731--++\'%!%%)\'))++)\'!!#%)))%\'%#!#\'%%!%%# !#!   ##%#%%%%!!!##%%#!  !##!     !!!  !##!!     !!#!!  !!!   !#%','28/11/20 16h51mn00s'),(7,21,'        !3L_[QJJH><373731--++\'%!%%)\'))++)\'!!#%)))%\'%#!#\'%%!%%# !#!   ##%#%%%%!!!##%%#!  !##!     !!!  !##!!     !!#!!  !!!   !#%','28/12/19 16h51mn00s'),(7,22,'RESULT  ','28/11/19 16h51mn00s'),(7,22,'RESULT  ','28/11/20 16h51mn00s'),(7,22,'RESULT  ','28/12/19 16h51mn00s'),(7,25,'31','28/11/19 16h51mn00s'),(7,25,'31','28/11/20 16h51mn00s'),(7,25,'31','28/12/19 16h51mn00s'),(7,26,'28/11/19 16h51mn00s','28/11/19 16h51mn00s'),(7,26,'28/11/20 16h51mn00s','28/11/20 16h51mn00s'),(7,26,'28/12/19 16h51mn00s','28/12/19 16h51mn00s'),(7,27,'0003','28/11/19 16h51mn00s'),(7,27,'0003','28/11/20 16h51mn00s'),(7,27,'0003','28/12/19 16h51mn00s'),(7,28,'M','28/11/19 16h51mn00s'),(7,28,'M','28/11/20 16h51mn00s'),(7,28,'M','28/12/19 16h51mn00s'),(7,29,'0000000000000003','28/11/19 16h51mn00s'),(7,29,'0000000000000003','28/11/20 16h51mn00s'),(7,29,'0000000000000003','28/12/19 16h51mn00s'),(7,30,'7300                          ','28/11/19 16h51mn00s'),(7,30,'6                          ','28/11/20 16h51mn00s'),(7,30,'7300                          ','28/12/19 16h51mn00s'),(7,31,'D','28/11/19 16h51mn00s'),(7,31,'D','28/11/20 16h51mn00s'),(7,31,'D','28/12/19 16h51mn00s'),(7,32,'      ','28/11/19 16h51mn00s'),(7,32,'      ','28/11/20 16h51mn00s'),(7,32,'      ','28/12/19 16h51mn00s'),(7,33,'105','28/11/19 16h51mn00s'),(7,33,'105','28/11/20 16h51mn00s'),(7,33,'105','28/12/19 16h51mn00s'),(7,34,'        G2G3','28/11/19 16h51mn00s'),(7,34,'        G2G3','28/11/20 16h51mn00s'),(7,34,'        G2G3','28/12/19 16h51mn00s'),(7,35,'000 000 000 024 033','28/11/19 16h51mn00s'),(7,35,'000 000 000 024 033','28/11/20 16h51mn00s'),(7,35,'000 000 000 024 033','28/12/19 16h51mn00s'),(7,36,'MICROS60','28/11/19 16h51mn00s'),(7,36,'MICROS60','28/11/20 16h51mn00s'),(7,36,'MICROS60','28/12/19 16h51mn00s'),(7,37,'V2.8 ','28/11/19 16h51mn00s'),(7,37,'V2.8 ','28/11/20 16h51mn00s'),(7,37,'V2.8 ','28/12/19 16h51mn00s'),(7,38,'828E','28/11/19 16h51mn00s'),(7,38,'828E','28/11/20 16h51mn00s'),(7,38,'828E','28/12/19 16h51mn00s'),(9,1,'000.2 l','28/11/19 16h51mn00s'),(9,2,'00.02 l','28/11/19 16h51mn00s'),(9,3,'000.0 l','28/11/19 16h51mn00s'),(9,4,'000.1 l','28/11/19 16h51mn00s'),(9,5,'00000 l','28/11/19 16h51mn00s'),(9,6,'000.0 l','28/11/19 16h51mn00s'),(9,7,'000.0 l','28/11/19 16h51mn00s'),(9,8,'000.0 l','28/11/19 16h51mn00s'),(9,9,'00043 l','28/11/19 16h51mn00s'),(9,10,'006.8  ','28/11/19 16h51mn00s'),(9,11,' .029 l','28/11/19 16h51mn00s'),(9,12,'006.3 l','28/11/19 16h51mn00s'),(9,13,'088.2 h','28/11/19 16h51mn00s'),(9,14,'009.0  ','28/11/19 16h51mn00s'),(9,15,'002.8 l','28/11/19 16h51mn00s'),(9,16,'000.1 l','28/11/19 16h51mn00s'),(9,17,'000.0 l','28/11/19 16h51mn00s'),(9,18,'000.1 l','28/11/19 16h51mn00s'),(9,19,'                                                                                                                                ','28/11/19 16h51mn00s'),(9,20,'      H…ÖÿÿêÖ™™…q\\H\\\\H444HHH444                                                                                                H','28/11/19 16h51mn00s'),(9,21,'        !3L_[QJJH><373731--++\'%!%%)\'))++)\'!!#%)))%\'%#!#\'%%!%%# !#!   ##%#%%%%!!!##%%#!  !##!     !!!  !##!!     !!#!!  !!!   !#%','28/11/19 16h51mn00s'),(9,22,'RESULT  ','28/11/19 16h51mn00s'),(9,25,'31','28/11/19 16h51mn00s'),(9,26,'28/11/19 16h51mn00s','28/11/19 16h51mn00s'),(9,27,'0003','28/11/19 16h51mn00s'),(9,28,'M','28/11/19 16h51mn00s'),(9,29,'0000000000000003','28/11/19 16h51mn00s'),(9,30,'9                          ','28/11/19 16h51mn00s'),(9,31,'D','28/11/19 16h51mn00s'),(9,32,'      ','28/11/19 16h51mn00s'),(9,33,'105','28/11/19 16h51mn00s'),(9,34,'        G2G3','28/11/19 16h51mn00s'),(9,35,'000 000 000 024 033','28/11/19 16h51mn00s'),(9,36,'MICROS60','28/11/19 16h51mn00s'),(9,37,'V2.8 ','28/11/19 16h51mn00s'),(9,38,'828E','28/11/19 16h51mn00s');
/*!40000 ALTER TABLE `primary_result` ENABLE KEYS */;
UNLOCK TABLES;

--
-- Table structure for table `primary_result_e`
--

DROP TABLE IF EXISTS `primary_result_e`;
/*!40101 SET @saved_cs_client     = @@character_set_client */;
/*!40101 SET character_set_client = utf8 */;
CREATE TABLE `primary_result_e` (
  `sample_id` bigint(20) NOT NULL,
  `examination_id` int(11) NOT NULL,
  `uniq` varchar(100) NOT NULL,
  `result` varchar(5000) DEFAULT NULL,
  PRIMARY KEY (`sample_id`,`examination_id`,`uniq`)
) ENGINE=InnoDB DEFAULT CHARSET=utf8mb4 ROW_FORMAT=COMPACT;
/*!40101 SET character_set_client = @saved_cs_client */;

--
-- Dumping data for table `primary_result_e`
--

LOCK TABLES `primary_result_e` WRITE;
/*!40000 ALTER TABLE `primary_result_e` DISABLE KEYS */;
/*!40000 ALTER TABLE `primary_result_e` ENABLE KEYS */;
UNLOCK TABLES;

--
-- Table structure for table `profile`
--

DROP TABLE IF EXISTS `profile`;
/*!40101 SET @saved_cs_client     = @@character_set_client */;
/*!40101 SET character_set_client = utf8 */;
CREATE TABLE `profile` (
  `profile_id` int(11) NOT NULL,
  `name` varchar(50) NOT NULL,
  `examination_id_list` varchar(500) NOT NULL,
  PRIMARY KEY (`profile_id`)
) ENGINE=InnoDB DEFAULT CHARSET=utf8mb4;
/*!40101 SET character_set_client = @saved_cs_client */;

--
-- Dumping data for table `profile`
--

LOCK TABLES `profile` WRITE;
/*!40000 ALTER TABLE `profile` DISABLE KEYS */;
INSERT INTO `profile` VALUES (1,'Patient_Identification','1001,1002,1012,1007,1008,1004,1005,1006,100003'),(2,'Sample Details','1013,1000,1011,1009,1010,26,1014'),(21,'Blood Counts and Indices','3,2,4,5,6,7,8,1,9'),(22,'Microscopy','39,40,41,42,43,44,45'),(23,'Malarial Parasites','46,47,100001'),(24,'Biochemistry','301,302,303,304,305,306,307,308,309,310,311,312,313,314,315,316');
/*!40000 ALTER TABLE `profile` ENABLE KEYS */;
UNLOCK TABLES;

--
-- Table structure for table `report`
--

DROP TABLE IF EXISTS `report`;
/*!40101 SET @saved_cs_client     = @@character_set_client */;
/*!40101 SET character_set_client = utf8 */;
CREATE TABLE `report` (
  `id` int(11) NOT NULL AUTO_INCREMENT,
  `report_name` varchar(100) NOT NULL,
  `examination_id` varchar(1000) DEFAULT NULL,
  PRIMARY KEY (`id`)
) ENGINE=InnoDB AUTO_INCREMENT=3 DEFAULT CHARSET=utf8mb4;
/*!40101 SET character_set_client = @saved_cs_client */;

--
-- Dumping data for table `report`
--

LOCK TABLES `report` WRITE;
/*!40000 ALTER TABLE `report` DISABLE KEYS */;
INSERT INTO `report` VALUES (1,'Haemogram','1001,3,2,4,5,6,7,8,1,9');
/*!40000 ALTER TABLE `report` ENABLE KEYS */;
UNLOCK TABLES;

--
-- Table structure for table `result`
--

DROP TABLE IF EXISTS `result`;
/*!40101 SET @saved_cs_client     = @@character_set_client */;
/*!40101 SET character_set_client = utf8 */;
CREATE TABLE `result` (
  `sample_id` bigint(20) NOT NULL,
  `examination_id` int(11) NOT NULL,
  `result` varchar(5000) DEFAULT NULL,
  `recording_time` datetime DEFAULT NULL,
  `recorded_by` int(11) DEFAULT NULL,
  PRIMARY KEY (`sample_id`,`examination_id`),
  KEY `examination_id` (`examination_id`),
  KEY `recorded_by` (`recorded_by`),
  CONSTRAINT `result_ibfk_2` FOREIGN KEY (`recorded_by`) REFERENCES `user` (`user`),
  CONSTRAINT `result_ibfk_4` FOREIGN KEY (`examination_id`) REFERENCES `examination` (`examination_id`)
) ENGINE=InnoDB DEFAULT CHARSET=utf8mb4 ROW_FORMAT=COMPACT;
/*!40101 SET character_set_client = @saved_cs_client */;

--
-- Dumping data for table `result`
--

LOCK TABLES `result` WRITE;
/*!40000 ALTER TABLE `result` DISABLE KEYS */;
INSERT INTO `result` VALUES (1,1,'SUR/20/66778899','2020-01-07 23:07:16',1),(1,2,NULL,NULL,NULL),(1,3,NULL,NULL,NULL),(1,4,NULL,NULL,NULL),(1,5,NULL,NULL,NULL),(1,6,NULL,NULL,NULL),(1,7,NULL,NULL,NULL),(1,8,NULL,NULL,NULL),(1,19,NULL,NULL,NULL),(1,1001,NULL,NULL,NULL),(2,1,'SUR/20/11223344','2020-01-07 23:14:47',1),(2,2,NULL,NULL,NULL),(2,3,NULL,NULL,NULL),(2,4,NULL,NULL,NULL),(2,5,NULL,NULL,NULL),(2,6,NULL,NULL,NULL),(2,7,NULL,NULL,NULL),(2,8,NULL,NULL,NULL),(2,19,NULL,NULL,NULL),(3,1,'SUR/20/11223344','2020-01-07 23:15:32',1),(3,2,NULL,NULL,NULL),(3,3,NULL,NULL,NULL),(3,4,NULL,NULL,NULL),(3,5,NULL,NULL,NULL),(3,6,NULL,NULL,NULL),(3,7,NULL,NULL,NULL),(3,8,NULL,NULL,NULL),(3,19,NULL,NULL,NULL),(4,1,NULL,NULL,NULL),(4,2,NULL,NULL,NULL),(4,3,NULL,NULL,NULL),(4,4,NULL,NULL,NULL),(4,5,NULL,NULL,NULL),(4,6,NULL,NULL,NULL),(4,7,NULL,NULL,NULL),(4,8,NULL,NULL,NULL),(4,19,NULL,NULL,NULL),(4,39,NULL,NULL,NULL),(4,40,NULL,NULL,NULL),(4,41,NULL,NULL,NULL),(4,42,NULL,NULL,NULL),(4,43,NULL,NULL,NULL),(4,44,NULL,NULL,NULL),(4,45,NULL,NULL,NULL),(4,1001,'SUR/20/44556677','2020-01-07 23:18:07',1),(5,2,NULL,NULL,NULL),(5,3,NULL,NULL,NULL),(5,4,NULL,NULL,NULL),(5,5,NULL,NULL,NULL),(5,6,NULL,NULL,NULL),(5,7,NULL,NULL,NULL),(5,8,NULL,NULL,NULL),(5,9,NULL,NULL,NULL),(5,26,NULL,NULL,NULL),(5,1000,NULL,NULL,NULL),(5,1001,'SUR/20/44556677','2020-01-07 23:18:35',1),(5,1002,NULL,NULL,NULL),(5,1004,NULL,NULL,NULL),(5,1005,NULL,NULL,NULL),(5,1006,NULL,NULL,NULL),(5,1007,NULL,NULL,NULL),(5,1008,NULL,NULL,NULL),(5,1009,NULL,NULL,NULL),(5,1010,NULL,NULL,NULL),(5,1011,NULL,NULL,NULL),(5,1012,NULL,NULL,NULL),(5,1013,NULL,NULL,NULL),(15,1002,NULL,NULL,NULL),(15,1004,NULL,NULL,NULL),(15,1005,NULL,NULL,NULL),(15,1006,NULL,NULL,NULL),(15,1007,NULL,NULL,NULL),(15,1008,NULL,NULL,NULL),(15,1012,NULL,NULL,NULL),(1000000,1000,'Plain-Blood-BI',NULL,NULL),(1000001,1000,'Plain-Blood-BI',NULL,NULL),(1000002,1000,'Plain-Blood-BI',NULL,NULL),(1000003,1000,'Plain-Blood-BI',NULL,NULL),(1000004,1000,'Plain-Blood-BI',NULL,NULL),(1000005,1000,'Plain-Blood-BI',NULL,NULL),(1000006,26,NULL,NULL,NULL),(1000006,305,NULL,NULL,NULL),(1000006,1000,'Plain-Blood-BI',NULL,NULL),(1000006,1001,NULL,NULL,NULL),(1000006,1002,NULL,NULL,NULL),(1000006,1004,NULL,NULL,NULL),(1000006,1005,NULL,NULL,NULL),(1000006,1006,NULL,NULL,NULL),(1000006,1007,NULL,NULL,NULL),(1000006,1008,NULL,NULL,NULL),(1000006,1009,NULL,NULL,NULL),(1000006,1010,NULL,NULL,NULL),(1000006,1011,NULL,NULL,NULL),(1000006,1012,NULL,NULL,NULL),(1000006,1013,NULL,NULL,NULL),(1000006,100003,NULL,NULL,NULL),(1000007,26,NULL,NULL,NULL),(1000007,305,NULL,NULL,NULL),(1000007,1000,'Plain-Blood-BI',NULL,NULL),(1000007,1001,NULL,NULL,NULL),(1000007,1002,NULL,NULL,NULL),(1000007,1004,NULL,NULL,NULL),(1000007,1005,NULL,NULL,NULL),(1000007,1006,NULL,NULL,NULL),(1000007,1007,NULL,NULL,NULL),(1000007,1008,NULL,NULL,NULL),(1000007,1009,NULL,NULL,NULL),(1000007,1010,NULL,NULL,NULL),(1000007,1011,NULL,NULL,NULL),(1000007,1012,NULL,NULL,NULL),(1000007,1013,NULL,NULL,NULL),(1000007,100003,NULL,NULL,NULL),(1000008,26,NULL,NULL,NULL),(1000008,305,NULL,NULL,NULL),(1000008,1000,'Plain-Blood-BI',NULL,NULL),(1000008,1001,NULL,NULL,NULL),(1000008,1002,NULL,NULL,NULL),(1000008,1004,NULL,NULL,NULL),(1000008,1005,NULL,NULL,NULL),(1000008,1006,NULL,NULL,NULL),(1000008,1007,NULL,NULL,NULL),(1000008,1008,NULL,NULL,NULL),(1000008,1009,NULL,NULL,NULL),(1000008,1010,NULL,NULL,NULL),(1000008,1011,NULL,NULL,NULL),(1000008,1012,NULL,NULL,NULL),(1000008,1013,NULL,NULL,NULL),(1000008,100003,NULL,NULL,NULL),(1000009,26,NULL,NULL,NULL),(1000009,305,NULL,NULL,NULL),(1000009,1000,'Plain-Blood-BI',NULL,NULL),(1000009,1001,NULL,NULL,NULL),(1000009,1002,NULL,NULL,NULL),(1000009,1004,NULL,NULL,NULL),(1000009,1005,NULL,NULL,NULL),(1000009,1006,NULL,NULL,NULL),(1000009,1007,NULL,NULL,NULL),(1000009,1008,NULL,NULL,NULL),(1000009,1009,NULL,NULL,NULL),(1000009,1010,NULL,NULL,NULL),(1000009,1011,NULL,NULL,NULL),(1000009,1012,NULL,NULL,NULL),(1000009,1013,NULL,NULL,NULL),(1000009,100003,NULL,NULL,NULL),(1000010,26,NULL,NULL,NULL),(1000010,305,NULL,NULL,NULL),(1000010,1000,'Plain-Blood-BI',NULL,NULL),(1000010,1001,NULL,NULL,NULL),(1000010,1002,NULL,NULL,NULL),(1000010,1004,NULL,NULL,NULL),(1000010,1005,NULL,NULL,NULL),(1000010,1006,NULL,NULL,NULL),(1000010,1007,NULL,NULL,NULL),(1000010,1008,NULL,NULL,NULL),(1000010,1009,NULL,NULL,NULL),(1000010,1010,NULL,NULL,NULL),(1000010,1011,NULL,NULL,NULL),(1000010,1012,NULL,NULL,NULL),(1000010,1013,NULL,NULL,NULL),(1000010,100003,NULL,NULL,NULL),(1000011,26,NULL,NULL,NULL),(1000011,305,NULL,NULL,NULL),(1000011,1000,'Plain-Blood-BI',NULL,NULL),(1000011,1001,NULL,NULL,NULL),(1000011,1002,NULL,NULL,NULL),(1000011,1004,NULL,NULL,NULL),(1000011,1005,NULL,NULL,NULL),(1000011,1006,NULL,NULL,NULL),(1000011,1007,NULL,NULL,NULL),(1000011,1008,NULL,NULL,NULL),(1000011,1009,NULL,NULL,NULL),(1000011,1010,NULL,NULL,NULL),(1000011,1011,NULL,NULL,NULL),(1000011,1012,NULL,NULL,NULL),(1000011,1013,NULL,NULL,NULL),(1000011,100003,NULL,NULL,NULL),(1000012,26,NULL,NULL,NULL),(1000012,305,NULL,NULL,NULL),(1000012,1000,'Plain-Blood-BI',NULL,NULL),(1000012,1001,'SUR/20/34343434',NULL,NULL),(1000012,1002,NULL,NULL,NULL),(1000012,1004,NULL,NULL,NULL),(1000012,1005,NULL,NULL,NULL),(1000012,1006,NULL,NULL,NULL),(1000012,1007,NULL,NULL,NULL),(1000012,1008,NULL,NULL,NULL),(1000012,1009,NULL,NULL,NULL),(1000012,1010,NULL,NULL,NULL),(1000012,1011,NULL,NULL,NULL),(1000012,1012,NULL,NULL,NULL),(1000012,1013,NULL,NULL,NULL),(1000012,100003,NULL,NULL,NULL),(1000013,26,NULL,NULL,NULL),(1000013,305,NULL,NULL,NULL),(1000013,1000,'Plain-Blood-BI',NULL,NULL),(1000013,1001,'SUR/20/34343434',NULL,NULL),(1000013,1002,NULL,NULL,NULL),(1000013,1004,NULL,NULL,NULL),(1000013,1005,NULL,NULL,NULL),(1000013,1006,NULL,NULL,NULL),(1000013,1007,NULL,NULL,NULL),(1000013,1008,NULL,NULL,NULL),(1000013,1009,NULL,NULL,NULL),(1000013,1010,NULL,NULL,NULL),(1000013,1011,NULL,NULL,NULL),(1000013,1012,NULL,NULL,NULL),(1000013,1013,NULL,NULL,NULL),(1000013,100003,NULL,NULL,NULL),(1000014,26,NULL,NULL,NULL),(1000014,305,NULL,NULL,NULL),(1000014,1000,'Plain-Blood-BI',NULL,NULL),(1000014,1001,'SUR/20/34343434',NULL,NULL),(1000014,1002,NULL,NULL,NULL),(1000014,1004,NULL,NULL,NULL),(1000014,1005,NULL,NULL,NULL),(1000014,1006,NULL,NULL,NULL),(1000014,1007,NULL,NULL,NULL),(1000014,1008,NULL,NULL,NULL),(1000014,1009,NULL,NULL,NULL),(1000014,1010,NULL,NULL,NULL),(1000014,1011,NULL,NULL,NULL),(1000014,1012,NULL,NULL,NULL),(1000014,1013,NULL,NULL,NULL),(1000014,100003,NULL,NULL,NULL),(1000015,26,NULL,NULL,NULL),(1000015,305,NULL,NULL,NULL),(1000015,1000,'Plain-Blood-BI',NULL,NULL),(1000015,1001,'SUR/20/34343434',NULL,NULL),(1000015,1002,NULL,NULL,NULL),(1000015,1004,NULL,NULL,NULL),(1000015,1005,NULL,NULL,NULL),(1000015,1006,NULL,NULL,NULL),(1000015,1007,NULL,NULL,NULL),(1000015,1008,NULL,NULL,NULL),(1000015,1009,NULL,NULL,NULL),(1000015,1010,NULL,NULL,NULL),(1000015,1011,NULL,NULL,NULL),(1000015,1012,NULL,NULL,NULL),(1000015,1013,NULL,NULL,NULL),(1000015,100003,NULL,NULL,NULL),(1000016,26,NULL,NULL,NULL),(1000016,305,NULL,NULL,NULL),(1000016,1000,'Plain-Blood-BI',NULL,NULL),(1000016,1001,'SUR/20/34343434',NULL,NULL),(1000016,1002,NULL,NULL,NULL),(1000016,1004,NULL,NULL,NULL),(1000016,1005,NULL,NULL,NULL),(1000016,1006,NULL,NULL,NULL),(1000016,1007,NULL,NULL,NULL),(1000016,1008,NULL,NULL,NULL),(1000016,1009,NULL,NULL,NULL),(1000016,1010,NULL,NULL,NULL),(1000016,1011,NULL,NULL,NULL),(1000016,1012,NULL,NULL,NULL),(1000016,1013,NULL,NULL,NULL),(1000016,100003,NULL,NULL,NULL),(1000017,26,NULL,NULL,NULL),(1000017,305,NULL,NULL,NULL),(1000017,1000,'Plain-Blood-BI',NULL,NULL),(1000017,1001,'SUR/20/34343434',NULL,NULL),(1000017,1002,NULL,NULL,NULL),(1000017,1004,NULL,NULL,NULL),(1000017,1005,NULL,NULL,NULL),(1000017,1006,NULL,NULL,NULL),(1000017,1007,NULL,NULL,NULL),(1000017,1008,NULL,NULL,NULL),(1000017,1009,NULL,NULL,NULL),(1000017,1010,NULL,NULL,NULL),(1000017,1011,NULL,NULL,NULL),(1000017,1012,NULL,NULL,NULL),(1000017,1013,NULL,NULL,NULL),(1000017,100003,NULL,NULL,NULL),(1000018,26,NULL,NULL,NULL),(1000018,305,NULL,NULL,NULL),(1000018,1000,'Plain-Blood-BI',NULL,NULL),(1000018,1001,'SUR/20/34343434',NULL,NULL),(1000018,1002,NULL,NULL,NULL),(1000018,1004,NULL,NULL,NULL),(1000018,1005,NULL,NULL,NULL),(1000018,1006,NULL,NULL,NULL),(1000018,1007,NULL,NULL,NULL),(1000018,1008,NULL,NULL,NULL),(1000018,1009,NULL,NULL,NULL),(1000018,1010,NULL,NULL,NULL),(1000018,1011,NULL,NULL,NULL),(1000018,1012,NULL,NULL,NULL),(1000018,1013,NULL,NULL,NULL),(1000018,100003,NULL,NULL,NULL),(1000019,26,NULL,NULL,NULL),(1000019,305,NULL,NULL,NULL),(1000019,1000,'Plain-Blood-BI',NULL,NULL),(1000019,1001,'SUR/20/34343434',NULL,NULL),(1000019,1002,NULL,NULL,NULL),(1000019,1004,NULL,NULL,NULL),(1000019,1005,NULL,NULL,NULL),(1000019,1006,NULL,NULL,NULL),(1000019,1007,NULL,NULL,NULL),(1000019,1008,NULL,NULL,NULL),(1000019,1009,NULL,NULL,NULL),(1000019,1010,NULL,NULL,NULL),(1000019,1011,NULL,NULL,NULL),(1000019,1012,NULL,NULL,NULL),(1000019,1013,NULL,NULL,NULL),(1000019,100003,NULL,NULL,NULL),(1000020,26,NULL,NULL,NULL),(1000020,305,NULL,NULL,NULL),(1000020,1000,'Plain-Blood-BI',NULL,NULL),(1000020,1001,'SUR/20/34343434',NULL,NULL),(1000020,1002,NULL,NULL,NULL),(1000020,1004,NULL,NULL,NULL),(1000020,1005,NULL,NULL,NULL),(1000020,1006,NULL,NULL,NULL),(1000020,1007,NULL,NULL,NULL),(1000020,1008,NULL,NULL,NULL),(1000020,1009,NULL,NULL,NULL),(1000020,1010,NULL,NULL,NULL),(1000020,1011,NULL,NULL,NULL),(1000020,1012,NULL,NULL,NULL),(1000020,1013,NULL,NULL,NULL),(1000020,100003,NULL,NULL,NULL),(1000021,26,NULL,NULL,NULL),(1000021,305,NULL,NULL,NULL),(1000021,1000,'Plain-Blood-BI',NULL,NULL),(1000021,1001,'SUR/20/34343434',NULL,NULL),(1000021,1002,NULL,NULL,NULL),(1000021,1004,NULL,NULL,NULL),(1000021,1005,NULL,NULL,NULL),(1000021,1006,NULL,NULL,NULL),(1000021,1007,NULL,NULL,NULL),(1000021,1008,NULL,NULL,NULL),(1000021,1009,NULL,NULL,NULL),(1000021,1010,NULL,NULL,NULL),(1000021,1011,NULL,NULL,NULL),(1000021,1012,NULL,NULL,NULL),(1000021,1013,NULL,NULL,NULL),(1000021,100003,NULL,NULL,NULL),(1000022,26,NULL,NULL,NULL),(1000022,305,NULL,NULL,NULL),(1000022,1000,'Plain-Blood-BI',NULL,NULL),(1000022,1001,'SUR/20/34343434',NULL,NULL),(1000022,1002,NULL,NULL,NULL),(1000022,1004,NULL,NULL,NULL),(1000022,1005,NULL,NULL,NULL),(1000022,1006,NULL,NULL,NULL),(1000022,1007,NULL,NULL,NULL),(1000022,1008,NULL,NULL,NULL),(1000022,1009,NULL,NULL,NULL),(1000022,1010,NULL,NULL,NULL),(1000022,1011,NULL,NULL,NULL),(1000022,1012,NULL,NULL,NULL),(1000022,1013,NULL,NULL,NULL),(1000022,100003,NULL,NULL,NULL),(1000023,26,NULL,NULL,NULL),(1000023,305,NULL,NULL,NULL),(1000023,1000,'Plain-Blood-BI',NULL,NULL),(1000023,1001,'SUR/20/34343434',NULL,NULL),(1000023,1002,NULL,NULL,NULL),(1000023,1004,NULL,NULL,NULL),(1000023,1005,NULL,NULL,NULL),(1000023,1006,NULL,NULL,NULL),(1000023,1007,NULL,NULL,NULL),(1000023,1008,NULL,NULL,NULL),(1000023,1009,NULL,NULL,NULL),(1000023,1010,NULL,NULL,NULL),(1000023,1011,NULL,NULL,NULL),(1000023,1012,NULL,NULL,NULL),(1000023,1013,NULL,NULL,NULL),(1000023,100003,NULL,NULL,NULL),(1000024,26,NULL,NULL,NULL),(1000024,44,NULL,NULL,NULL),(1000024,305,NULL,NULL,NULL),(1000024,1000,'Plain-Blood-BI',NULL,NULL),(1000024,1001,'SUR/20/34343434',NULL,NULL),(1000024,1002,NULL,NULL,NULL),(1000024,1004,NULL,NULL,NULL),(1000024,1005,NULL,NULL,NULL),(1000024,1006,NULL,NULL,NULL),(1000024,1007,NULL,NULL,NULL),(1000024,1008,NULL,NULL,NULL),(1000024,1009,NULL,NULL,NULL),(1000024,1010,NULL,NULL,NULL),(1000024,1011,NULL,NULL,NULL),(1000024,1012,NULL,NULL,NULL),(1000024,1013,NULL,NULL,NULL),(1000024,100003,NULL,NULL,NULL),(1000025,306,NULL,NULL,NULL),(1000025,310,NULL,NULL,NULL),(1000025,1000,'Plain-Blood-BI',NULL,NULL),(1000026,26,NULL,NULL,NULL),(1000026,301,NULL,NULL,NULL),(1000026,1000,'Fluoride-Blood-BI',NULL,NULL),(1000026,1001,'SUR/20/12121212',NULL,NULL),(1000026,1002,NULL,NULL,NULL),(1000026,1004,NULL,NULL,NULL),(1000026,1005,NULL,NULL,NULL),(1000026,1006,NULL,NULL,NULL),(1000026,1007,NULL,NULL,NULL),(1000026,1008,NULL,NULL,NULL),(1000026,1009,NULL,NULL,NULL),(1000026,1010,NULL,NULL,NULL),(1000026,1011,NULL,NULL,NULL),(1000026,1012,NULL,NULL,NULL),(1000026,1013,NULL,NULL,NULL),(1000026,100003,NULL,NULL,NULL),(1000027,26,NULL,NULL,NULL),(1000027,302,NULL,NULL,NULL),(1000027,1000,'Plain-CSF-BI',NULL,NULL),(1000027,1001,'SUR/20/12121212',NULL,NULL),(1000027,1002,NULL,NULL,NULL),(1000027,1004,NULL,NULL,NULL),(1000027,1005,NULL,NULL,NULL),(1000027,1006,NULL,NULL,NULL),(1000027,1007,NULL,NULL,NULL),(1000027,1008,NULL,NULL,NULL),(1000027,1009,NULL,NULL,NULL),(1000027,1010,NULL,NULL,NULL),(1000027,1011,NULL,NULL,NULL),(1000027,1012,NULL,NULL,NULL),(1000027,1013,NULL,NULL,NULL),(1000027,100003,NULL,NULL,NULL),(1000028,26,NULL,NULL,NULL),(1000028,303,NULL,NULL,NULL),(1000028,304,NULL,NULL,NULL),(1000028,305,NULL,NULL,NULL),(1000028,306,NULL,NULL,NULL),(1000028,307,NULL,NULL,NULL),(1000028,308,NULL,NULL,NULL),(1000028,309,NULL,NULL,NULL),(1000028,310,NULL,NULL,NULL),(1000028,311,NULL,NULL,NULL),(1000028,312,NULL,NULL,NULL),(1000028,313,NULL,NULL,NULL),(1000028,314,NULL,NULL,NULL),(1000028,315,NULL,NULL,NULL),(1000028,316,NULL,NULL,NULL),(1000028,1000,'Plain-Blood-BI',NULL,NULL),(1000028,1001,'SUR/20/12121212',NULL,NULL),(1000028,1002,NULL,NULL,NULL),(1000028,1004,NULL,NULL,NULL),(1000028,1005,NULL,NULL,NULL),(1000028,1006,NULL,NULL,NULL),(1000028,1007,NULL,NULL,NULL),(1000028,1008,NULL,NULL,NULL),(1000028,1009,NULL,NULL,NULL),(1000028,1010,NULL,NULL,NULL),(1000028,1011,NULL,NULL,NULL),(1000028,1012,NULL,NULL,NULL),(1000028,1013,NULL,NULL,NULL),(1000028,100003,NULL,NULL,NULL),(1000029,26,NULL,NULL,NULL),(1000029,301,NULL,NULL,NULL),(1000029,1000,'Fluoride-Blood-BI','2020-01-19 21:41:50',2),(1000029,1001,'SUR/20/11447799','2020-01-19 21:41:51',2),(1000029,1002,NULL,NULL,NULL),(1000029,1004,NULL,NULL,NULL),(1000029,1005,NULL,NULL,NULL),(1000029,1006,NULL,NULL,NULL),(1000029,1007,NULL,NULL,NULL),(1000029,1008,NULL,NULL,NULL),(1000029,1009,NULL,NULL,NULL),(1000029,1010,NULL,NULL,NULL),(1000029,1011,NULL,NULL,NULL),(1000029,1012,NULL,NULL,NULL),(1000029,1013,NULL,NULL,NULL),(1000029,1014,NULL,NULL,NULL),(1000030,26,NULL,NULL,NULL),(1000030,302,NULL,NULL,NULL),(1000030,1000,'Plain-CSF-BI','2020-01-19 21:41:50',2),(1000030,1001,'SUR/20/11447799','2020-01-19 21:41:51',2),(1000030,1002,NULL,NULL,NULL),(1000030,1004,NULL,NULL,NULL),(1000030,1005,NULL,NULL,NULL),(1000030,1006,NULL,NULL,NULL),(1000030,1007,NULL,NULL,NULL),(1000030,1008,NULL,NULL,NULL),(1000030,1009,NULL,NULL,NULL),(1000030,1010,NULL,NULL,NULL),(1000030,1011,NULL,NULL,NULL),(1000030,1012,NULL,NULL,NULL),(1000030,1013,NULL,NULL,NULL),(1000030,1014,NULL,NULL,NULL),(1000031,26,NULL,NULL,NULL),(1000031,303,NULL,NULL,NULL),(1000031,304,NULL,NULL,NULL),(1000031,305,NULL,NULL,NULL),(1000031,306,NULL,NULL,NULL),(1000031,307,NULL,NULL,NULL),(1000031,308,NULL,NULL,NULL),(1000031,309,NULL,NULL,NULL),(1000031,310,NULL,NULL,NULL),(1000031,311,NULL,NULL,NULL),(1000031,312,NULL,NULL,NULL),(1000031,313,NULL,NULL,NULL),(1000031,314,NULL,NULL,NULL),(1000031,315,NULL,NULL,NULL),(1000031,316,NULL,NULL,NULL),(1000031,1000,'Plain-Blood-BI','2020-01-19 21:41:50',2),(1000031,1001,'SUR/20/11447799','2020-01-19 21:41:52',2),(1000031,1002,NULL,NULL,NULL),(1000031,1004,NULL,NULL,NULL),(1000031,1005,NULL,NULL,NULL),(1000031,1006,NULL,NULL,NULL),(1000031,1007,NULL,NULL,NULL),(1000031,1008,NULL,NULL,NULL),(1000031,1009,NULL,NULL,NULL),(1000031,1010,NULL,NULL,NULL),(1000031,1011,NULL,NULL,NULL),(1000031,1012,NULL,NULL,NULL),(1000031,1013,NULL,NULL,NULL),(1000031,1014,NULL,NULL,NULL),(1000032,26,NULL,NULL,NULL),(1000032,301,NULL,NULL,NULL),(1000032,1000,'Fluoride-Blood-BI','2020-01-19 21:42:33',2),(1000032,1001,'SUR/20/11447799','2020-01-19 21:42:34',2),(1000032,1002,NULL,NULL,NULL),(1000032,1004,NULL,NULL,NULL),(1000032,1005,NULL,NULL,NULL),(1000032,1006,NULL,NULL,NULL),(1000032,1007,NULL,NULL,NULL),(1000032,1008,NULL,NULL,NULL),(1000032,1009,NULL,NULL,NULL),(1000032,1010,NULL,NULL,NULL),(1000032,1011,NULL,NULL,NULL),(1000032,1012,NULL,NULL,NULL),(1000032,1013,NULL,NULL,NULL),(1000032,1014,NULL,NULL,NULL),(1000033,26,NULL,NULL,NULL),(1000033,302,NULL,NULL,NULL),(1000033,1000,'Plain-CSF-BI','2020-01-19 21:42:33',2),(1000033,1001,'SUR/20/11447799','2020-01-19 21:42:34',2),(1000033,1002,NULL,NULL,NULL),(1000033,1004,NULL,NULL,NULL),(1000033,1005,NULL,NULL,NULL),(1000033,1006,NULL,NULL,NULL),(1000033,1007,NULL,NULL,NULL),(1000033,1008,NULL,NULL,NULL),(1000033,1009,NULL,NULL,NULL),(1000033,1010,NULL,NULL,NULL),(1000033,1011,NULL,NULL,NULL),(1000033,1012,NULL,NULL,NULL),(1000033,1013,NULL,NULL,NULL),(1000033,1014,NULL,NULL,NULL),(1000034,26,NULL,NULL,NULL),(1000034,303,NULL,NULL,NULL),(1000034,304,NULL,NULL,NULL),(1000034,305,NULL,NULL,NULL),(1000034,306,NULL,NULL,NULL),(1000034,307,NULL,NULL,NULL),(1000034,308,NULL,NULL,NULL),(1000034,309,NULL,NULL,NULL),(1000034,310,NULL,NULL,NULL),(1000034,311,NULL,NULL,NULL),(1000034,312,NULL,NULL,NULL),(1000034,313,NULL,NULL,NULL),(1000034,314,NULL,NULL,NULL),(1000034,315,NULL,NULL,NULL),(1000034,316,NULL,NULL,NULL),(1000034,1000,'Plain-Blood-BI','2020-01-19 21:42:33',2),(1000034,1001,'SUR/20/11447799','2020-01-19 21:42:35',2),(1000034,1002,NULL,NULL,NULL),(1000034,1004,NULL,NULL,NULL),(1000034,1005,NULL,NULL,NULL),(1000034,1006,NULL,NULL,NULL),(1000034,1007,NULL,NULL,NULL),(1000034,1008,NULL,NULL,NULL),(1000034,1009,NULL,NULL,NULL),(1000034,1010,NULL,NULL,NULL),(1000034,1011,NULL,NULL,NULL),(1000034,1012,NULL,NULL,NULL),(1000034,1013,NULL,NULL,NULL),(1000034,1014,NULL,NULL,NULL),(2000000,1000,'EDTA-Blood-HI',NULL,NULL),(2000001,1000,'EDTA-Blood-HI',NULL,NULL),(2000002,1000,'EDTA-Blood-HI',NULL,NULL),(2000003,1000,'EDTA-Blood-HI',NULL,NULL),(2000004,1000,'EDTA-Blood-HI',NULL,NULL),(2000005,1000,'EDTA-Blood-HI',NULL,NULL),(2000006,26,NULL,NULL,NULL),(2000006,39,NULL,NULL,NULL),(2000006,40,NULL,NULL,NULL),(2000006,41,NULL,NULL,NULL),(2000006,42,NULL,NULL,NULL),(2000006,43,NULL,NULL,NULL),(2000006,44,NULL,NULL,NULL),(2000006,45,NULL,NULL,NULL),(2000006,1000,'EDTA-Blood-HI',NULL,NULL),(2000006,1001,NULL,NULL,NULL),(2000006,1002,NULL,NULL,NULL),(2000006,1004,NULL,NULL,NULL),(2000006,1005,NULL,NULL,NULL),(2000006,1006,NULL,NULL,NULL),(2000006,1007,NULL,NULL,NULL),(2000006,1008,NULL,NULL,NULL),(2000006,1009,NULL,NULL,NULL),(2000006,1010,NULL,NULL,NULL),(2000006,1011,NULL,NULL,NULL),(2000006,1012,NULL,NULL,NULL),(2000006,1013,NULL,NULL,NULL),(2000006,100003,NULL,NULL,NULL),(2000007,26,NULL,NULL,NULL),(2000007,39,NULL,NULL,NULL),(2000007,40,NULL,NULL,NULL),(2000007,41,NULL,NULL,NULL),(2000007,42,NULL,NULL,NULL),(2000007,43,NULL,NULL,NULL),(2000007,44,NULL,NULL,NULL),(2000007,45,NULL,NULL,NULL),(2000007,1000,'EDTA-Blood-HI',NULL,NULL),(2000007,1001,NULL,NULL,NULL),(2000007,1002,NULL,NULL,NULL),(2000007,1004,NULL,NULL,NULL),(2000007,1005,NULL,NULL,NULL),(2000007,1006,NULL,NULL,NULL),(2000007,1007,NULL,NULL,NULL),(2000007,1008,NULL,NULL,NULL),(2000007,1009,NULL,NULL,NULL),(2000007,1010,NULL,NULL,NULL),(2000007,1011,NULL,NULL,NULL),(2000007,1012,NULL,NULL,NULL),(2000007,1013,NULL,NULL,NULL),(2000007,100003,NULL,NULL,NULL),(2000008,26,NULL,NULL,NULL),(2000008,39,NULL,NULL,NULL),(2000008,40,NULL,NULL,NULL),(2000008,41,NULL,NULL,NULL),(2000008,42,NULL,NULL,NULL),(2000008,43,NULL,NULL,NULL),(2000008,44,NULL,NULL,NULL),(2000008,45,NULL,NULL,NULL),(2000008,1000,'EDTA-Blood-HI',NULL,NULL),(2000008,1001,NULL,NULL,NULL),(2000008,1002,NULL,NULL,NULL),(2000008,1004,NULL,NULL,NULL),(2000008,1005,NULL,NULL,NULL),(2000008,1006,NULL,NULL,NULL),(2000008,1007,NULL,NULL,NULL),(2000008,1008,NULL,NULL,NULL),(2000008,1009,NULL,NULL,NULL),(2000008,1010,NULL,NULL,NULL),(2000008,1011,NULL,NULL,NULL),(2000008,1012,NULL,NULL,NULL),(2000008,1013,NULL,NULL,NULL),(2000008,100003,NULL,NULL,NULL),(2000009,26,NULL,NULL,NULL),(2000009,39,NULL,NULL,NULL),(2000009,40,NULL,NULL,NULL),(2000009,41,NULL,NULL,NULL),(2000009,42,NULL,NULL,NULL),(2000009,43,NULL,NULL,NULL),(2000009,44,NULL,NULL,NULL),(2000009,45,NULL,NULL,NULL),(2000009,1000,'EDTA-Blood-HI',NULL,NULL),(2000009,1001,NULL,NULL,NULL),(2000009,1002,NULL,NULL,NULL),(2000009,1004,NULL,NULL,NULL),(2000009,1005,NULL,NULL,NULL),(2000009,1006,NULL,NULL,NULL),(2000009,1007,NULL,NULL,NULL),(2000009,1008,NULL,NULL,NULL),(2000009,1009,NULL,NULL,NULL),(2000009,1010,NULL,NULL,NULL),(2000009,1011,NULL,NULL,NULL),(2000009,1012,NULL,NULL,NULL),(2000009,1013,NULL,NULL,NULL),(2000009,100003,NULL,NULL,NULL),(2000010,26,NULL,NULL,NULL),(2000010,39,NULL,NULL,NULL),(2000010,40,NULL,NULL,NULL),(2000010,41,NULL,NULL,NULL),(2000010,42,NULL,NULL,NULL),(2000010,43,NULL,NULL,NULL),(2000010,44,NULL,NULL,NULL),(2000010,45,NULL,NULL,NULL),(2000010,1000,'EDTA-Blood-HI',NULL,NULL),(2000010,1001,NULL,NULL,NULL),(2000010,1002,NULL,NULL,NULL),(2000010,1004,NULL,NULL,NULL),(2000010,1005,NULL,NULL,NULL),(2000010,1006,NULL,NULL,NULL),(2000010,1007,NULL,NULL,NULL),(2000010,1008,NULL,NULL,NULL),(2000010,1009,NULL,NULL,NULL),(2000010,1010,NULL,NULL,NULL),(2000010,1011,NULL,NULL,NULL),(2000010,1012,NULL,NULL,NULL),(2000010,1013,NULL,NULL,NULL),(2000010,100003,NULL,NULL,NULL),(2000011,26,NULL,NULL,NULL),(2000011,39,NULL,NULL,NULL),(2000011,40,NULL,NULL,NULL),(2000011,41,NULL,NULL,NULL),(2000011,42,NULL,NULL,NULL),(2000011,43,NULL,NULL,NULL),(2000011,44,NULL,NULL,NULL),(2000011,45,NULL,NULL,NULL),(2000011,1000,'EDTA-Blood-HI',NULL,NULL),(2000011,1001,NULL,NULL,NULL),(2000011,1002,NULL,NULL,NULL),(2000011,1004,NULL,NULL,NULL),(2000011,1005,NULL,NULL,NULL),(2000011,1006,NULL,NULL,NULL),(2000011,1007,NULL,NULL,NULL),(2000011,1008,NULL,NULL,NULL),(2000011,1009,NULL,NULL,NULL),(2000011,1010,NULL,NULL,NULL),(2000011,1011,NULL,NULL,NULL),(2000011,1012,NULL,NULL,NULL),(2000011,1013,NULL,NULL,NULL),(2000011,100003,NULL,NULL,NULL),(2000012,26,NULL,NULL,NULL),(2000012,39,NULL,NULL,NULL),(2000012,40,NULL,NULL,NULL),(2000012,41,NULL,NULL,NULL),(2000012,42,NULL,NULL,NULL),(2000012,43,NULL,NULL,NULL),(2000012,44,NULL,NULL,NULL),(2000012,45,NULL,NULL,NULL),(2000012,1000,'EDTA-Blood-HI',NULL,NULL),(2000012,1001,'SUR/20/34343434',NULL,NULL),(2000012,1002,NULL,NULL,NULL),(2000012,1004,NULL,NULL,NULL),(2000012,1005,NULL,NULL,NULL),(2000012,1006,NULL,NULL,NULL),(2000012,1007,NULL,NULL,NULL),(2000012,1008,NULL,NULL,NULL),(2000012,1009,NULL,NULL,NULL),(2000012,1010,NULL,NULL,NULL),(2000012,1011,NULL,NULL,NULL),(2000012,1012,NULL,NULL,NULL),(2000012,1013,NULL,NULL,NULL),(2000012,100003,NULL,NULL,NULL),(2000013,26,NULL,NULL,NULL),(2000013,39,NULL,NULL,NULL),(2000013,40,NULL,NULL,NULL),(2000013,41,NULL,NULL,NULL),(2000013,42,NULL,NULL,NULL),(2000013,43,NULL,NULL,NULL),(2000013,44,NULL,NULL,NULL),(2000013,45,NULL,NULL,NULL),(2000013,1000,'EDTA-Blood-HI',NULL,NULL),(2000013,1001,'SUR/20/34343434',NULL,NULL),(2000013,1002,NULL,NULL,NULL),(2000013,1004,NULL,NULL,NULL),(2000013,1005,NULL,NULL,NULL),(2000013,1006,NULL,NULL,NULL),(2000013,1007,NULL,NULL,NULL),(2000013,1008,NULL,NULL,NULL),(2000013,1009,NULL,NULL,NULL),(2000013,1010,NULL,NULL,NULL),(2000013,1011,NULL,NULL,NULL),(2000013,1012,NULL,NULL,NULL),(2000013,1013,NULL,NULL,NULL),(2000013,100003,NULL,NULL,NULL),(2000014,26,NULL,NULL,NULL),(2000014,39,NULL,NULL,NULL),(2000014,40,NULL,NULL,NULL),(2000014,41,NULL,NULL,NULL),(2000014,42,NULL,NULL,NULL),(2000014,43,NULL,NULL,NULL),(2000014,44,NULL,NULL,NULL),(2000014,45,NULL,NULL,NULL),(2000014,1000,'EDTA-Blood-HI',NULL,NULL),(2000014,1001,'SUR/20/34343434',NULL,NULL),(2000014,1002,NULL,NULL,NULL),(2000014,1004,NULL,NULL,NULL),(2000014,1005,NULL,NULL,NULL),(2000014,1006,NULL,NULL,NULL),(2000014,1007,NULL,NULL,NULL),(2000014,1008,NULL,NULL,NULL),(2000014,1009,NULL,NULL,NULL),(2000014,1010,NULL,NULL,NULL),(2000014,1011,NULL,NULL,NULL),(2000014,1012,NULL,NULL,NULL),(2000014,1013,NULL,NULL,NULL),(2000014,100003,NULL,NULL,NULL),(2000015,26,NULL,NULL,NULL),(2000015,39,NULL,NULL,NULL),(2000015,40,NULL,NULL,NULL),(2000015,41,NULL,NULL,NULL),(2000015,42,NULL,NULL,NULL),(2000015,43,NULL,NULL,NULL),(2000015,44,NULL,NULL,NULL),(2000015,45,NULL,NULL,NULL),(2000015,1000,'EDTA-Blood-HI',NULL,NULL),(2000015,1001,'SUR/20/34343434',NULL,NULL),(2000015,1002,NULL,NULL,NULL),(2000015,1004,NULL,NULL,NULL),(2000015,1005,NULL,NULL,NULL),(2000015,1006,NULL,NULL,NULL),(2000015,1007,NULL,NULL,NULL),(2000015,1008,NULL,NULL,NULL),(2000015,1009,NULL,NULL,NULL),(2000015,1010,NULL,NULL,NULL),(2000015,1011,NULL,NULL,NULL),(2000015,1012,NULL,NULL,NULL),(2000015,1013,NULL,NULL,NULL),(2000015,100003,NULL,NULL,NULL),(2000016,26,NULL,NULL,NULL),(2000016,39,NULL,NULL,NULL),(2000016,40,NULL,NULL,NULL),(2000016,41,NULL,NULL,NULL),(2000016,42,NULL,NULL,NULL),(2000016,43,NULL,NULL,NULL),(2000016,44,NULL,NULL,NULL),(2000016,45,NULL,NULL,NULL),(2000016,1000,'EDTA-Blood-HI',NULL,NULL),(2000016,1001,'SUR/20/34343434',NULL,NULL),(2000016,1002,NULL,NULL,NULL),(2000016,1004,NULL,NULL,NULL),(2000016,1005,NULL,NULL,NULL),(2000016,1006,NULL,NULL,NULL),(2000016,1007,NULL,NULL,NULL),(2000016,1008,NULL,NULL,NULL),(2000016,1009,NULL,NULL,NULL),(2000016,1010,NULL,NULL,NULL),(2000016,1011,NULL,NULL,NULL),(2000016,1012,NULL,NULL,NULL),(2000016,1013,NULL,NULL,NULL),(2000016,100003,NULL,NULL,NULL),(2000017,26,NULL,NULL,NULL),(2000017,39,NULL,NULL,NULL),(2000017,40,NULL,NULL,NULL),(2000017,41,NULL,NULL,NULL),(2000017,42,NULL,NULL,NULL),(2000017,43,NULL,NULL,NULL),(2000017,44,NULL,NULL,NULL),(2000017,45,NULL,NULL,NULL),(2000017,1000,'EDTA-Blood-HI',NULL,NULL),(2000017,1001,'SUR/20/34343434',NULL,NULL),(2000017,1002,NULL,NULL,NULL),(2000017,1004,NULL,NULL,NULL),(2000017,1005,NULL,NULL,NULL),(2000017,1006,NULL,NULL,NULL),(2000017,1007,NULL,NULL,NULL),(2000017,1008,NULL,NULL,NULL),(2000017,1009,NULL,NULL,NULL),(2000017,1010,NULL,NULL,NULL),(2000017,1011,NULL,NULL,NULL),(2000017,1012,NULL,NULL,NULL),(2000017,1013,NULL,NULL,NULL),(2000017,100003,NULL,NULL,NULL),(2000018,26,NULL,NULL,NULL),(2000018,39,NULL,NULL,NULL),(2000018,40,NULL,NULL,NULL),(2000018,41,NULL,NULL,NULL),(2000018,42,NULL,NULL,NULL),(2000018,43,NULL,NULL,NULL),(2000018,44,NULL,NULL,NULL),(2000018,45,NULL,NULL,NULL),(2000018,1000,'EDTA-Blood-HI',NULL,NULL),(2000018,1001,'SUR/20/34343434',NULL,NULL),(2000018,1002,NULL,NULL,NULL),(2000018,1004,NULL,NULL,NULL),(2000018,1005,NULL,NULL,NULL),(2000018,1006,NULL,NULL,NULL),(2000018,1007,NULL,NULL,NULL),(2000018,1008,NULL,NULL,NULL),(2000018,1009,NULL,NULL,NULL),(2000018,1010,NULL,NULL,NULL),(2000018,1011,NULL,NULL,NULL),(2000018,1012,NULL,NULL,NULL),(2000018,1013,NULL,NULL,NULL),(2000018,100003,NULL,NULL,NULL),(2000019,26,NULL,NULL,NULL),(2000019,39,NULL,NULL,NULL),(2000019,40,NULL,NULL,NULL),(2000019,41,NULL,NULL,NULL),(2000019,42,NULL,NULL,NULL),(2000019,43,NULL,NULL,NULL),(2000019,44,NULL,NULL,NULL),(2000019,45,NULL,NULL,NULL),(2000019,1000,'EDTA-Blood-HI',NULL,NULL),(2000019,1001,'SUR/20/34343434',NULL,NULL),(2000019,1002,NULL,NULL,NULL),(2000019,1004,NULL,NULL,NULL),(2000019,1005,NULL,NULL,NULL),(2000019,1006,NULL,NULL,NULL),(2000019,1007,NULL,NULL,NULL),(2000019,1008,NULL,NULL,NULL),(2000019,1009,NULL,NULL,NULL),(2000019,1010,NULL,NULL,NULL),(2000019,1011,NULL,NULL,NULL),(2000019,1012,NULL,NULL,NULL),(2000019,1013,NULL,NULL,NULL),(2000019,100003,NULL,NULL,NULL),(2000020,26,NULL,NULL,NULL),(2000020,39,NULL,NULL,NULL),(2000020,40,NULL,NULL,NULL),(2000020,41,NULL,NULL,NULL),(2000020,42,NULL,NULL,NULL),(2000020,43,NULL,NULL,NULL),(2000020,44,NULL,NULL,NULL),(2000020,45,NULL,NULL,NULL),(2000020,1000,'EDTA-Blood-HI',NULL,NULL),(2000020,1001,'SUR/20/34343434',NULL,NULL),(2000020,1002,NULL,NULL,NULL),(2000020,1004,NULL,NULL,NULL),(2000020,1005,NULL,NULL,NULL),(2000020,1006,NULL,NULL,NULL),(2000020,1007,NULL,NULL,NULL),(2000020,1008,NULL,NULL,NULL),(2000020,1009,NULL,NULL,NULL),(2000020,1010,NULL,NULL,NULL),(2000020,1011,NULL,NULL,NULL),(2000020,1012,NULL,NULL,NULL),(2000020,1013,NULL,NULL,NULL),(2000020,100003,NULL,NULL,NULL),(2000021,26,NULL,NULL,NULL),(2000021,39,NULL,NULL,NULL),(2000021,40,NULL,NULL,NULL),(2000021,41,NULL,NULL,NULL),(2000021,42,NULL,NULL,NULL),(2000021,43,NULL,NULL,NULL),(2000021,44,NULL,NULL,NULL),(2000021,45,NULL,NULL,NULL),(2000021,1000,'EDTA-Blood-HI',NULL,NULL),(2000021,1001,'SUR/20/34343434',NULL,NULL),(2000021,1002,NULL,NULL,NULL),(2000021,1004,NULL,NULL,NULL),(2000021,1005,NULL,NULL,NULL),(2000021,1006,NULL,NULL,NULL),(2000021,1007,NULL,NULL,NULL),(2000021,1008,NULL,NULL,NULL),(2000021,1009,NULL,NULL,NULL),(2000021,1010,NULL,NULL,NULL),(2000021,1011,NULL,NULL,NULL),(2000021,1012,NULL,NULL,NULL),(2000021,1013,NULL,NULL,NULL),(2000021,100003,NULL,NULL,NULL),(2000022,26,NULL,NULL,NULL),(2000022,39,NULL,NULL,NULL),(2000022,40,NULL,NULL,NULL),(2000022,41,NULL,NULL,NULL),(2000022,42,NULL,NULL,NULL),(2000022,43,NULL,NULL,NULL),(2000022,44,NULL,NULL,NULL),(2000022,45,NULL,NULL,NULL),(2000022,1000,'EDTA-Blood-HI',NULL,NULL),(2000022,1001,'SUR/20/34343434',NULL,NULL),(2000022,1002,NULL,NULL,NULL),(2000022,1004,NULL,NULL,NULL),(2000022,1005,NULL,NULL,NULL),(2000022,1006,NULL,NULL,NULL),(2000022,1007,NULL,NULL,NULL),(2000022,1008,NULL,NULL,NULL),(2000022,1009,NULL,NULL,NULL),(2000022,1010,NULL,NULL,NULL),(2000022,1011,NULL,NULL,NULL),(2000022,1012,NULL,NULL,NULL),(2000022,1013,NULL,NULL,NULL),(2000022,100003,NULL,NULL,NULL),(2000023,26,NULL,NULL,NULL),(2000023,39,NULL,NULL,NULL),(2000023,40,NULL,NULL,NULL),(2000023,41,NULL,NULL,NULL),(2000023,42,NULL,NULL,NULL),(2000023,43,NULL,NULL,NULL),(2000023,44,NULL,NULL,NULL),(2000023,45,NULL,NULL,NULL),(2000023,1000,'EDTA-Blood-HI',NULL,NULL),(2000023,1001,'SUR/20/34343434',NULL,NULL),(2000023,1002,NULL,NULL,NULL),(2000023,1004,NULL,NULL,NULL),(2000023,1005,NULL,NULL,NULL),(2000023,1006,NULL,NULL,NULL),(2000023,1007,NULL,NULL,NULL),(2000023,1008,NULL,NULL,NULL),(2000023,1009,NULL,NULL,NULL),(2000023,1010,NULL,NULL,NULL),(2000023,1011,NULL,NULL,NULL),(2000023,1012,NULL,NULL,NULL),(2000023,1013,NULL,NULL,NULL),(2000023,100003,NULL,NULL,NULL),(2000024,26,NULL,NULL,NULL),(2000024,39,NULL,NULL,NULL),(2000024,40,NULL,NULL,NULL),(2000024,41,NULL,NULL,NULL),(2000024,42,NULL,NULL,NULL),(2000024,43,NULL,NULL,NULL),(2000024,44,NULL,NULL,NULL),(2000024,45,NULL,NULL,NULL),(2000024,1000,'EDTA-Blood-HI',NULL,NULL),(2000024,1001,'SUR/20/34343434',NULL,NULL),(2000024,1002,NULL,NULL,NULL),(2000024,1004,NULL,NULL,NULL),(2000024,1005,NULL,NULL,NULL),(2000024,1006,NULL,NULL,NULL),(2000024,1007,NULL,NULL,NULL),(2000024,1008,NULL,NULL,NULL),(2000024,1009,NULL,NULL,NULL),(2000024,1010,NULL,NULL,NULL),(2000024,1011,NULL,NULL,NULL),(2000024,1012,NULL,NULL,NULL),(2000024,1013,NULL,NULL,NULL),(2000024,100003,NULL,NULL,NULL),(2000025,1,NULL,NULL,NULL),(2000025,2,NULL,NULL,NULL),(2000025,3,NULL,NULL,NULL),(2000025,4,NULL,NULL,NULL),(2000025,5,NULL,NULL,NULL),(2000025,6,NULL,NULL,NULL),(2000025,7,NULL,NULL,NULL),(2000025,8,NULL,NULL,NULL),(2000025,9,NULL,NULL,NULL),(2000025,26,NULL,NULL,NULL),(2000025,1000,'EDTA-Blood-HI',NULL,NULL),(2000025,1001,'SUR/20/11111111',NULL,NULL),(2000025,1002,NULL,NULL,NULL),(2000025,1004,NULL,NULL,NULL),(2000025,1005,NULL,NULL,NULL),(2000025,1006,NULL,NULL,NULL),(2000025,1007,NULL,NULL,NULL),(2000025,1008,NULL,NULL,NULL),(2000025,1009,NULL,NULL,NULL),(2000025,1010,NULL,NULL,NULL),(2000025,1011,NULL,NULL,NULL),(2000025,1012,NULL,NULL,NULL),(2000025,1013,NULL,NULL,NULL),(2000025,100003,NULL,NULL,NULL),(2000026,1,NULL,NULL,NULL),(2000026,2,NULL,NULL,NULL),(2000026,3,NULL,NULL,NULL),(2000026,4,NULL,NULL,NULL),(2000026,5,NULL,NULL,NULL),(2000026,6,NULL,NULL,NULL),(2000026,7,NULL,NULL,NULL),(2000026,8,NULL,NULL,NULL),(2000026,9,NULL,NULL,NULL),(2000026,26,NULL,NULL,NULL),(2000026,1000,'EDTA-Blood-HI',NULL,NULL),(2000026,1001,'SUR/20/11111111',NULL,NULL),(2000026,1002,NULL,NULL,NULL),(2000026,1004,NULL,NULL,NULL),(2000026,1005,NULL,NULL,NULL),(2000026,1006,NULL,NULL,NULL),(2000026,1007,NULL,NULL,NULL),(2000026,1008,NULL,NULL,NULL),(2000026,1009,NULL,NULL,NULL),(2000026,1010,NULL,NULL,NULL),(2000026,1011,NULL,NULL,NULL),(2000026,1012,NULL,NULL,NULL),(2000026,1013,NULL,NULL,NULL),(2000026,100003,NULL,NULL,NULL),(2000027,1,NULL,NULL,NULL),(2000027,2,NULL,NULL,NULL),(2000027,3,NULL,NULL,NULL),(2000027,4,NULL,NULL,NULL),(2000027,5,NULL,NULL,NULL),(2000027,6,NULL,NULL,NULL),(2000027,7,NULL,NULL,NULL),(2000027,8,NULL,NULL,NULL),(2000027,9,NULL,NULL,NULL),(2000027,26,NULL,NULL,NULL),(2000027,1000,'EDTA-Blood-HI',NULL,NULL),(2000027,1001,'SUR/20/11111111',NULL,NULL),(2000027,1002,NULL,NULL,NULL),(2000027,1004,NULL,NULL,NULL),(2000027,1005,NULL,NULL,NULL),(2000027,1006,NULL,NULL,NULL),(2000027,1007,NULL,NULL,NULL),(2000027,1008,NULL,NULL,NULL),(2000027,1009,NULL,NULL,NULL),(2000027,1010,NULL,NULL,NULL),(2000027,1011,NULL,NULL,NULL),(2000027,1012,NULL,NULL,NULL),(2000027,1013,NULL,NULL,NULL),(2000027,100003,NULL,NULL,NULL),(2000028,1,NULL,NULL,NULL),(2000028,2,NULL,NULL,NULL),(2000028,3,NULL,NULL,NULL),(2000028,4,NULL,NULL,NULL),(2000028,5,NULL,NULL,NULL),(2000028,6,NULL,NULL,NULL),(2000028,7,NULL,NULL,NULL),(2000028,8,NULL,NULL,NULL),(2000028,9,NULL,NULL,NULL),(2000028,26,NULL,NULL,NULL),(2000028,1000,'EDTA-Blood-HI',NULL,NULL),(2000028,1001,'SUR/20/11111111',NULL,NULL),(2000028,1002,NULL,NULL,NULL),(2000028,1004,NULL,NULL,NULL),(2000028,1005,NULL,NULL,NULL),(2000028,1006,NULL,NULL,NULL),(2000028,1007,NULL,NULL,NULL),(2000028,1008,NULL,NULL,NULL),(2000028,1009,NULL,NULL,NULL),(2000028,1010,NULL,NULL,NULL),(2000028,1011,NULL,NULL,NULL),(2000028,1012,NULL,NULL,NULL),(2000028,1013,NULL,NULL,NULL),(2000028,100003,NULL,NULL,NULL),(2000029,1,NULL,NULL,NULL),(2000029,2,NULL,NULL,NULL),(2000029,3,NULL,NULL,NULL),(2000029,4,NULL,NULL,NULL),(2000029,5,NULL,NULL,NULL),(2000029,6,NULL,NULL,NULL),(2000029,7,NULL,NULL,NULL),(2000029,8,NULL,NULL,NULL),(2000029,9,NULL,NULL,NULL),(2000029,26,NULL,NULL,NULL),(2000029,1000,'EDTA-Blood-HI',NULL,NULL),(2000029,1001,'SUR/20/11111111',NULL,NULL),(2000029,1002,NULL,NULL,NULL),(2000029,1004,NULL,NULL,NULL),(2000029,1005,NULL,NULL,NULL),(2000029,1006,NULL,NULL,NULL),(2000029,1007,NULL,NULL,NULL),(2000029,1008,NULL,NULL,NULL),(2000029,1009,NULL,NULL,NULL),(2000029,1010,NULL,NULL,NULL),(2000029,1011,NULL,NULL,NULL),(2000029,1012,NULL,NULL,NULL),(2000029,1013,NULL,NULL,NULL),(2000029,100003,NULL,NULL,NULL),(2000030,1,NULL,NULL,NULL),(2000030,2,NULL,NULL,NULL),(2000030,3,NULL,NULL,NULL),(2000030,4,NULL,NULL,NULL),(2000030,5,NULL,NULL,NULL),(2000030,6,NULL,NULL,NULL),(2000030,7,NULL,NULL,NULL),(2000030,8,NULL,NULL,NULL),(2000030,9,NULL,NULL,NULL),(2000030,26,NULL,NULL,NULL),(2000030,1000,'EDTA-Blood-HI',NULL,NULL),(2000030,1001,'SUR/20/11111111',NULL,NULL),(2000030,1002,NULL,NULL,NULL),(2000030,1004,NULL,NULL,NULL),(2000030,1005,NULL,NULL,NULL),(2000030,1006,NULL,NULL,NULL),(2000030,1007,NULL,NULL,NULL),(2000030,1008,NULL,NULL,NULL),(2000030,1009,NULL,NULL,NULL),(2000030,1010,NULL,NULL,NULL),(2000030,1011,NULL,NULL,NULL),(2000030,1012,NULL,NULL,NULL),(2000030,1013,NULL,NULL,NULL),(2000030,100003,NULL,NULL,NULL),(2000031,1,NULL,NULL,NULL),(2000031,2,NULL,NULL,NULL),(2000031,3,NULL,NULL,NULL),(2000031,4,NULL,NULL,NULL),(2000031,5,NULL,NULL,NULL),(2000031,6,NULL,NULL,NULL),(2000031,7,NULL,NULL,NULL),(2000031,8,NULL,NULL,NULL),(2000031,9,NULL,NULL,NULL),(2000031,26,NULL,NULL,NULL),(2000031,1000,'EDTA-Blood-HI',NULL,NULL),(2000031,1001,'SUR/20/11111111',NULL,NULL),(2000031,1002,NULL,NULL,NULL),(2000031,1004,NULL,NULL,NULL),(2000031,1005,NULL,NULL,NULL),(2000031,1006,NULL,NULL,NULL),(2000031,1007,NULL,NULL,NULL),(2000031,1008,NULL,NULL,NULL),(2000031,1009,NULL,NULL,NULL),(2000031,1010,NULL,NULL,NULL),(2000031,1011,NULL,NULL,NULL),(2000031,1012,NULL,NULL,NULL),(2000031,1013,NULL,NULL,NULL),(2000031,100003,NULL,NULL,NULL),(2000032,1,NULL,NULL,NULL),(2000032,2,NULL,NULL,NULL),(2000032,3,NULL,NULL,NULL),(2000032,4,NULL,NULL,NULL),(2000032,5,NULL,NULL,NULL),(2000032,6,NULL,NULL,NULL),(2000032,7,NULL,NULL,NULL),(2000032,8,NULL,NULL,NULL),(2000032,9,NULL,NULL,NULL),(2000032,26,NULL,NULL,NULL),(2000032,1000,'EDTA-Blood-HI',NULL,NULL),(2000032,1001,'SUR/20/11111111',NULL,NULL),(2000032,1002,NULL,NULL,NULL),(2000032,1004,NULL,NULL,NULL),(2000032,1005,NULL,NULL,NULL),(2000032,1006,NULL,NULL,NULL),(2000032,1007,NULL,NULL,NULL),(2000032,1008,NULL,NULL,NULL),(2000032,1009,NULL,NULL,NULL),(2000032,1010,NULL,NULL,NULL),(2000032,1011,NULL,NULL,NULL),(2000032,1012,NULL,NULL,NULL),(2000032,1013,NULL,NULL,NULL),(2000032,100003,NULL,NULL,NULL),(2000033,1,NULL,NULL,NULL),(2000033,2,NULL,NULL,NULL),(2000033,3,NULL,NULL,NULL),(2000033,4,NULL,NULL,NULL),(2000033,5,NULL,NULL,NULL),(2000033,6,NULL,NULL,NULL),(2000033,7,NULL,NULL,NULL),(2000033,8,NULL,NULL,NULL),(2000033,9,NULL,NULL,NULL),(2000033,26,NULL,NULL,NULL),(2000033,1000,'EDTA-Blood-HI',NULL,NULL),(2000033,1001,'SUR/20/11111111',NULL,NULL),(2000033,1002,NULL,NULL,NULL),(2000033,1004,NULL,NULL,NULL),(2000033,1005,NULL,NULL,NULL),(2000033,1006,NULL,NULL,NULL),(2000033,1007,NULL,NULL,NULL),(2000033,1008,NULL,NULL,NULL),(2000033,1009,NULL,NULL,NULL),(2000033,1010,NULL,NULL,NULL),(2000033,1011,NULL,NULL,NULL),(2000033,1012,NULL,NULL,NULL),(2000033,1013,NULL,NULL,NULL),(2000033,1014,'Shailesh (2020-01-19 21:11)','2020-01-19 21:11:35',1),(2000033,100003,NULL,NULL,NULL),(2000035,1,NULL,NULL,NULL),(2000035,2,NULL,NULL,NULL),(2000035,3,NULL,NULL,NULL),(2000035,4,NULL,NULL,NULL),(2000035,5,NULL,NULL,NULL),(2000035,6,NULL,NULL,NULL),(2000035,7,NULL,NULL,NULL),(2000035,8,NULL,NULL,NULL),(2000035,9,NULL,NULL,NULL),(2000035,26,NULL,NULL,NULL),(2000035,1000,'EDTA-Blood-HI',NULL,NULL),(2000035,1001,'SUR/20/11111111',NULL,NULL),(2000035,1002,NULL,NULL,NULL),(2000035,1004,NULL,NULL,NULL),(2000035,1005,NULL,NULL,NULL),(2000035,1006,NULL,NULL,NULL),(2000035,1007,NULL,NULL,NULL),(2000035,1008,NULL,NULL,NULL),(2000035,1009,NULL,NULL,NULL),(2000035,1010,NULL,NULL,NULL),(2000035,1011,NULL,NULL,NULL),(2000035,1012,NULL,NULL,NULL),(2000035,1013,NULL,NULL,NULL),(2000035,100003,NULL,NULL,NULL),(2000036,1,NULL,NULL,NULL),(2000036,2,NULL,NULL,NULL),(2000036,3,NULL,NULL,NULL),(2000036,4,NULL,NULL,NULL),(2000036,5,NULL,NULL,NULL),(2000036,6,NULL,NULL,NULL),(2000036,7,NULL,NULL,NULL),(2000036,8,NULL,NULL,NULL),(2000036,9,NULL,NULL,NULL),(2000036,26,NULL,NULL,NULL),(2000036,1000,'EDTA-Blood-HI',NULL,NULL),(2000036,1001,'SUR/20/11111111',NULL,NULL),(2000036,1002,NULL,NULL,NULL),(2000036,1004,NULL,NULL,NULL),(2000036,1005,NULL,NULL,NULL),(2000036,1006,NULL,NULL,NULL),(2000036,1007,NULL,NULL,NULL),(2000036,1008,NULL,NULL,NULL),(2000036,1009,NULL,NULL,NULL),(2000036,1010,NULL,NULL,NULL),(2000036,1011,NULL,NULL,NULL),(2000036,1012,NULL,NULL,NULL),(2000036,1013,NULL,NULL,NULL),(2000036,100003,NULL,NULL,NULL),(2000037,1,NULL,NULL,NULL),(2000037,2,NULL,NULL,NULL),(2000037,3,NULL,NULL,NULL),(2000037,4,NULL,NULL,NULL),(2000037,5,NULL,NULL,NULL),(2000037,6,NULL,NULL,NULL),(2000037,7,NULL,NULL,NULL),(2000037,8,NULL,NULL,NULL),(2000037,9,NULL,NULL,NULL),(2000037,26,NULL,NULL,NULL),(2000037,1000,'EDTA-Blood-HI',NULL,NULL),(2000037,1001,'SUR/20/11111111',NULL,NULL),(2000037,1002,NULL,NULL,NULL),(2000037,1004,NULL,NULL,NULL),(2000037,1005,NULL,NULL,NULL),(2000037,1006,NULL,NULL,NULL),(2000037,1007,NULL,NULL,NULL),(2000037,1008,NULL,NULL,NULL),(2000037,1009,NULL,NULL,NULL),(2000037,1010,NULL,NULL,NULL),(2000037,1011,NULL,NULL,NULL),(2000037,1012,NULL,NULL,NULL),(2000037,1013,NULL,NULL,NULL),(2000037,100003,NULL,NULL,NULL),(2000039,1,NULL,NULL,NULL),(2000039,2,NULL,NULL,NULL),(2000039,3,NULL,NULL,NULL),(2000039,4,NULL,NULL,NULL),(2000039,5,NULL,NULL,NULL),(2000039,6,NULL,NULL,NULL),(2000039,7,NULL,NULL,NULL),(2000039,8,NULL,NULL,NULL),(2000039,9,NULL,NULL,NULL),(2000039,26,NULL,NULL,NULL),(2000039,46,'$ex_id==$GLOBALS[\'mrd\']\n$ex_id==$GLOBALS[\'mrd\']\n$ex_id==$GLOBALS[\'mrd\']','2020-01-18 01:23:16',1),(2000039,47,NULL,NULL,NULL),(2000039,1000,'EDTA-Blood-HI',NULL,NULL),(2000039,1001,'SUR/20/11111111',NULL,NULL),(2000039,1002,NULL,NULL,NULL),(2000039,1004,'TBChest','2020-01-18 01:22:42',1),(2000039,1005,'7','2020-01-18 01:22:43',1),(2000039,1006,NULL,NULL,NULL),(2000039,1007,NULL,NULL,NULL),(2000039,1008,'M','2020-01-18 01:22:41',1),(2000039,1009,NULL,NULL,NULL),(2000039,1010,NULL,NULL,NULL),(2000039,1011,NULL,NULL,NULL),(2000039,1012,'2020-01-06','2020-01-18 01:22:38',1),(2000039,1013,NULL,NULL,NULL),(2000039,100003,NULL,NULL,NULL),(2000041,26,NULL,NULL,NULL),(2000041,39,NULL,NULL,NULL),(2000041,40,NULL,NULL,NULL),(2000041,41,NULL,NULL,NULL),(2000041,42,NULL,NULL,NULL),(2000041,43,NULL,NULL,NULL),(2000041,44,NULL,NULL,NULL),(2000041,45,NULL,NULL,NULL),(2000041,1000,'EDTA-Blood-HI',NULL,NULL),(2000041,1002,NULL,NULL,NULL),(2000041,1004,NULL,NULL,NULL),(2000041,1005,NULL,NULL,NULL),(2000041,1006,NULL,NULL,NULL),(2000041,1007,NULL,NULL,NULL),(2000041,1008,NULL,NULL,NULL),(2000041,1009,NULL,NULL,NULL),(2000041,1010,NULL,NULL,NULL),(2000041,1011,NULL,NULL,NULL),(2000041,1012,NULL,NULL,NULL),(2000041,1013,NULL,NULL,NULL),(2000042,26,NULL,NULL,NULL),(2000042,39,NULL,NULL,NULL),(2000042,40,NULL,NULL,NULL),(2000042,41,NULL,NULL,NULL),(2000042,42,NULL,NULL,NULL),(2000042,43,NULL,NULL,NULL),(2000042,44,NULL,NULL,NULL),(2000042,45,NULL,NULL,NULL),(2000042,1000,'EDTA-Blood-HI',NULL,NULL),(2000042,1002,NULL,NULL,NULL),(2000042,1004,NULL,NULL,NULL),(2000042,1005,NULL,NULL,NULL),(2000042,1006,NULL,NULL,NULL),(2000042,1007,NULL,NULL,NULL),(2000042,1008,NULL,NULL,NULL),(2000042,1009,NULL,NULL,NULL),(2000042,1010,NULL,NULL,NULL),(2000042,1011,NULL,NULL,NULL),(2000042,1012,NULL,NULL,NULL),(2000042,1013,'Haematology and Clinical Pathology OPD-10 New Civil Hospital Surat Ph: 216-2244456 Ext: 424 425 426','2020-01-18 22:51:04',1),(2000043,1000,'EDTA-Blood-HI',NULL,NULL),(2000044,26,NULL,NULL,NULL),(2000044,39,NULL,NULL,NULL),(2000044,40,NULL,NULL,NULL),(2000044,41,NULL,NULL,NULL),(2000044,42,NULL,NULL,NULL),(2000044,43,NULL,NULL,NULL),(2000044,44,NULL,NULL,NULL),(2000044,45,NULL,NULL,NULL),(2000044,1000,'EDTA-Blood-HI',NULL,NULL),(2000044,1001,'SUR/20/55554444',NULL,NULL),(2000044,1002,NULL,NULL,NULL),(2000044,1004,NULL,NULL,NULL),(2000044,1005,NULL,NULL,NULL),(2000044,1007,NULL,NULL,NULL),(2000044,1008,NULL,NULL,NULL),(2000044,1009,NULL,NULL,NULL),(2000044,1010,NULL,NULL,NULL),(2000044,1011,'2011-11-11T11:11','2020-01-19 12:55:23',1),(2000044,1012,NULL,NULL,NULL),(2000044,1013,NULL,NULL,NULL),(2000044,100003,NULL,NULL,NULL),(2000045,1000,'EDTA-Blood-HI',NULL,NULL),(2000045,1001,'SUR/20/12121212',NULL,NULL),(2000045,100003,NULL,NULL,NULL),(2000046,1,NULL,NULL,NULL),(2000046,2,NULL,NULL,NULL),(2000046,3,NULL,NULL,NULL),(2000046,4,NULL,NULL,NULL),(2000046,5,NULL,NULL,NULL),(2000046,6,NULL,NULL,NULL),(2000046,7,NULL,NULL,NULL),(2000046,8,NULL,NULL,NULL),(2000046,9,NULL,NULL,NULL),(2000046,26,NULL,NULL,NULL),(2000046,39,NULL,NULL,NULL),(2000046,40,NULL,NULL,NULL),(2000046,41,NULL,NULL,NULL),(2000046,42,NULL,NULL,NULL),(2000046,43,NULL,NULL,NULL),(2000046,44,NULL,NULL,NULL),(2000046,45,NULL,NULL,NULL),(2000046,46,NULL,NULL,NULL),(2000046,47,NULL,NULL,NULL),(2000046,1000,'EDTA-Blood-HI','2020-01-19 21:41:50',2),(2000046,1001,'SUR/20/11447799','2020-01-19 21:41:50',2),(2000046,1002,NULL,NULL,NULL),(2000046,1004,NULL,NULL,NULL),(2000046,1005,NULL,NULL,NULL),(2000046,1006,NULL,NULL,NULL),(2000046,1007,NULL,NULL,NULL),(2000046,1008,NULL,NULL,NULL),(2000046,1009,NULL,NULL,NULL),(2000046,1010,NULL,NULL,NULL),(2000046,1011,NULL,NULL,NULL),(2000046,1012,NULL,NULL,NULL),(2000046,1013,NULL,NULL,NULL),(2000046,1014,NULL,NULL,NULL),(2000047,1,'20077','2020-01-19 22:07:43',2),(2000047,2,'4.278','2020-01-19 22:05:30',2),(2000047,3,'1.01','2020-01-19 22:11:50',2),(2000047,4,'34.02','2020-01-19 22:44:07',2),(2000047,5,NULL,NULL,NULL),(2000047,6,NULL,NULL,NULL),(2000047,7,NULL,NULL,NULL),(2000047,8,NULL,NULL,NULL),(2000047,9,NULL,NULL,NULL),(2000047,26,NULL,NULL,NULL),(2000047,39,NULL,NULL,NULL),(2000047,40,NULL,NULL,NULL),(2000047,41,NULL,NULL,NULL),(2000047,42,NULL,NULL,NULL),(2000047,43,NULL,NULL,NULL),(2000047,44,NULL,NULL,NULL),(2000047,45,NULL,NULL,NULL),(2000047,46,NULL,NULL,NULL),(2000047,47,NULL,NULL,NULL),(2000047,1000,'EDTA-Blood-HI','2020-01-19 21:42:33',2),(2000047,1001,'SUR/20/11447799','2020-01-19 21:42:33',2),(2000047,1002,NULL,NULL,NULL),(2000047,1004,NULL,NULL,NULL),(2000047,1005,NULL,NULL,NULL),(2000047,1006,NULL,NULL,NULL),(2000047,1007,NULL,NULL,NULL),(2000047,1008,NULL,NULL,NULL),(2000047,1009,NULL,NULL,NULL),(2000047,1010,NULL,NULL,NULL),(2000047,1011,NULL,NULL,NULL),(2000047,1012,NULL,NULL,NULL),(2000047,1013,NULL,NULL,NULL),(2000047,1014,NULL,NULL,NULL),(6000000,1000,'Plain-Blood-MI',NULL,NULL),(6000001,1000,'Plain-Blood-MI',NULL,NULL),(6000002,1000,'Plain-Blood-MI',NULL,NULL),(6000003,1000,'Plain-Blood-MI',NULL,NULL),(6000004,1000,'Plain-Blood-MI',NULL,NULL),(6000005,1000,'Plain-Blood-MI',NULL,NULL),(6000006,26,NULL,NULL,NULL),(6000006,404,NULL,NULL,NULL),(6000006,1000,'Plain-Blood-MI',NULL,NULL),(6000006,1001,NULL,NULL,NULL),(6000006,1002,NULL,NULL,NULL),(6000006,1004,NULL,NULL,NULL),(6000006,1005,NULL,NULL,NULL),(6000006,1006,NULL,NULL,NULL),(6000006,1007,NULL,NULL,NULL),(6000006,1008,NULL,NULL,NULL),(6000006,1009,NULL,NULL,NULL),(6000006,1010,NULL,NULL,NULL),(6000006,1011,NULL,NULL,NULL),(6000006,1012,NULL,NULL,NULL),(6000006,1013,NULL,NULL,NULL),(6000006,100003,NULL,NULL,NULL),(6000007,26,NULL,NULL,NULL),(6000007,404,NULL,NULL,NULL),(6000007,1000,'Plain-Blood-MI',NULL,NULL),(6000007,1001,NULL,NULL,NULL),(6000007,1002,NULL,NULL,NULL),(6000007,1004,NULL,NULL,NULL),(6000007,1005,NULL,NULL,NULL),(6000007,1006,NULL,NULL,NULL),(6000007,1007,NULL,NULL,NULL),(6000007,1008,NULL,NULL,NULL),(6000007,1009,NULL,NULL,NULL),(6000007,1010,NULL,NULL,NULL),(6000007,1011,NULL,NULL,NULL),(6000007,1012,NULL,NULL,NULL),(6000007,1013,NULL,NULL,NULL),(6000007,100003,NULL,NULL,NULL),(6000008,26,NULL,NULL,NULL),(6000008,404,NULL,NULL,NULL),(6000008,1000,'Plain-Blood-MI',NULL,NULL),(6000008,1001,NULL,NULL,NULL),(6000008,1002,NULL,NULL,NULL),(6000008,1004,NULL,NULL,NULL),(6000008,1005,NULL,NULL,NULL),(6000008,1006,NULL,NULL,NULL),(6000008,1007,NULL,NULL,NULL),(6000008,1008,NULL,NULL,NULL),(6000008,1009,NULL,NULL,NULL),(6000008,1010,NULL,NULL,NULL),(6000008,1011,NULL,NULL,NULL),(6000008,1012,NULL,NULL,NULL),(6000008,1013,NULL,NULL,NULL),(6000008,100003,NULL,NULL,NULL),(6000009,26,NULL,NULL,NULL),(6000009,404,NULL,NULL,NULL),(6000009,1000,'Plain-Blood-MI',NULL,NULL),(6000009,1001,NULL,NULL,NULL),(6000009,1002,NULL,NULL,NULL),(6000009,1004,NULL,NULL,NULL),(6000009,1005,NULL,NULL,NULL),(6000009,1006,NULL,NULL,NULL),(6000009,1007,NULL,NULL,NULL),(6000009,1008,NULL,NULL,NULL),(6000009,1009,NULL,NULL,NULL),(6000009,1010,NULL,NULL,NULL),(6000009,1011,NULL,NULL,NULL),(6000009,1012,NULL,NULL,NULL),(6000009,1013,NULL,NULL,NULL),(6000009,100003,NULL,NULL,NULL),(6000010,26,NULL,NULL,NULL),(6000010,404,NULL,NULL,NULL),(6000010,1000,'Plain-Blood-MI',NULL,NULL),(6000010,1001,NULL,NULL,NULL),(6000010,1002,NULL,NULL,NULL),(6000010,1004,NULL,NULL,NULL),(6000010,1005,NULL,NULL,NULL),(6000010,1006,NULL,NULL,NULL),(6000010,1007,NULL,NULL,NULL),(6000010,1008,NULL,NULL,NULL),(6000010,1009,NULL,NULL,NULL),(6000010,1010,NULL,NULL,NULL),(6000010,1011,NULL,NULL,NULL),(6000010,1012,NULL,NULL,NULL),(6000010,1013,NULL,NULL,NULL),(6000010,100003,NULL,NULL,NULL),(6000011,26,NULL,NULL,NULL),(6000011,404,NULL,NULL,NULL),(6000011,1000,'Plain-Blood-MI',NULL,NULL),(6000011,1001,NULL,NULL,NULL),(6000011,1002,NULL,NULL,NULL),(6000011,1004,NULL,NULL,NULL),(6000011,1005,NULL,NULL,NULL),(6000011,1006,NULL,NULL,NULL),(6000011,1007,NULL,NULL,NULL),(6000011,1008,NULL,NULL,NULL),(6000011,1009,NULL,NULL,NULL),(6000011,1010,NULL,NULL,NULL),(6000011,1011,NULL,NULL,NULL),(6000011,1012,NULL,NULL,NULL),(6000011,1013,NULL,NULL,NULL),(6000011,100003,NULL,NULL,NULL),(6000012,26,NULL,NULL,NULL),(6000012,404,NULL,NULL,NULL),(6000012,1000,'Plain-Blood-MI',NULL,NULL),(6000012,1001,'SUR/20/34343434',NULL,NULL),(6000012,1002,NULL,NULL,NULL),(6000012,1004,NULL,NULL,NULL),(6000012,1005,NULL,NULL,NULL),(6000012,1006,NULL,NULL,NULL),(6000012,1007,NULL,NULL,NULL),(6000012,1008,NULL,NULL,NULL),(6000012,1009,NULL,NULL,NULL),(6000012,1010,NULL,NULL,NULL),(6000012,1011,NULL,NULL,NULL),(6000012,1012,NULL,NULL,NULL),(6000012,1013,NULL,NULL,NULL),(6000012,100003,NULL,NULL,NULL),(6000013,26,NULL,NULL,NULL),(6000013,404,NULL,NULL,NULL),(6000013,1000,'Plain-Blood-MI',NULL,NULL),(6000013,1001,'SUR/20/34343434',NULL,NULL),(6000013,1002,NULL,NULL,NULL),(6000013,1004,NULL,NULL,NULL),(6000013,1005,NULL,NULL,NULL),(6000013,1006,NULL,NULL,NULL),(6000013,1007,NULL,NULL,NULL),(6000013,1008,NULL,NULL,NULL),(6000013,1009,NULL,NULL,NULL),(6000013,1010,NULL,NULL,NULL),(6000013,1011,NULL,NULL,NULL),(6000013,1012,NULL,NULL,NULL),(6000013,1013,NULL,NULL,NULL),(6000013,100003,NULL,NULL,NULL),(6000014,26,NULL,NULL,NULL),(6000014,404,NULL,NULL,NULL),(6000014,1000,'Plain-Blood-MI',NULL,NULL),(6000014,1001,'SUR/20/34343434',NULL,NULL),(6000014,1002,NULL,NULL,NULL),(6000014,1004,NULL,NULL,NULL),(6000014,1005,NULL,NULL,NULL),(6000014,1006,NULL,NULL,NULL),(6000014,1007,NULL,NULL,NULL),(6000014,1008,NULL,NULL,NULL),(6000014,1009,NULL,NULL,NULL),(6000014,1010,NULL,NULL,NULL),(6000014,1011,NULL,NULL,NULL),(6000014,1012,NULL,NULL,NULL),(6000014,1013,NULL,NULL,NULL),(6000014,100003,NULL,NULL,NULL),(6000015,26,NULL,NULL,NULL),(6000015,404,NULL,NULL,NULL),(6000015,1000,'Plain-Blood-MI',NULL,NULL),(6000015,1001,'SUR/20/34343434',NULL,NULL),(6000015,1002,NULL,NULL,NULL),(6000015,1004,NULL,NULL,NULL),(6000015,1005,NULL,NULL,NULL),(6000015,1006,NULL,NULL,NULL),(6000015,1007,NULL,NULL,NULL),(6000015,1008,NULL,NULL,NULL),(6000015,1009,NULL,NULL,NULL),(6000015,1010,NULL,NULL,NULL),(6000015,1011,NULL,NULL,NULL),(6000015,1012,NULL,NULL,NULL),(6000015,1013,NULL,NULL,NULL),(6000015,100003,NULL,NULL,NULL),(6000016,26,NULL,NULL,NULL),(6000016,404,NULL,NULL,NULL),(6000016,1000,'Plain-Blood-MI',NULL,NULL),(6000016,1001,'SUR/20/34343434',NULL,NULL),(6000016,1002,NULL,NULL,NULL),(6000016,1004,NULL,NULL,NULL),(6000016,1005,NULL,NULL,NULL),(6000016,1006,NULL,NULL,NULL),(6000016,1007,NULL,NULL,NULL),(6000016,1008,NULL,NULL,NULL),(6000016,1009,NULL,NULL,NULL),(6000016,1010,NULL,NULL,NULL),(6000016,1011,NULL,NULL,NULL),(6000016,1012,NULL,NULL,NULL),(6000016,1013,NULL,NULL,NULL),(6000016,100003,NULL,NULL,NULL),(6000017,26,NULL,NULL,NULL),(6000017,404,NULL,NULL,NULL),(6000017,1000,'Plain-Blood-MI',NULL,NULL),(6000017,1001,'SUR/20/34343434',NULL,NULL),(6000017,1002,NULL,NULL,NULL),(6000017,1004,NULL,NULL,NULL),(6000017,1005,NULL,NULL,NULL),(6000017,1006,NULL,NULL,NULL),(6000017,1007,NULL,NULL,NULL),(6000017,1008,NULL,NULL,NULL),(6000017,1009,NULL,NULL,NULL),(6000017,1010,NULL,NULL,NULL),(6000017,1011,NULL,NULL,NULL),(6000017,1012,NULL,NULL,NULL),(6000017,1013,NULL,NULL,NULL),(6000017,100003,NULL,NULL,NULL),(6000018,26,NULL,NULL,NULL),(6000018,404,NULL,NULL,NULL),(6000018,1000,'Plain-Blood-MI',NULL,NULL),(6000018,1001,'SUR/20/34343434',NULL,NULL),(6000018,1002,NULL,NULL,NULL),(6000018,1004,NULL,NULL,NULL),(6000018,1005,NULL,NULL,NULL),(6000018,1006,NULL,NULL,NULL),(6000018,1007,NULL,NULL,NULL),(6000018,1008,NULL,NULL,NULL),(6000018,1009,NULL,NULL,NULL),(6000018,1010,NULL,NULL,NULL),(6000018,1011,NULL,NULL,NULL),(6000018,1012,NULL,NULL,NULL),(6000018,1013,NULL,NULL,NULL),(6000018,100003,NULL,NULL,NULL),(6000019,26,NULL,NULL,NULL),(6000019,404,NULL,NULL,NULL),(6000019,1000,'Plain-Blood-MI',NULL,NULL),(6000019,1001,'SUR/20/34343434',NULL,NULL),(6000019,1002,NULL,NULL,NULL),(6000019,1004,NULL,NULL,NULL),(6000019,1005,NULL,NULL,NULL),(6000019,1006,NULL,NULL,NULL),(6000019,1007,NULL,NULL,NULL),(6000019,1008,NULL,NULL,NULL),(6000019,1009,NULL,NULL,NULL),(6000019,1010,NULL,NULL,NULL),(6000019,1011,NULL,NULL,NULL),(6000019,1012,NULL,NULL,NULL),(6000019,1013,NULL,NULL,NULL),(6000019,100003,NULL,NULL,NULL),(6000020,26,NULL,NULL,NULL),(6000020,404,NULL,NULL,NULL),(6000020,1000,'Plain-Blood-MI',NULL,NULL),(6000020,1001,'SUR/20/34343434',NULL,NULL),(6000020,1002,NULL,NULL,NULL),(6000020,1004,NULL,NULL,NULL),(6000020,1005,NULL,NULL,NULL),(6000020,1006,NULL,NULL,NULL),(6000020,1007,NULL,NULL,NULL),(6000020,1008,NULL,NULL,NULL),(6000020,1009,NULL,NULL,NULL),(6000020,1010,NULL,NULL,NULL),(6000020,1011,NULL,NULL,NULL),(6000020,1012,NULL,NULL,NULL),(6000020,1013,NULL,NULL,NULL),(6000020,100003,NULL,NULL,NULL),(6000021,26,NULL,NULL,NULL),(6000021,404,NULL,NULL,NULL),(6000021,1000,'Plain-Blood-MI',NULL,NULL),(6000021,1001,'SUR/20/34343434',NULL,NULL),(6000021,1002,NULL,NULL,NULL),(6000021,1004,NULL,NULL,NULL),(6000021,1005,NULL,NULL,NULL),(6000021,1006,NULL,NULL,NULL),(6000021,1007,NULL,NULL,NULL),(6000021,1008,NULL,NULL,NULL),(6000021,1009,NULL,NULL,NULL),(6000021,1010,NULL,NULL,NULL),(6000021,1011,NULL,NULL,NULL),(6000021,1012,NULL,NULL,NULL),(6000021,1013,NULL,NULL,NULL),(6000021,100003,NULL,NULL,NULL),(6000022,26,NULL,NULL,NULL),(6000022,404,NULL,NULL,NULL),(6000022,1000,'Plain-Blood-MI',NULL,NULL),(6000022,1001,'SUR/20/34343434',NULL,NULL),(6000022,1002,NULL,NULL,NULL),(6000022,1004,NULL,NULL,NULL),(6000022,1005,NULL,NULL,NULL),(6000022,1006,NULL,NULL,NULL),(6000022,1007,NULL,NULL,NULL),(6000022,1008,NULL,NULL,NULL),(6000022,1009,NULL,NULL,NULL),(6000022,1010,NULL,NULL,NULL),(6000022,1011,NULL,NULL,NULL),(6000022,1012,NULL,NULL,NULL),(6000022,1013,NULL,NULL,NULL),(6000022,100003,NULL,NULL,NULL),(6000023,26,NULL,NULL,NULL),(6000023,404,NULL,NULL,NULL),(6000023,1000,'Plain-Blood-MI',NULL,NULL),(6000023,1001,'SUR/20/34343434',NULL,NULL),(6000023,1002,NULL,NULL,NULL),(6000023,1004,NULL,NULL,NULL),(6000023,1005,NULL,NULL,NULL),(6000023,1006,NULL,NULL,NULL),(6000023,1007,NULL,NULL,NULL),(6000023,1008,NULL,NULL,NULL),(6000023,1009,NULL,NULL,NULL),(6000023,1010,NULL,NULL,NULL),(6000023,1011,NULL,NULL,NULL),(6000023,1012,NULL,NULL,NULL),(6000023,1013,NULL,NULL,NULL),(6000023,100003,NULL,NULL,NULL),(6000024,1,NULL,NULL,NULL),(6000024,4,NULL,NULL,NULL),(6000024,5,NULL,NULL,NULL),(6000024,6,NULL,NULL,NULL),(6000024,7,NULL,NULL,NULL),(6000024,8,NULL,NULL,NULL),(6000024,9,NULL,NULL,NULL),(6000024,26,NULL,NULL,NULL),(6000024,39,NULL,NULL,NULL),(6000024,40,NULL,NULL,NULL),(6000024,41,NULL,NULL,NULL),(6000024,42,NULL,NULL,NULL),(6000024,43,NULL,NULL,NULL),(6000024,44,NULL,NULL,NULL),(6000024,45,NULL,NULL,NULL),(6000024,46,NULL,NULL,NULL),(6000024,47,NULL,NULL,NULL),(6000024,301,NULL,NULL,NULL),(6000024,302,NULL,NULL,NULL),(6000024,303,NULL,NULL,NULL),(6000024,304,NULL,NULL,NULL),(6000024,305,NULL,NULL,NULL),(6000024,306,NULL,NULL,NULL),(6000024,307,NULL,NULL,NULL),(6000024,308,NULL,NULL,NULL),(6000024,309,NULL,NULL,NULL),(6000024,310,NULL,NULL,NULL),(6000024,311,NULL,NULL,NULL),(6000024,312,NULL,NULL,NULL),(6000024,313,NULL,NULL,NULL),(6000024,314,NULL,NULL,NULL),(6000024,315,NULL,NULL,NULL),(6000024,316,NULL,NULL,NULL),(6000024,404,NULL,NULL,NULL),(6000024,1000,'Plain-Blood-MI',NULL,NULL),(6000024,1001,'SUR/20/34343434',NULL,NULL),(6000024,1002,NULL,NULL,NULL),(6000024,1004,NULL,NULL,NULL),(6000024,1005,NULL,NULL,NULL),(6000024,1006,NULL,NULL,NULL),(6000024,1007,NULL,NULL,NULL),(6000024,1008,NULL,NULL,NULL),(6000024,1009,NULL,NULL,NULL),(6000024,1010,NULL,NULL,NULL),(6000024,1011,NULL,NULL,NULL),(6000024,1012,NULL,NULL,NULL),(6000024,1013,NULL,NULL,NULL),(6000024,100003,NULL,NULL,NULL);
/*!40000 ALTER TABLE `result` ENABLE KEYS */;
UNLOCK TABLES;

--
-- Table structure for table `result_blob`
--

DROP TABLE IF EXISTS `result_blob`;
/*!40101 SET @saved_cs_client     = @@character_set_client */;
/*!40101 SET character_set_client = utf8 */;
CREATE TABLE `result_blob` (
  `sample_id` bigint(20) NOT NULL,
  `examination_id` int(11) NOT NULL,
  `result` mediumblob DEFAULT NULL,
  `fname` varchar(100) DEFAULT NULL,
  PRIMARY KEY (`sample_id`,`examination_id`),
  KEY `examination_id` (`examination_id`)
) ENGINE=InnoDB DEFAULT CHARSET=utf8mb4 ROW_FORMAT=COMPACT;
/*!40101 SET character_set_client = @saved_cs_client */;

--
-- Dumping data for table `result_blob`
--

LOCK TABLES `result_blob` WRITE;
/*!40000 ALTER TABLE `result_blob` DISABLE KEYS */;
INSERT INTO `result_blob` VALUES (5,100003,NULL,NULL),(15,100003,NULL,NULL),(1000029,100003,NULL,NULL),(1000030,100003,NULL,NULL),(1000031,100003,NULL,NULL),(1000032,100003,NULL,NULL),(1000033,100003,NULL,NULL),(1000034,100003,NULL,NULL),(2000039,100001,'PNG\r\n\Z\n\0\0\0\rIHDR\0\0\0\0\0\0\0\0\0X\0\0\0bKGD\0\0\0\0\0\0	pHYs\0\0.#\0\0.#x?v\0\0\0tIME	RT_4\0\0\0tEXtComment\0Created with GIMPW\0\0IDATx{pTǿMvl6!	IH< -C;<DZVRZ0VZPZ:*#F#AtH !!Af7nnIvɓd{s?$  $! BA PB(!\nB!B(!dB\"{~>O{K|/\"6ݖ1#Rʑ0LT CWjj\0\0\0p/0\ZSFH@X0~,(I\"+?߉iUlqrcAV h:\Z+E,[V-An!\\dg`H\\O[<߸~	|hB!\ZeA\'8XM7y7%%1{ɰzuV=ϟbD\'Z8}	|cFqO;P\0\'ʑԩ*de\"\rh\\.f|mކs(,t!>>IIRLDzz(LDDb`F>܄3gw㦛P`(LBPPϳ}G_X,N8ш#GL((9\'22d>=*L52pr@cr`JϿ=\n	gG[Uwy6U`+-u!\0LPQXDEҊc/xuxh4]gnb͚+(-.@ڵ\n<LFUFL\\Y.+KFBBǪUQP +?i`ʕxqӢEؿiieϫGJ񦛚\\ݮSYiŝ6j{1үLYIf3F^ \0So G{mkP_ox;}G_WY:ўjENN	L&&&Vhh׻b0;KEW͛#pt\Z\'ȄݞaQ?;$X_~Yi<S)j7ߌhjJә	3K\ZJKq(<@HArr\'JѨJAKK:Z[3P]}b$矻i%/CX\0\0زEqXlNɓcqr{^4@VC\0t+\n^w׮rѺWwZnw	=e5\ZpLcLvaZ:qqzgYQ/Gu&;fQ:ӲCMK.[Ot\r%GAaT*wNSCXPN}}k/\\0b@zŉ7?4iRxlY~xFD?ɖUV\n8pe6,\'F`⑽|=A^$\'wB޵kl@8v{t9QdX.V;bnz9zɰvIIaNZzۭoL_ۊczop;MIA\"LJK[x/kք曣]/=]kG_̝+ży1ݖPC7 Nvh\rX[d $Xnl\'euuNDж\'OsG>kF(+k]0+oI.\\99jn\0AgePҫi޼<;~_D͛0f2+I|2}\Z6Lk:C\0ɂ_h-nrʯrG_,c$COh$غu$f\r\rUn&ɌӰhn;dfF`|)>ߞ~ڂ{cj|sT*qj9{QQr̘G_ǭm&u\nc#TZFq*+{햖\'RHŋ<ނ;Wٳàфc$]cLK 88oJZ}@%MQcp|Sϟu820O\'믷`TWj؞#$SKc[;rr:سFWfxDF$a_q=L`DE##Clέ\0:cG\n\ninLP]+ bH}6+WLj-˳vږ\n1bI	mm\"wccg3\'w{3/{5]LN܀&gȑ\n,X^HFii:JKCEZ7R^\n\nIR\\}L\"\ZXy=P=._=\Z3F=)/o}˃ybixTWǽٛS8|G3F<)m{]}0đR)Oǈ2%o	sȑ\n<8ڌg$&ӥEEG3أُd\0-zHqBƎŝwz{giDC}@HW+Wz67.Lt\Zʃ1=׶ 2<\"~f\Z}theK9΁K\nF֨Q=u(R<=[7?~	?w[=^lv=A\0`(G6nܹ]Fc\Z8}+hn/06_~YO?qD&_}U?n{b«ȊU]lxq/B<4J%xv\']Axq=ۛӟ,3ŋͰZp8nX,N\\Ԍcke(~V٦V|s%f(Ν8~UU6XN\\nEEfu	/\'A~?#F`ǎXQ6kR|A._nwpʕ|I\rfͺcxq%rs~\'28Y*14СZ46:z}%\0U76oM4\'c^{f2W)7V=4	v튇Z;ϝݻ[=/M~UkR_Fı?/͞8\0;n_@W{;k|NRccؾ}<>h(qr<8\nw5P/$7Á/~X{#::7S&ۑ\rAff$}Ԁ[>oĔ)V*eXd4͋AAAtf69qկ$\'K(Dz\nqq]7nLڵ-jŋWjk]rB L%LQ#!!OҍAA~{,N__^o$`23UcxHTU6q.ыg=h		@! Q#d pN PB(!\nB!BA!\nB!BA PB(!\nB PB(!\nB!BA \nB!BA PB(!\nB!PB(!\nB!BA PB!BA PB(!\nB!B(!\nB!>\nDQ):~slYBA PB\'2`\nA0Aa28n4I3N؁j74\ZRSɓ#0bD5_[ۊǍ8rČ3g0\ZLtfώDj\nAA9vŉ\'\Zq	v;DFӧ\";[iӢ JfC\0!\0:ϊZ^(w_h~T*won-|Iuݏ>z^0ZA/~ÆN뮨hա;-Ee, #uBZ}[g߆\Zbus\Z%۲f3|y|L˻|]u٭[[__@}}k}55\nBz99%~3 Cc`xC$Xip82Q_?ƂRO;XkfͤZ?˗Sښ=55ϏAZqc9vϏ!#,j-jŒ3fs\ZN{9\'!֍2Īk4\ZBﴼrsϋ_U	qqO?&,Xp𦯆X?:&tihVn0@^?$22ω>\'GSgO?5[ΝqHHXm^LǬRɰn]w:]XC^yY/dݮ)ǆ\rrC9͉W^1InUxeU`\\)͋\\F\Z\Z7uu.]z6\nr1cTm᯾2w(SVfEQE޷y%99jY.w(=˅-dSZ*\nnD99\n[t\n?11_bvƎN\r7TU;!+{E-*`6;/NrsQ[j!zEA:&	 \rhHi9~F#{q`)MQC Cnc\nXVw\Zxl6\n2U}\"/,̻\\]dr(~m<]](m`zI\'c\\	,uyTTrGOZρGكP$))T|uxmP˖B&_)Zpkeel \n2$$c{7F9qBA#,\nO=v/~\r}o\\eR*exIgWlYURbSO@dY Fԋ,[fv~nnv.B46*{?ĴyiJTTt>Ԫm#a( ::;v,ص.^l%h:sOm=x Qص`V̙%ط6n8n8p\n)B~=Dn\rOw_ӺVk\ZJh|wQU&\0.X*6%u{|ѢؾݎܫUV\n?{87wc&oOMLׇZ:]<OmY\nxhlޜIjU<\r|!0ø)=Db<dN8ށ*7d0!*deT*w̙Qjpga2	2E%fώ	*ϗCm }Da~0\Z6qÇGc֬X\0t:\'!AɠP\\֭%Kde`8=[:z60{B8I44ti0mK\0a:B^~Y <M`hAq6օ*Ξu!>>IIR ++\'G`p\ZN	 PB(!BA PB(!\nB!BA \nB!BA PB(!\nB PB(!\nB!BA PB!BA PB(!\nB!PB(!\nB!BA PB(!#p	[la:\0\0\0\0IENDB`','resident_login.png'),(2000041,100003,NULL,NULL),(2000042,100003,NULL,NULL),(2000046,100001,NULL,NULL),(2000046,100003,NULL,NULL),(2000047,100001,'PNG\r\n\Z\n\0\0\0\rIHDR\0\0\0\0\0\0\0\0\0X\0\0\0bKGD\0\0\0\0\0\0	pHYs\0\0.#\0\0.#x?v\0\0\0tIME	44C}\0\0\0tEXtComment\0Created with GIMPW\0\0[IDATx{pTǿw_<H #\Z2bT\n*C(đNmA00@,RIF#(\r*H*!ewlv7w=ㆄuwC%3{~=s/DBB\"b`BA PB(!\nB!BA!\nB!BA PB(!t$o$ٱy]{Τ fN$3lӦUcZs;utqCA:ǎ	lڤa<?΅:I7$;\0!\Zި_4\0|2>9}z2Hԩ=x\'RUB~f<L\nf2\0}rILݪ&	\'azEENg={\Z\\\Z\'*V7dwXpm񈏏<?Gg5\Zd\r71fW]e\n~؏|kԧȱc>lCi\n\03ƈ㐕ߢ6-W(.Nq	S/JJؿ__q	\'Z1r5܉~ƿ{@DwJ\\իEě|t7\rM;|X+2Ň5kRuCBk\04\0*\0/dWT;x0mZ\rw+U<T\0K͞máaZ]\Z8`2*\r#;v`َy=	&<`Hr8}/M(&**gj`3gV@@k,WYh<ga[8PM|8^{z7߬MoxM\\Z*DM*wc\Z`!Xx[n2YA(z{.Nٔkޮ[ݝV(&{Z\061gNuH	1|yд^&}㥥t+V8[Uh(&.\0x7Œ|_TV8Q/[Z҂t RuظQ_.̙YyyzڬYIOާzfUs|T\0%%=z\099	}w\r\\=m\\322a-	99ku.)ȎZȋxwbR&H8t(	Æ\n\0`dӣfi%%jko%KUU\nr~G5\"99ٞ\\̐!˦x}ɓ-:\ZvF\0lۦo_;\0 Ӽ\rq/:F	W_mFqq[ƌ~\0~*׿6c(n!.j 	SKFFe16l\0Į-RDB^M6o#;ۀ^A?	ॗ~TV=a25\0ε:v+~}س\'5k8v,\0 \0@F~#r\'\ZԶٹm!]|zn__B/(*\n}wsϙC7s!UWp}I˻_\0\0<CYY^NץYXtA.&-̈́+p8\'zyYn!>ހ0sf2֭ӗteeznwx\Z\n\n\"/mi-]I>wx<@~~S$#Â9s(/l wg֭33-?^\rl_}|G%$&J!LAIS\'8}Z\r`$̘Gn\'O!\Z4Mcl6Æ\r.|xm<x\r]ϧuuA#ЗVF[\\g8mFMM tu3(ڎĂ9lAСV,^Ŋ*zZ I@\'c\\7,QdM[ãW-*yďeB#0\'#/ږX0lXƎdd8C-V\'	gJĊuXBԩ>	aN3|ػW\nN9Ҁ:Ԅ#,8x믏Ñ#~|e_~ɓ_o7pV\\w]\\+wN>~*\rӂ[oM@~~-mIIDa]:+-0!BA PB(!\nB!PB(!\nB!BA PB(!BA PB(!\nB!B(!\nB!BA PB(!BA PrAؼzQB!Lɘ>\'!sSU\\xjl=8reAӚ/?!+ˁ,/2TU4nUzu$Ɏz(]2~c80f?ѣ>XώxC\0>,ZU\n#.̘9w+U,ZG\rb`,[PEvvOAokZp|*T7\\^(-M@>*ظVOF9l\nj\ZjkmXZv)>|񅆲$ݽ(q|*V\0\0rrU$=*|y=\0 /ς9sRn(GƍKDA>;TU)!e-\07cʔHM5hz4bҤ$lߞzv\nn1IILM??\'9$TT((*\0S!Iyn13f+C|	E*fddÎ[,rrg9cs\0x!zI0~gMK3g71!))pX}!˧xSߞZcҌ\r3uvV].H߾͗\r	d4ie ]H-\\R)H%%E˛_z5HaeϜi~[N6ip8o~맗}]Od	|>[KA:)L?\n\nybF	2j5رl6H\"cǸ Iҥ\0yXME0\Zvq}\05VYҥԩ^Q[Ng۷{0qN ѣQX\0=ۏ&կq|=V6++6\0߇+hGjj\r&Mb\"KP#;;	q(-b.Gj̔p&gňV\"LI9҇B/>H_FygnJb\"!\\^h\Z0eJ5nɸ8v\nX\0V\r!b2\n*o`$=E+9d\\buC\rs4Kf,Z\'#tYNž}^958g?3[L89\' PB(!\nB!PB(!\nB!BA PB!BA PB(!\nB!B(!\nB!BA PB(!ri޽2~Z$!Iv:`\ndec\ntsdGNNuϽnd{Mܑ`Ȋ|z\0|xX=ߤС8*Ν|0)@@_RA(B̬\0;\\x5Wcի IvC`Jk<؎{q`:9⃦E_RRF9pZDEE5dYÎ̛Ww{ذ`)]2~Z3ƁwQ_X\'$;x\0^oHJ\ZV۶hYY\Z()׫O[Ҟ:.%Vk8>ٳk曡7hw \'V^.PT\0/hQJfb\\\'+)QlYOFzO<QmBȏmxT\Z;`)aZ],[PEvvRqӧqhF*^yEŔ)>Y4S\'mio;с|_\06ѧ-jU	&F{֔1ڵNq\"TU.WPzD>zښ5f?v]:$4QQ3gV&&NtiGq4iq.\0lWZ;v`َfv-vQV&;(E+!6VW`[k~hBQ>x\Z̙\"Z=>hK{~h _}KWMLߠyyΰBI@9+[QoL6p:հ<8&EA_o!51qC\06QZi &$|ymz5_g>U)e&};^QHN)\n1c=t(:77׌}a` s!%%|	5h.X$7׌Y,rrg϶g*ΚV	\0>ߪE[bUN\ZFR\0\0=d@ޑH0~g!C= K<IIMeg@z~mm׭odӣ__?SCLj|bіXձӽi\r=zDvkm>8NK36Fwc,fu+Mt\0hӢ]\Zm\Z7liކ=)h\'mU K$<|r1`^^\nM֍P.Ċƅ5ݮ_s\rT}{!ZCԽxi#unsd͛ȲvYu\'e/Hf&EA1^lܨ?AFvA8-c9F[x:$j$ؾ: &K\0~6`p5-Ϝ׬Dbdd\Z&\0ΜQ\"blxqf#7׉\'e\rZcs6lp%lO[>HoѣQXDNg1{v>f<Xr/\rرgHwߥ+߂d̝ƒ%\n,Q=uli?tYA\0 ;;	q(-b.Gj̔p&gňiIJ2 ?\'\neڥ!\r;(+a^*8uJ`H0`PF`@ˏֱ֞5Z$!Dg~t\nB!BA \nB!BA PB(!\nB!PB(!\nB!BA PB(!BA PB(!\nB!B(!\nB!BALTD\0\0\0\0IENDB`','resident_login_internet.png'),(6000024,100001,NULL,NULL),(6000024,100003,NULL,NULL);
/*!40000 ALTER TABLE `result_blob` ENABLE KEYS */;
UNLOCK TABLES;

--
-- Table structure for table `sample_id_strategy`
--

DROP TABLE IF EXISTS `sample_id_strategy`;
/*!40101 SET @saved_cs_client     = @@character_set_client */;
/*!40101 SET character_set_client = utf8 */;
CREATE TABLE `sample_id_strategy` (
  `sample_requirement` varchar(300) COLLATE utf8_bin NOT NULL,
  `lowest_id` bigint(20) NOT NULL,
  `highest_id` bigint(20) NOT NULL,
  `description` varchar(500) COLLATE utf8_bin NOT NULL,
  PRIMARY KEY (`sample_requirement`)
) ENGINE=InnoDB DEFAULT CHARSET=utf8 COLLATE=utf8_bin;
/*!40101 SET character_set_client = @saved_cs_client */;

--
-- Dumping data for table `sample_id_strategy`
--

LOCK TABLES `sample_id_strategy` WRITE;
/*!40000 ALTER TABLE `sample_id_strategy` DISABLE KEYS */;
INSERT INTO `sample_id_strategy` VALUES ('Citrate-Blood-HI',2000000,2999999,'Haematology'),('EDTA-Blood-HI',2000000,2999999,'Haematology'),('Fluoride-Blood-BI',1000000,1499999,'Biochemistry'),('Plain-Blood-BI',1000000,1499999,'Biochemistry'),('Plain-Blood-MI',6000000,6999999,'Microbiology'),('Plain-CSF-BI',1000000,1499999,'Biochemistry');
/*!40000 ALTER TABLE `sample_id_strategy` ENABLE KEYS */;
UNLOCK TABLES;

--
-- Table structure for table `user`
--

DROP TABLE IF EXISTS `user`;
/*!40101 SET @saved_cs_client     = @@character_set_client */;
/*!40101 SET character_set_client = utf8 */;
CREATE TABLE `user` (
  `user` int(11) NOT NULL,
  `name` varchar(100) NOT NULL,
  `password` varchar(1000) NOT NULL,
  `expirydate` date NOT NULL,
  `authorization` varchar(300) NOT NULL,
  PRIMARY KEY (`user`)
) ENGINE=InnoDB DEFAULT CHARSET=utf8mb4;
/*!40101 SET character_set_client = @saved_cs_client */;

--
-- Dumping data for table `user`
--

LOCK TABLES `user` WRITE;
/*!40000 ALTER TABLE `user` DISABLE KEYS */;
INSERT INTO `user` VALUES (1,'Shailesh','$2y$10$rK6tUXxwZc0a07pu8YiQx.lXJLCevgepyiVt4kS391BwcPOqvmiNu','2020-06-18','view,insert,edit,delete,lock,unlock'),(2,'Mr Viresh','$2y$10$X9f1GsthoV6TdBG4nRNy6OSk52jVMF6k04MWxSmKnASZIs7gZ1doy','2020-07-19','');
/*!40000 ALTER TABLE `user` ENABLE KEYS */;
UNLOCK TABLES;
/*!40103 SET TIME_ZONE=@OLD_TIME_ZONE */;

/*!40101 SET SQL_MODE=@OLD_SQL_MODE */;
/*!40014 SET FOREIGN_KEY_CHECKS=@OLD_FOREIGN_KEY_CHECKS */;
/*!40014 SET UNIQUE_CHECKS=@OLD_UNIQUE_CHECKS */;
/*!40101 SET CHARACTER_SET_CLIENT=@OLD_CHARACTER_SET_CLIENT */;
/*!40101 SET CHARACTER_SET_RESULTS=@OLD_CHARACTER_SET_RESULTS */;
/*!40101 SET COLLATION_CONNECTION=@OLD_COLLATION_CONNECTION */;
/*!40111 SET SQL_NOTES=@OLD_SQL_NOTES */;

-- Dump completed on 2020-01-20  0:10:09
