-- MySQL dump 10.17  Distrib 10.3.18-MariaDB, for debian-linux-gnu (x86_64)
--
-- Host: localhost    Database: cl_general
-- ------------------------------------------------------
-- Server version	10.3.18-MariaDB-0+deb10u1

/*!40101 SET @OLD_CHARACTER_SET_CLIENT=@@CHARACTER_SET_CLIENT */;
/*!40101 SET @OLD_CHARACTER_SET_RESULTS=@@CHARACTER_SET_RESULTS */;
/*!40101 SET @OLD_COLLATION_CONNECTION=@@COLLATION_CONNECTION */;
/*!40101 SET NAMES utf8mb4 */;
/*!40103 SET @OLD_TIME_ZONE=@@TIME_ZONE */;
/*!40103 SET TIME_ZONE='+00:00' */;
/*!40014 SET @OLD_UNIQUE_CHECKS=@@UNIQUE_CHECKS, UNIQUE_CHECKS=0 */;
/*!40014 SET @OLD_FOREIGN_KEY_CHECKS=@@FOREIGN_KEY_CHECKS, FOREIGN_KEY_CHECKS=0 */;
/*!40101 SET @OLD_SQL_MODE=@@SQL_MODE, SQL_MODE='NO_AUTO_VALUE_ON_ZERO' */;
/*!40111 SET @OLD_SQL_NOTES=@@SQL_NOTES, SQL_NOTES=0 */;

--
-- Table structure for table `examination`
--

DROP TABLE IF EXISTS `examination`;
/*!40101 SET @saved_cs_client     = @@character_set_client */;
/*!40101 SET character_set_client = utf8 */;
CREATE TABLE `examination` (
  `examination_id` int(11) NOT NULL AUTO_INCREMENT,
  `name` varchar(50) COLLATE utf8_bin NOT NULL,
  `sample_requirement` varchar(100) COLLATE utf8_bin DEFAULT 'NULL',
  `edit_specification` varchar(1000) COLLATE utf8_bin NOT NULL,
  `description` varchar(300) COLLATE utf8_bin DEFAULT NULL,
  PRIMARY KEY (`examination_id`)
) ENGINE=InnoDB AUTO_INCREMENT=100009 DEFAULT CHARSET=utf8 COLLATE=utf8_bin;
/*!40101 SET character_set_client = @saved_cs_client */;

--
-- Dumping data for table `examination`
--

LOCK TABLES `examination` WRITE;
/*!40000 ALTER TABLE `examination` DISABLE KEYS */;
INSERT INTO `examination` VALUES (1,'WBC','EDTA-Blood-HI','{\"type\":\"text\",\"help\":\"4000-10000, /cmm (Impedence)\",\"interval\":\"100-1000-4000-11000-20000-200000\"}','None'),(2,'RBC','EDTA-Blood-HI','{\"type\":\"text\",\"help\":\"Describe\"}','None'),(3,'Hemoglobin','EDTA-Blood-HI','{\"type\":\"text\",\"help\":\"Describe\"}','None'),(4,'Hematocrit','EDTA-Blood-HI','{\"type\":\"text\",\"help\":\"Describe\"}','None'),(5,'MCV','EDTA-Blood-HI','{\"type\":\"text\",\"help\":\"Describe\"}','None'),(6,'MCH','EDTA-Blood-HI','{\"type\":\"text\",\"help\":\"Describe\"}','None'),(7,'MCHC','EDTA-Blood-HI','{\"type\":\"text\",\"help\":\"Describe\"}','None'),(8,'RDW','EDTA-Blood-HI','{\"type\":\"text\",\"help\":\"Describe\"}','None'),(9,'Platelet','EDTA-Blood-HI','{\"type\":\"text\",\"help\":\"Describe\"}','None'),(13,'Lymphocyte%','EDTA-Blood-HI','{\"type\":\"text\",\"help\":\"Describe\"}','None'),(14,'Monocyte%','EDTA-Blood-HI','{\"type\":\"text\",\"help\":\"Describe\"}','None'),(15,'Granulocyte%','EDTA-Blood-HI','{\"type\":\"text\",\"help\":\"Describe\"}','None'),(19,'RDW Graph','EDTA-Blood-HI','{\"type\":\"text\",\"help\":\"Describe\"}','None'),(20,'WBC Graph','EDTA-Blood-HI','{\"type\":\"text\",\"help\":\"Describe\"}','None'),(21,'Platelet Graph','EDTA-Blood-HI','{\"type\":\"text\",\"help\":\"Describe\"}','None'),(26,'Sample_Report_Time','none','{\"type\":\"datetime-local\"}',NULL),(39,'Neutrophils (Microscopy)','EDTA-Blood-HI','',NULL),(40,'Lymphocytes (Microscopy)','EDTA-Blood-HI','',NULL),(41,'Eosinophils (Microscopy)','EDTA-Blood-HI','',NULL),(42,'Monocytes (Microscopy)','EDTA-Blood-HI','',NULL),(43,'Basophils (Microscopy)','EDTA-Blood-HI','',NULL),(44,'NRBCs','EDTA-Blood-HI','',NULL),(45,'Platelets on smear','EDTA-Blood-HI','',NULL),(46,'Malarial Parasites (Microscopy)','EDTA-Blood-HI','{\"type\":\"text\",\"help\":\"Describe\"}','None'),(47,'Malarial Parasites (Rapid)','EDTA-Blood-HI','{\"type\":\"text\",\"help\":\"Describe\"}','None'),(101,'Peripheral Smear Examination','EDTA-Blood-HI','{\"type\":\"text\",\"help\":\"Describe\"}','None'),(102,'Reticulocyte Count','EDTA-Blood-HI','{\"type\":\"text\",\"help\":\"Describe\"}','None'),(201,'Prothrombin Time','Citrate-Blood-HI','{\"type\":\"text\",\"help\":\"Describe\"}','None'),(202,'Activated Partial Thromboplastin Time','Citrate-Blood-HI','{\"type\":\"text\",\"help\":\"Describe\"}','None'),(301,'Glucose','Fluoride-Blood-BI','{\"type\":\"text\",\"help\":\"Describe\"}','None'),(302,'Glucose','Plain-CSF-BI','{\"type\":\"text\",\"help\":\"Describe\"}','None'),(303,'Creatinine','Plain-Blood-BI','{\"type\":\"text\",\"help\":\"Describe\"}','None'),(304,'Total Bilirubin','Plain-Blood-BI','{\"type\":\"text\",\"help\":\"Describe\"}','None'),(305,'Indirect Bilirubin','Plain-Blood-BI','{\"type\":\"text\",\"help\":\"Describe\"}','None'),(404,'HBsAg','Plain-Blood-MI','{\"type\":\"text\",\"help\":\"Describe\"}','None'),(1000,'sample_requirement','None','{\"type\":\"text\",\"help\":\"Describe\"}','None'),(1001,'MRD','None','{\"type\":\"text\",\"help\":\"Describe\"}','None'),(1002,'Name','None','{\"type\":\"text\",\"help\":\"Describe\"}','None'),(1003,'request_id','None','{\"type\":\"text\",\"help\":\"Describe\"}','None'),(1004,'department','None','{\"type\":\"select\",\"option\":\",ART,Dentistry,EmergencyMedicine,ENT,Medicine,OG,Opthalmology,Orthopaedics,Paediatrics,PlasticSurgery,Psychiatry,Skin,Surgery,TBChest,Unspecified\"}','None'),(1005,'unit','None','{\"type\":\"select\",\"option\":\",1,2,3,4,5,6,7,8,A,B\"}','None'),(1006,'ow_no','None','{\"type\":\"text\",\"help\":\"Describe\"}','None'),(1007,'Age','NULL','{\"type\":\"number\",\"help\":\"in years\"',NULL),(1008,'Sex','NULL','{\"type\":\"select\",\"option\":\",M,F,O\"}',NULL),(1009,'Sample_Collection_Time','None','{\"type\":\"datetime-local\"}',NULL),(1010,'Sample_Receipt_Time','None','{\"type\":\"datetime-local\"}',NULL),(1011,'Request_Entry_time','None','{\"type\":\"datetime-local\"}',NULL),(1012,'DOB','None','{\"type\":\"date\"}',NULL),(100001,'Peripheral Smear Image','EDTA-Blood-HI','{\"type\":\"text\",\"help\":\"Describe\"}','None'),(100002,'Protein Electrophorogram Image','Plain-Blood-BI','{\"type\":\"text\",\"help\":\"Describe\"}','None'),(100003,'Patient Photo','None','',NULL);
/*!40000 ALTER TABLE `examination` ENABLE KEYS */;
UNLOCK TABLES;

--
-- Table structure for table `primary_result`
--

DROP TABLE IF EXISTS `primary_result`;
/*!40101 SET @saved_cs_client     = @@character_set_client */;
/*!40101 SET character_set_client = utf8 */;
CREATE TABLE `primary_result` (
  `sample_id` bigint(20) NOT NULL,
  `examination_id` int(11) NOT NULL,
  `result` varchar(5000) NOT NULL,
  `uniq` varchar(100) NOT NULL,
  PRIMARY KEY (`sample_id`,`examination_id`,`uniq`)
) ENGINE=InnoDB DEFAULT CHARSET=utf8mb4;
/*!40101 SET character_set_client = @saved_cs_client */;

--
-- Dumping data for table `primary_result`
--

LOCK TABLES `primary_result` WRITE;
/*!40000 ALTER TABLE `primary_result` DISABLE KEYS */;
INSERT INTO `primary_result` VALUES (7,1,'000.2 l','28/11/19 16h51mn00s'),(7,1,'000.3 l','28/11/20 16h51mn00s'),(7,1,'32','28/12/19 16h51mn00s'),(7,2,'40','28/11/19 16h51mn00s'),(7,2,'00.02 l','28/11/20 16h51mn00s'),(7,2,'43','28/12/19 16h51mn00s'),(7,3,'45','28/11/19 16h51mn00s'),(7,3,'000.0 l','28/11/20 16h51mn00s'),(7,3,'56','28/12/19 16h51mn00s'),(7,4,'000.1 l','28/11/19 16h51mn00s'),(7,4,'000.1 l','28/11/20 16h51mn00s'),(7,4,'000.1 l','28/12/19 16h51mn00s'),(7,5,'00000 l','28/11/19 16h51mn00s'),(7,5,'00000 l','28/11/20 16h51mn00s'),(7,5,'00000 l','28/12/19 16h51mn00s'),(7,6,'000.0 l','28/11/19 16h51mn00s'),(7,6,'000.0 l','28/11/20 16h51mn00s'),(7,6,'000.0 l','28/12/19 16h51mn00s'),(7,7,'000.0 l','28/11/19 16h51mn00s'),(7,7,'000.0 l','28/11/20 16h51mn00s'),(7,7,'000.0 l','28/12/19 16h51mn00s'),(7,8,'000.0 l','28/11/19 16h51mn00s'),(7,8,'000.0 l','28/11/20 16h51mn00s'),(7,8,'000.0 l','28/12/19 16h51mn00s'),(7,9,'00043 l','28/11/19 16h51mn00s'),(7,9,'00043 l','28/11/20 16h51mn00s'),(7,9,'00043 l','28/12/19 16h51mn00s'),(7,10,'006.8  ','28/11/19 16h51mn00s'),(7,10,'006.8  ','28/11/20 16h51mn00s'),(7,10,'006.8  ','28/12/19 16h51mn00s'),(7,11,' .029 l','28/11/19 16h51mn00s'),(7,11,' .029 l','28/11/20 16h51mn00s'),(7,11,' .029 l','28/12/19 16h51mn00s'),(7,12,'006.3 l','28/11/19 16h51mn00s'),(7,12,'006.3 l','28/11/20 16h51mn00s'),(7,12,'006.3 l','28/12/19 16h51mn00s'),(7,13,'088.2 h','28/11/19 16h51mn00s'),(7,13,'088.2 h','28/11/20 16h51mn00s'),(7,13,'088.2 h','28/12/19 16h51mn00s'),(7,14,'009.0  ','28/11/19 16h51mn00s'),(7,14,'009.0  ','28/11/20 16h51mn00s'),(7,14,'009.0  ','28/12/19 16h51mn00s'),(7,15,'002.8 l','28/11/19 16h51mn00s'),(7,15,'002.8 l','28/11/20 16h51mn00s'),(7,15,'002.8 l','28/12/19 16h51mn00s'),(7,16,'000.1 l','28/11/19 16h51mn00s'),(7,16,'000.1 l','28/11/20 16h51mn00s'),(7,16,'000.1 l','28/12/19 16h51mn00s'),(7,17,'000.0 l','28/11/19 16h51mn00s'),(7,17,'000.0 l','28/11/20 16h51mn00s'),(7,17,'000.0 l','28/12/19 16h51mn00s'),(7,18,'000.1 l','28/11/19 16h51mn00s'),(7,18,'000.1 l','28/11/20 16h51mn00s'),(7,18,'000.1 l','28/12/19 16h51mn00s'),(7,19,'                                                                                                                                ','28/11/19 16h51mn00s'),(7,19,'                                                                                                                                ','28/11/20 16h51mn00s'),(7,19,'                                                                                                                                ','28/12/19 16h51mn00s'),(7,20,'      H…ÖÿÿêÖ™™…q\\H\\\\H444HHH444                                                                                                H','28/11/19 16h51mn00s'),(7,20,'      H…ÖÿÿêÖ™™…q\\H\\\\H444HHH444                                                                                                H','28/11/20 16h51mn00s'),(7,20,'      H…ÖÿÿêÖ™™…q\\H\\\\H444HHH444                                                                                                H','28/12/19 16h51mn00s'),(7,21,'        !3L_[QJJH><373731--++\'%!%%)\'))++)\'!!#%)))%\'%#!#\'%%!%%# !#!   ##%#%%%%!!!##%%#!  !##!     !!!  !##!!     !!#!!  !!!   !#%','28/11/19 16h51mn00s'),(7,21,'        !3L_[QJJH><373731--++\'%!%%)\'))++)\'!!#%)))%\'%#!#\'%%!%%# !#!   ##%#%%%%!!!##%%#!  !##!     !!!  !##!!     !!#!!  !!!   !#%','28/11/20 16h51mn00s'),(7,21,'        !3L_[QJJH><373731--++\'%!%%)\'))++)\'!!#%)))%\'%#!#\'%%!%%# !#!   ##%#%%%%!!!##%%#!  !##!     !!!  !##!!     !!#!!  !!!   !#%','28/12/19 16h51mn00s'),(7,22,'RESULT  ','28/11/19 16h51mn00s'),(7,22,'RESULT  ','28/11/20 16h51mn00s'),(7,22,'RESULT  ','28/12/19 16h51mn00s'),(7,25,'31','28/11/19 16h51mn00s'),(7,25,'31','28/11/20 16h51mn00s'),(7,25,'31','28/12/19 16h51mn00s'),(7,26,'28/11/19 16h51mn00s','28/11/19 16h51mn00s'),(7,26,'28/11/20 16h51mn00s','28/11/20 16h51mn00s'),(7,26,'28/12/19 16h51mn00s','28/12/19 16h51mn00s'),(7,27,'0003','28/11/19 16h51mn00s'),(7,27,'0003','28/11/20 16h51mn00s'),(7,27,'0003','28/12/19 16h51mn00s'),(7,28,'M','28/11/19 16h51mn00s'),(7,28,'M','28/11/20 16h51mn00s'),(7,28,'M','28/12/19 16h51mn00s'),(7,29,'0000000000000003','28/11/19 16h51mn00s'),(7,29,'0000000000000003','28/11/20 16h51mn00s'),(7,29,'0000000000000003','28/12/19 16h51mn00s'),(7,30,'7300                          ','28/11/19 16h51mn00s'),(7,30,'6                          ','28/11/20 16h51mn00s'),(7,30,'7300                          ','28/12/19 16h51mn00s'),(7,31,'D','28/11/19 16h51mn00s'),(7,31,'D','28/11/20 16h51mn00s'),(7,31,'D','28/12/19 16h51mn00s'),(7,32,'      ','28/11/19 16h51mn00s'),(7,32,'      ','28/11/20 16h51mn00s'),(7,32,'      ','28/12/19 16h51mn00s'),(7,33,'105','28/11/19 16h51mn00s'),(7,33,'105','28/11/20 16h51mn00s'),(7,33,'105','28/12/19 16h51mn00s'),(7,34,'        G2G3','28/11/19 16h51mn00s'),(7,34,'        G2G3','28/11/20 16h51mn00s'),(7,34,'        G2G3','28/12/19 16h51mn00s'),(7,35,'000 000 000 024 033','28/11/19 16h51mn00s'),(7,35,'000 000 000 024 033','28/11/20 16h51mn00s'),(7,35,'000 000 000 024 033','28/12/19 16h51mn00s'),(7,36,'MICROS60','28/11/19 16h51mn00s'),(7,36,'MICROS60','28/11/20 16h51mn00s'),(7,36,'MICROS60','28/12/19 16h51mn00s'),(7,37,'V2.8 ','28/11/19 16h51mn00s'),(7,37,'V2.8 ','28/11/20 16h51mn00s'),(7,37,'V2.8 ','28/12/19 16h51mn00s'),(7,38,'828E','28/11/19 16h51mn00s'),(7,38,'828E','28/11/20 16h51mn00s'),(7,38,'828E','28/12/19 16h51mn00s');
/*!40000 ALTER TABLE `primary_result` ENABLE KEYS */;
UNLOCK TABLES;

--
-- Table structure for table `primary_result_e`
--

DROP TABLE IF EXISTS `primary_result_e`;
/*!40101 SET @saved_cs_client     = @@character_set_client */;
/*!40101 SET character_set_client = utf8 */;
CREATE TABLE `primary_result_e` (
  `sample_id` bigint(20) NOT NULL,
  `examination_id` int(11) NOT NULL,
  `uniq` varchar(100) NOT NULL,
  `result` varchar(5000) DEFAULT NULL,
  PRIMARY KEY (`sample_id`,`examination_id`,`uniq`)
) ENGINE=InnoDB DEFAULT CHARSET=utf8mb4 ROW_FORMAT=COMPACT;
/*!40101 SET character_set_client = @saved_cs_client */;

--
-- Dumping data for table `primary_result_e`
--

LOCK TABLES `primary_result_e` WRITE;
/*!40000 ALTER TABLE `primary_result_e` DISABLE KEYS */;
/*!40000 ALTER TABLE `primary_result_e` ENABLE KEYS */;
UNLOCK TABLES;

--
-- Table structure for table `profile`
--

DROP TABLE IF EXISTS `profile`;
/*!40101 SET @saved_cs_client     = @@character_set_client */;
/*!40101 SET character_set_client = utf8 */;
CREATE TABLE `profile` (
  `profile_id` int(11) NOT NULL,
  `name` varchar(50) NOT NULL,
  `examination_id_list` varchar(500) NOT NULL,
  PRIMARY KEY (`profile_id`)
) ENGINE=InnoDB DEFAULT CHARSET=utf8mb4;
/*!40101 SET character_set_client = @saved_cs_client */;

--
-- Dumping data for table `profile`
--

LOCK TABLES `profile` WRITE;
/*!40000 ALTER TABLE `profile` DISABLE KEYS */;
INSERT INTO `profile` VALUES (1,'Patient_Identification','1001,1002,1012,1007,1008,1004,1005,1006,100003'),(2,'Sample Details','1000,1011,1009,1010,26'),(21,'Blood Counts and Indices','3,2,4,5,6,7,8,1,9'),(22,'Microscopy','39,40,41,42,43,44,45'),(23,'Malarial Parasites','46,47,100001');
/*!40000 ALTER TABLE `profile` ENABLE KEYS */;
UNLOCK TABLES;

--
-- Table structure for table `report`
--

DROP TABLE IF EXISTS `report`;
/*!40101 SET @saved_cs_client     = @@character_set_client */;
/*!40101 SET character_set_client = utf8 */;
CREATE TABLE `report` (
  `id` int(11) NOT NULL AUTO_INCREMENT,
  `report_name` varchar(100) NOT NULL,
  `examination_id` varchar(1000) DEFAULT NULL,
  PRIMARY KEY (`id`)
) ENGINE=InnoDB AUTO_INCREMENT=3 DEFAULT CHARSET=utf8mb4;
/*!40101 SET character_set_client = @saved_cs_client */;

--
-- Dumping data for table `report`
--

LOCK TABLES `report` WRITE;
/*!40000 ALTER TABLE `report` DISABLE KEYS */;
INSERT INTO `report` VALUES (1,'Haemogram','1001,3,2,4,5,6,7,8,1,9');
/*!40000 ALTER TABLE `report` ENABLE KEYS */;
UNLOCK TABLES;

--
-- Table structure for table `result`
--

DROP TABLE IF EXISTS `result`;
/*!40101 SET @saved_cs_client     = @@character_set_client */;
/*!40101 SET character_set_client = utf8 */;
CREATE TABLE `result` (
  `sample_id` bigint(20) NOT NULL,
  `examination_id` int(11) NOT NULL,
  `result` varchar(5000) DEFAULT NULL,
  `recording_time` datetime DEFAULT NULL,
  `recorded_by` int(11) DEFAULT NULL,
  PRIMARY KEY (`sample_id`,`examination_id`),
  KEY `examination_id` (`examination_id`),
  KEY `recorded_by` (`recorded_by`),
  CONSTRAINT `result_ibfk_2` FOREIGN KEY (`recorded_by`) REFERENCES `user` (`user`),
  CONSTRAINT `result_ibfk_4` FOREIGN KEY (`examination_id`) REFERENCES `examination` (`examination_id`)
) ENGINE=InnoDB DEFAULT CHARSET=utf8mb4 ROW_FORMAT=COMPACT;
/*!40101 SET character_set_client = @saved_cs_client */;

--
-- Dumping data for table `result`
--

LOCK TABLES `result` WRITE;
/*!40000 ALTER TABLE `result` DISABLE KEYS */;
INSERT INTO `result` VALUES (1,1,'SUR/20/66778899','2020-01-07 23:07:16',1),(1,2,NULL,NULL,NULL),(1,3,NULL,NULL,NULL),(1,4,NULL,NULL,NULL),(1,5,NULL,NULL,NULL),(1,6,NULL,NULL,NULL),(1,7,NULL,NULL,NULL),(1,8,NULL,NULL,NULL),(1,19,NULL,NULL,NULL),(1,1001,NULL,NULL,NULL),(2,1,'SUR/20/11223344','2020-01-07 23:14:47',1),(2,2,NULL,NULL,NULL),(2,3,NULL,NULL,NULL),(2,4,NULL,NULL,NULL),(2,5,NULL,NULL,NULL),(2,6,NULL,NULL,NULL),(2,7,NULL,NULL,NULL),(2,8,NULL,NULL,NULL),(2,19,NULL,NULL,NULL),(3,1,'SUR/20/11223344','2020-01-07 23:15:32',1),(3,2,NULL,NULL,NULL),(3,3,NULL,NULL,NULL),(3,4,NULL,NULL,NULL),(3,5,NULL,NULL,NULL),(3,6,NULL,NULL,NULL),(3,7,NULL,NULL,NULL),(3,8,NULL,NULL,NULL),(3,19,NULL,NULL,NULL),(4,2,NULL,NULL,NULL),(4,3,NULL,NULL,NULL),(4,4,NULL,NULL,NULL),(4,5,NULL,NULL,NULL),(4,6,NULL,NULL,NULL),(4,7,NULL,NULL,NULL),(4,8,NULL,NULL,NULL),(4,19,NULL,NULL,NULL),(4,1001,'SUR/20/44556677','2020-01-07 23:18:07',1),(5,2,NULL,NULL,NULL),(5,3,NULL,NULL,NULL),(5,4,NULL,NULL,NULL),(5,5,NULL,NULL,NULL),(5,6,NULL,NULL,NULL),(5,7,NULL,NULL,NULL),(5,8,NULL,NULL,NULL),(5,9,NULL,NULL,NULL),(5,1001,'SUR/20/44556677','2020-01-07 23:18:35',1),(6,1,'32','2020-01-10 00:11:34',1),(6,2,'43','2020-01-10 00:11:33',1),(6,3,'56','2020-01-10 00:25:43',1),(6,4,'000.1 l','2020-01-10 00:11:33',1),(6,5,'00000 l','2020-01-10 00:11:33',1),(6,6,'000.0 l','2020-01-10 00:11:33',1),(6,7,'000.0 l','2020-01-10 00:11:34',1),(6,8,'000.0 l','2020-01-10 00:11:34',1),(6,9,'00043 l','2020-01-10 00:11:34',1),(6,26,'28/11/20 16h51mn00s','2020-01-10 00:31:49',1),(6,39,'53','2020-01-08 00:08:05',1),(6,40,'42','2020-01-08 00:08:10',1),(6,41,'3','2020-01-08 00:08:14',1),(6,42,'2','2020-01-08 00:08:17',1),(6,43,'0','2020-01-08 00:08:23',1),(6,44,'330','2020-01-08 00:17:07',1),(6,46,'Not Detected','2020-01-08 00:23:30',1),(6,47,'Not Detected','2020-01-08 00:23:37',1),(6,1000,'EDTA-Blood-HI','2020-01-08 00:23:13',1),(6,1001,'SUR/20/44556677','2020-01-07 23:19:10',1),(6,1002,'nishi','2020-01-09 22:59:48',1),(6,1004,'Dentistry','2020-01-09 22:59:57',1),(6,1005,'2','2020-01-09 22:59:59',1),(6,1006,'34','2020-01-09 23:00:03',1),(6,1007,'51','2020-01-09 22:59:50',1),(6,1008,'F','2020-01-09 22:59:54',1),(6,1009,'2020-01-07T23:56','2020-01-07 23:56:26',1),(6,1010,'2020-01-07T23:56','2020-01-08 00:23:17',1),(6,1011,NULL,NULL,NULL),(6,1012,'2020-01-16','2020-01-10 00:04:44',1),(7,1,'000.3 l','2020-01-10 09:03:13',1),(7,2,'40','2020-01-10 09:03:13',1),(7,3,'56','2020-01-10 09:03:12',1),(7,4,'000.1 l','2020-01-10 09:03:12',1),(7,5,'00000 l','2020-01-10 09:03:13',1),(7,6,'000.0 l','2020-01-10 09:03:13',1),(7,7,'000.0 l','2020-01-10 09:03:13',1),(7,8,'000.0 l','2020-01-10 09:03:13',1),(7,9,'00043 l','2020-01-10 09:03:13',1),(7,26,'28/12/19 16h51mn00s','2020-01-10 09:03:12',1),(7,39,NULL,NULL,NULL),(7,40,NULL,NULL,NULL),(7,41,NULL,NULL,NULL),(7,42,NULL,NULL,NULL),(7,43,NULL,NULL,NULL),(7,44,NULL,NULL,NULL),(7,45,NULL,NULL,NULL),(7,1000,NULL,NULL,NULL),(7,1001,'SUR/20/56567890','2020-01-10 08:57:50',1),(7,1002,'Mahesh','2020-01-10 08:58:14',1),(7,1004,'Psychiatry','2020-01-10 08:58:32',1),(7,1005,'7','2020-01-10 08:58:33',1),(7,1006,'12','2020-01-10 08:58:44',1),(7,1007,'56','2020-01-10 08:59:11',1),(7,1008,'F','2020-01-10 08:58:29',1),(7,1009,NULL,NULL,NULL),(7,1010,NULL,NULL,NULL),(7,1011,NULL,NULL,NULL),(7,1012,'2020-01-08','2020-01-10 09:00:07',1);
/*!40000 ALTER TABLE `result` ENABLE KEYS */;
UNLOCK TABLES;

--
-- Table structure for table `result_blob`
--

DROP TABLE IF EXISTS `result_blob`;
/*!40101 SET @saved_cs_client     = @@character_set_client */;
/*!40101 SET character_set_client = utf8 */;
CREATE TABLE `result_blob` (
  `sample_id` bigint(20) NOT NULL,
  `examination_id` int(11) NOT NULL,
  `result` mediumblob DEFAULT NULL,
  `fname` varchar(100) DEFAULT NULL,
  PRIMARY KEY (`sample_id`,`examination_id`),
  KEY `examination_id` (`examination_id`)
) ENGINE=InnoDB DEFAULT CHARSET=utf8mb4 ROW_FORMAT=COMPACT;
/*!40101 SET character_set_client = @saved_cs_client */;

--
-- Dumping data for table `result_blob`
--

LOCK TABLES `result_blob` WRITE;
/*!40000 ALTER TABLE `result_blob` DISABLE KEYS */;
INSERT INTO `result_blob` VALUES (6,100001,'PK\0\0\0\0,BNl9.\0\0\0.\0\0\0\0\0\0mimetypeapplication/vnd.oasis.opendocument.spreadsheetPK\0\0,BN\0\0\0\0\0\0\0\0\0\0\0\0\n\0\0\0styles.xmlZ[6~0E%{&ix6(Z 	7DP@RL}I=vH ;߹PND**mY\'ъTdO?~^FwOnDӔ3%\Z)ȈZ0W{7yՒVT9.t/*½оۥ܈UT܂Қ<ۑWt&ym\\,~P=+o>|7.4Z2Ҙ0bSf=$\Z/`&\'r15XW+I@`&.)jtT,S1AszrqYp7TreK}IϛחҵCU*ixݖBSKvk6IcBggI5-x:O1K#\rpL{4<RCنT=MBf(̹!m!iЉN-[P~\nl`B\n\0b+pK;Gyf\n3+hhGOPٜ!-\rJ	4FT*D9-N+u\\!s@liO\\㔠Ln\\+l^S(v0 %eѧ\rFjGkHuJu)F<o+s=oVĤGI16GW	s\\4_=ź__toWߐi?̾x*\nq}d$5k<\"ąUEDj\n4hʨҘ&E/Y3\'R!{yQf	)-~*hk1^z3B?ϷCK`a^q\0i_uKaipFMi){:Z0ve\\2ύ:LD\"\Z&^[&d$^L8ZUa,4#A1sX<յ\nk5l)\'^}1윦ϘpTW࣎g)ψ9*1vثP\"e⹱]Gy;.޸@˚X?P!BRW e5\\fh8;{\"<úVj@AuMh<۶\0T+0.43Hk)8&.8	Qda#\n{5HV4멘?U-kG&giuu	[]bMW/<V`(l:vJ\\u	|6*֐:a9*\'9t+jQ<O>c\"2֧\rj}j姺6?͓em\ZOl/\n&\rNrڴ5@c^9gxfezvK\"0J0M@43`Lc2hgB#![KIto\n9wl^1	BSGJ{9}%4bؐ	k߀7@EmslM39͓̆(XB\'ŘKFƽ;_hu/GF?Zw*7hhTfOK˅0ea:6Nn[a\"J;/]Oi\Z[31bcמxgf̷5lA_=KT8sk%/Y\r6d(D&_xZ5%VAtvh!y0R%b8&6#UqM4揃qVy0f&xUgM<~w&3n0G1w4լ\rqϟ[\Z)2SA@^~ %[D$\'I\Z+\'~cӵ/Uڻak؟{xp\rPK:\0\0 \0\0PK\0\0,BN\0\0\0\0\0\0\0\0\0\0\0\0\0\0\0meta.xmlA ݫq#ziVj*90e!2xb;*J\\x\r1P?;A5\r\"Y0Je\rn#Pg%I+O;mZcKAComr̴8\'0l6ZVW^?1q\"\\W4zarpdGvJ&6j4Kَ\n/H{)!aM%\";,t\09Ҝ\rl-Tq9<HÓr[NvB5_&~\r苼G0mϟԡsf\\f4dI]׫؟z\natçAiF\'.|ɬ!v0A-\0VT\"a^w2PKS\n\0\0\0\0PK\0\0,BN\0\0\0\0\0\0\0\0\0\0\0\0\0\0\0settings.xmlZms8~l<%w6$Dz$B6tNX3,eKx2k	BR=9ip=nr\\lF}jHPJo>Υ-Xp$)t\n˞<2zBk6Wɪ}btn3]n輪lSQSPr S&Zmm|b\ZoO*Xǉj=[V?f{~J:e0@&E\"EW?L/\rԢtڧ_/\nUw;笪FH<BJh**&)n`pv49!$)Ȁ֡S(nQRkwϑ!{B_?+ 9E}S93Lo\0+}D<~[}k-쨌W-aQ/Q)kN4JQ3nk2^_D7GS<sOn	J+bi,IH5Znr\ZNRh܆q*y=|xd#o˖:jh|I-&_ cS\"yezY\"Rf\";LtϨLA!\'Cd(r(rܳ뾫<x^\rXHz /\0&7K0^Sdr[uNgI^\'YODٍsMpDW! ֟)j0w<|a(8tIe5+dG*k/rKk>6\rTu $]7f?^a$B?!	F.cupXvDn\'{m\r$%6澊IAX>StY`>_tz^d2W\Z,Kue KJ%6|fq@BV!*~Kd\n4qq~8%N/)\'b]GQwHuG|HL|tmfٷSPKYa\'\0\0\"\0\0PK\0\0,BN\0\0\0\0\0\0\0\0\0\0\0\0\0\0\0ObjectReplacements/Object 2}^Uϴδ3ϼtPR)eh)N	kȫUL})-(F7K*Q\n\"d]|*&5\ZM=i|~Io^>ys=Ͻs͛ߺ\r]a]Ho]aUh۹ 7n9+S&C2sF۷jj|D`т`A7|U׋\Z(KþQwu8tsO:_pljo!7-z:Q+|$gExgv/𒳧q˶DigS㿋Eq<޺{.8$uyH%|z^_EyGޒbM#TLo;稝;zyy[Z+S\nOI}!	/;!UGS_HwB2O}!	/;!U^B\rRc;	8x?	]B\rR3B\rRǊl*\rl*\rS_HC4/M}!vfoTiF*G?z<^\\A_HwBW`xe	}!	_e54|\'|lz<^PE_HwBW`x5}!	_ce6wBW`4|\'*tNH=tU\'|Eo~R\"7?Q	_ԃOQwBWd;!+2x:!+2x+3:!+0xy}tp:E?_C.)udI硃_^[K[΁JnvX= #!vqI#5,,S%D/iKkɧYYd[r/oZZRZi|)\'g\"5g,,[>3HЋԵv4J>?ٿ<4BooI#5,,SzKJ]k˧YY/fYg-o_-)u-fYgW<;e%uC,po̽HJ]kڡYVk,bYIkM;4B>z(GS/RGjɧXVes/R|e%{~暼bYIkpi|^d4Եvh|)\Z%>Ͳ½c>OERZs>Ͳ=?ug7ִC,po<?ERZ;\\e%{?qyz!+)u|e!{9$-IkLYV|gN\")u.ͲOdv3\")u.Ͳ= 2RXiK,pox} ?WRZͲ=?3{v_IkɧYY$w{S/RGjɧXV|C@ze%{˿a w^$~q>Ͳ-m\'I#S,+[D7_RZ,e%{ʟSTO/)u9fYg\r&ԋԑZ)|-k@/RZd,+[݉nqERwɧXV\'SԋtC3zڙGDf7s/R:ԤYVxϣ-WHgKRR<ԤXV}=<w8=%]e!{n_^/)u.Ͳcۗ=%5,+[>V{OIk@3poJЋԵ.YV_$O3pOOaKJ$fYg{*/~_RZ+\\e%{ߐwFIk,,[՟z:RK>Ų-m̽HJ]kΧYV|Cؐ-IkLYVx=̓ig^%¥YY|-5z\"fYgl۟76JJ]kڡYVn^$uC3pOOAQRZ[>Ͳ½OFER+5i|-;A%uC3po8ĉ\")u3Y4J>fߜ?()u.Ͳ=Ľn()u,,[>\rցRi|-`~?7IT)|)F	w@yfԵnB,poX[<ERZ,e%{HJ]8fYg?ޥݓz:RK>Ų=77n,)|e!{_֓؋{S/R_te%{˟|3oRZd,+SygG6XRZG;4B>SHD/R:K3poxݑ\rִC3pOGlCKJ}ҴC,poxs%,+Sْ?JJ]kK,pox\rHJ]k˧YVޚ{k;4J>Fb;z:RK>Ų??ɽHJEJ>zGыԵ~fYgwp&?z:RK>Ų룝yrs`U$$~EC%;Y4B>A|rԵ|e%{˟fERZ;\\e%{cd~/@|ֽ0TRU\rte!{AIk e%{Pbn8\")u|e%{iA﷠Ik\Ze%{ǪyPIk@3pO=OդԵ|e!{ǅZH\\^$u\ZͲ忯?HHJ}J+\\e%{-0zֽi|)@Rךi|-S݁<=\\RZs>Ͳv ?.)uifYgN[zz)|-o~ߛ7IU)|-[foνHJ]4J>~8ԖRzyfYg/Z.\\QRH\r4B>!Ikm4J>shHJ]*ee%{P$ue%{ʿo8Z[}jEIkcfYgqERZW/,+[>mgVִC3pODqq@\ZRGjȧYYHj$V4B>P>}(?RRZ4B>qC%%>tO,po^,OHJ%bYg/I\"q%%u2Ͳ=%2V>_-)CJ,,S;FŹH\\{ʒR׺JfYgeIkm4J>?=\'󿺲Ե^YY+Ӫ\ZXIk@,po8u)M\")us4J>Ε+)u)4B>WRxHJ]%ee%{,?\rc%,,[>g \")s:B3po{d8\")u|e%{8?BIk]\"N3zΟGs>v僀Ͳ=OfdeMԵ,,[LfoͽHJ]|e%{T7@\")u9fYg3z?qx$n\'^$u|e%{=B\Z]͒R׺hfYg1SfIk4J>-? )u)4J>,)u.Ͳg,\"fYgo콹Ik]@3po_IFS/R4J>DSᷚ%5,,[>G`j֡&Ͳ<\")uFYV9aUIkpi|-kHJ]kE3pO{#Dއ[Ѭ*),,SVH;JJ]6_4B>HJ]kK3po2\Z+ыԵ.YVFb^$>t Ͳ=[vH,֮.)u.Ͳ=tUZ!RZ,,S55%ȢYY_Fن</))e!{5imĚ%ȢYY9wDKJҡ&Ͳ=sltH;\'JJ],,[>/HJ],+SMGXHy~Ե5i|)GbhԵvh|-SS z֜O3poꐘыԵ|e%{txa#\'q>Ͳ=_6-|=7)cfYg72Zyud?zbI#5,,SIVHWmh|)9$-nmIkLYY;\"x|\\sܶQZd,,\\G>h\"Hx;.پq˶37n.vs$m0ˮtΫw/4vsp/kAYVW)p|QW6~8Z4W}ѫ[KsljK?u)`Tw\"ɥEakaG\n|!lC-Haau;vagt;Ra:<}B/_ך>us7u+k۝?9OowNN7tIN-Ss˼Ӌj!0.&ܮ[ouw{;$en׭7kFF㜄֫9	[W$^=I؟#}>z^_$S!?mKO)]H,^g_<9GރX<\\W|75!~3Ҿ:)G)JOMf?hOuų?dO-SzOyk%oaU\noSe|VkBo+PKCK\0\0Z\0PK\0\0\0\0,BNk9C\"\0\0\"\0\0\0\0\0Thumbnails/thumbnail.pngPNG\r\n\Z\n\0\0\0\rIHDR\0\0\0\0\0\0\0\0\0I\0\0\0fPLTE\0\0\0\Z\Z\Z%%%,,,444;;;CCCLLLTTT[[[ccckkksss{{{\0\0\0敁M\0\0!IDATx}	wѭ\'X{˯\nvx\">dC,%	Px	w;Nx\'	w;Nx\'	w;Nx\'	w;Nx\'	w;Nx\'	w;Nx\'	w;Nx\'	頸oAJU?}H1.R:o@x7g.7f:ͪÌM]LqF}3\"S!=ӈj	t1.߄6N&|`{IVӼEeCD+:nu\\O/E[6Oi*ތ\\7-mZ64W7ۼ(e^ͥ7xtdYRx!Xt#xS}Sawa8GNxo%Lo؂M[}8yݠ\"yCx0KpU߃׵3b̽0=e?4&*;\n=t2^_K;BÓX!׊}ojm;jD;b`oރ7֒M]t,e@,>h,$u\rƢ\0)o:͡h=SfH{#y#xHs+ ;(޲:%ʆ2xUeGxs\\azYa\rWDӎ\r6P@o+Gtqڠug>kJû\"r%\ryb&:~x\rY3Cꓖ=/	\ZNz\"brȲ*}(&C&ZAΗ/!\".\r^T3ruAP[nP`N@P~㒛C0h( <	^!=&E^_,xJxâPPcQ%\0(;HdXdwT&~0\Z\n&d}Jim<7Ҡ,Rj\"Si)WɯG^(-DS\"AL\\fdmb+9x\Zd	QL%iΞ~3xcW`{?utSj7>G3ؿҸk;Ӧ3;r@?QDtN^a&ҷ4)*Ut\\JӸ!2#3\\̩u{-ZE4HLgt88>h\"!^DUU2m:g(+~ZVE㻇HV̯>D_${~h-V$V6uT/2Zu\'\'9@+4Ք7x\"ҟOܞ\n\Z\ZdҤ<ts9RP\r>RǇsW,o(w~\"<cxEAL\Z(</dlBc߫ܘŪ/2kt\nUnUjcQ+Cum{;[kSsQEM-0lݎFGqoF$v?i?G]@mR|E\0*[BBݎLV8#C89\n1\n}+!zf\Z[iERıZǵ9J$lCg\'-ZG~AD{`M<nˌpq]$lP\"ҺDmC@6eM6R%vƞ8yV\Z52ޅhCOEMh`xL.\Ze/Aڼ	I7˂߭\\,Z_Έ1vk}~,)\rHkk\\~Gu+xև\\.hDRܵlR7uk?hy^煵|DUd͊L>jm-t	OU\'$qMi<*+lk6\nU=llzAI޽刽:@\r!\n<G(#Ź;sx B3 	 8*@[c#Ή8~0K3ίZc&j#\"bH9W(P@|<E:u<F]@$Y\0#\n)UZdX];hg뼚LYPYb2ʳbNaiN13QF\nIeޕ&C2c+p\0oHb3-)ZGA1E7汗:\0\'6ocHrM{\"IS޵1k]k17g݌=ro])\r{!E^QOdg!@5e\nfWn>,\"{]k񻦉-]JD)\nPcwY.e!HЀMIJdI._FK%WWĦxl>=yÃCdP?o$׹ER`17)o8eSi|w\'9Wb`A:`&MaFÍqIC&eÁC%}lQ]WA:2u!<PA{aAf@kɿ>9ꦥ4*GU8+~8~:ֳ[[1@c?4\r2C+X.!H}[Ls&<}Ӻkgv1(/$%f(PiQ3\"{a+t\r亾6u«|\nx}{q%tx]Ց`6W:ܧy_\\\nUS^CN9n-{kQkk=`>G9<j4Jlz\ZJCkV\0ڍL^qToq<XW/\n}Ng(Y{\'cE\";Ԃ/3I>3èhgZ\" 0b8<}B^G<W!\"QòQ?#g\ZD?bc@VB(\nc{ RB*H\r}v&O*yۆrI{\ZܝmB*w\\ݸ6<)H6iUC	\\_@\'+{VNfiTWe|u/Yf\"{(DxXo92te/r<eVG3\" oW$pV+<rl??qx\"hXy^K!m6xㅆϬˋ//JF/s	אCف\0!A<dfk0y^ǨEǓU@5~\nM|}-ZCpe2}+<Q-G\r*).[E-DVȌF3(,l HIeʄLܼM2\0<A&ƕO1%Mmy*Sb{1E4ׄնׄ_#ߦ,`˅_\rzt%)Zccwﴎwޖ\\׾~eEipYfݎ<˯h+BN|pf%iVɢcmc3\"y+.oN\n\ZZ\rQR&mS=\\К1Mo/Ii=4 o\"YhȤ\"nʅ+\\q\r\'Nxv\rag2)ٙ< 7\'J>G韈*	@H\Z[S؊WxOnS1TB#|L7%gZ18\ZGPWs~r\0<Ü-<yM8hC~`I\n5$נpE|\\Q6-lf+>7ŧ{ǀcc\0o+DY]4	A>+1MJw\rxY \nJ\0Z=Y[aYj$Km\"m5Y6v\"\"<<[W⸄EǛuKlċOQ[ɩ$n-G`˹VPW&<>#fj3\0w\'[}ACYfԥS}%VMx,Nx7<4TuHQRk3t?8\npM1K3P4IM48T%ed.T{1gM:*S&~gzHhg\"d)l\"\n=70i1\0ϞRg2y[}Zbww 2a/,/0R>X51@vU>\ZQ|nP]J|?ƠZw٬{}xWt1W>\'$sGvVaWAÄ(pEod7\rc<GU[Ǎ&ضj)SCl@RU 6	FTY4[1lmMg?tdS4T!Oaɴ<})ʖv4k]/L#7CnI\'MMJ~WzZT!j<kmQO<F-:^h+c!c+ߏo:38AA4?2\'Q%J1-ږ71D421@fri:p3LD9K-e);Al9 3g?tU2o	d\Z\0Hj=mo;i~-%qi:N}:ٱWTxoZ^hm>V໵>YP+\rK1ˆc8\\y+UoI!,G4[;y/n{#~8;\\*xΟ0Ùl*TW!y2)A^E^&hsW]J6O3GYN;8h=H*tZJ7<HTm֏Kc}#p%SQ*\'XRt\n745=nK7jӬUHw%<RIb1â\nj/@\'Ur\n-e\nh<<))/mytUnÑOEЄe+6?RP)[@jW=PJnTz>3hWz폢\nYL\n=ư*	}Kqn5ˋ2:뵈H},;X{eL*uFV܋*TQx<YTpˈڤ-[oZ\re[J6SD̑CH~a?g	}#>Yd`#~@ER\":U(i mO\Z#v	4פhȫJQ;))CHgUQ9tP@&\'5YWϞRGYPx-x8\"M׫ec\\\nO O132m?g(ڀ(Sm9u14WRl`Zm/}JxS\"(1Lanܫ,*\\F3:06C(+{=s\Z[fkU,IR0ҽ.z19#F]^wt*w,F~(0\0,s@\rj%؀fӸ\\h4Tϙ1ft+	!gNӠ<{ZQ>g\'vEUk2UhyGYN;JAnCWTokbpR]<#RxZoڋ]}2 *6ڪo,`L=|	^f\'^m]$W!	VDNE+ƥ^ZI[WU ʈE&N*}[E=e(ƀto{Jy~<9ZH(@iGG$5Ǡe_GGcW*|Z]*6!s{wFDn/+-\n%&_~V`\'+Tő*<1qQvADIk(}ht\noZT3#bGfRd?Ό\0P\"1.H?u4Jd4keBUxFDy\")$ej%Q.lRiA8\0,[\0_ @Z}=UOz}CrǞ6Lg#{!<k͆~δR4gmC\n7|he#Zr4[ĊriV9[Ed*[gǐa$k%}f(c_cxV={#Z>i=Ǡ,խ\'TWҢu*\"M!1ZI*t(/^rĖ/i#z=x I_ZJZ1xR{Z4dO\"8֧N\\[w:CpZeX +}}=4ǟ4nǠ\r*cqMʷPP.F/7rl5h1>nUhמj2;<.\\\Zs0Nk͡&hM&MiHK\r\'}~xyi:QFZ\0@57^a֐^Uzq,e9^MlV]X{F݆\r~,ާ\'>cH~Y&PQ6\Zx&u\0\rEy&\"s)cǕj*\n¿X6\ZY}10g6;[u|1,s֤y+<9Hz>A.Hz}Zxgb}ׂuc`)!( <p֛h9#Z<vs6>UF78{pe?^-P\r=:rP<4>A{|gD5pAw`fҔZ:>Vy<(}S5NwJK/ɟtaXZUfZπ?ǇDq,q0\"F-Qk(UWa,g	7T_TSvUZ>:*?:\nFyT,	WM}ނOꟗ[䄏0PU9Y7uƈ(ko_T1c7&3XAWJ-[OAB{#YA~\'=u\nQ]B!@C;#-jSXkW**	ژ8$1iw-lOk-[X1,bx\'Έ h@2U8>uwFV5fhՑrPhN?\\WEQqEWh\"w/(fQ1úSD&P[6c\\:/X3\'H6LL<3u\0ϸb)ee+\\$\\R%U<\'ީT}cG#K1=<9p(I?xDo=x}7Q/cxoK	bvڸA X)r=r\"ZcP|_AmcQ˭1IC[>1j^K}qH2VR8d_GqIp}<BYc=u=$#ZhpaZvOs|^9zF?:]7u[C~[|1XKj|^ec܈3)@1/`/W}g<J1!@$cX[	9V5)P3budՆ3\".T`LaUc5ms`OxTҲJ\n-_]#geFGWMhIV/³#DFgg-Aћ1-eeQdvΈ9ڎu<ֽk@ =)tr26}T~FfZoΉ{l{P*c<wE;X5+ޒ{>Zt\\YܸF1bl*567p{ۀi&zsqx#Ѹ!=&f;Z>}=v1y1H% ˼Bֺ-MԳaNYm9#c+#ZT2hx4gQ\'-#PVacB8=QB\rmcWRRAh@yT[$Ȏ3SO}8)\071<V:a0FI-	#*\"TidMRz`]3ѳ)Wܞǫm)v*eJժ+Y;M:y[+_g쬍{ʃÔS/vB0R霤PCc+qh}M}(eh,W\rZVf>\"s~=Bg/OJxܐ7e^gz-K}Њ1h;Gq̍G⊆h*Cl>7{i<-V{#PI,ל<\'­i3(ưE+CҚp3\"hŵCo	I3:t˵@Jx	ga=Qn$+JnB\\zcPYZC]&ԝ$T}wF*<E{wMITWIDJA\'$7yJUWI1%--Z&M\\PK@l,B&2dTLxA	pt\\fpϊ1Y o& {>~;]B\0\0\0\0IENDB`PK\0\0,BN\0\0\0\0\0\0\0\0\0\0\0\0\0\0\0Object 2/content.xml]s8W<؈o\\Lm^l6;;`WRTuHBÑt^I??ӻoqQ&ye¦.<JɿM~~}X$a<pJY9oCLE6σ2)YyMu4ɫSV/Md븃4uTOcq9T|M\\\"כJJ&ٟ_&g9͋?kB}ͶHXQ8Ӹά)uqq-_)ۮb4\n^rE|[@bm4׌ƿ^3iA:No<_PU\nd3ml>u65tݚ$OERiǠxlchL{ïA\'6\\F\'~=\\`9y;ded{2ENԞ&/b|ߖїmUͽ.(:\Zǜ-~\Z5Ml\nϚH|+AρȾ/(ȷvM\\$uP6\'POxn\"OtIvE_sm]r$IP=n\Zy8|A7Y?9ôzp.\'U$Ԛ|o]޽k{_&\'vW$kdT-~vC_gdwcU[dY/񆳉*˻ھO,&[ù5W4v`iLjUlL/(vwx|ѬIvq}ةYn\"&}2ϑ雪gw[}U\n4~_\0.1OeddabmDQiaܼAZƓ3o Jכ{bP$U2#-x:cw鲛H:)JM\Zhi2jln1oE|v͝X{4aUKަ-];\ZGM:9)6-CAs/VolΏ6AEZ{k2>67]S~>5p}t|ڗE09}q$\ZmUE#t7fyD?nD\Z[j6#\n?4;西hpkwS}1g3YXgTםf\"`:6V&ZBe#U]P5kwI\ZruIEw-UmO5brЭ!K= khIs>>hDRIzp\n>r\"+,H_V~eae\nMgx\"ꫥOMTJwM~?zp~y[xP/9}3t\\ᚯs1<=zq﷤\Z6\\\n|}>NHQZɋqH/ǋ\"H%w61NoAKab7ƐڤG\rlN$F:)׺De4ƾɹ~=\rwNc@P-.SGAG/RnG#y}K~o+T ͹A,>Wvݮrެ3,ћ]yZ%Y5]͇r=A\0s-No^=\r;Bw0WƏz/bqG7⒏g2|8a|bϺDG5{؛=v1dEPM!unc6QHFF胞_y}ʅq6<S-FmQۿ&x\nC9	dlQx&M>#2\0Fs|b*n٘|@͊Tؠs>9,ԤxAUuz\'zA=1(A\rj:/1aP21`F61	?9@e\Z H!)7C	^4[gtG,|$=Lz\Z\'*L20SWbMЃ!lF@ny4y4=ρ%xzj:uI7@=3AjĤ\rDytaPcaET71L0}cEz(1mЖD>6bzlBD!R тQC=c9\"!B\"LPڡBg%xC)?)\"t%}c%ESDhEU>[0Lˈ ,Oi1Պrf,ֱ(ANK>azGA\r;\"n`+mߵd)\Z1ؠX:\rS,6%;#9PaEAٚφ)Y\"L`xvt`vЁeL#7ԆaĥAG80\"\n޶BDTV.{)*w_20-#oP`*F=d]APd|JJwA\Z{}<96R%7@139_^QТ~ug7QPG<C;:3ARi=aCCvnA80)/PFC\ZrV\r<BP%g]R@B誰&Tݺa\njp.dg)k>L!(|)=ع9aE_	/\"}}ԍH L݈!x*|TM20s`\nF=p|CḐ!)\"o<3\"~+)ObD!iObhXtbr)>Ά!&Uô.E(e&c0$\n?AL@c0eQL@^5`Fċ~]D TV`ħq?:x-k 9xaE^UzJzQfS/\";u%^XIP?fԋxgmX rw	_Gʢ-ba&&߉0i}3`Ň:R+bI_3@ޛ|	R)66𧡈#Z_Ɂm lܯ%( L>^	*E6B_*\"^<!L!Sbu0	3;5%-ʍ>t~g4|\nX4<\"09a|UL>%,qvn$ft\'/H#	+{9/Jl,ؠ(@5qŷ0كa\nI`#\rSHlJOa6L>C`\07LF\0S?#U8ۜ90\rtw T`Ӗwt`*G*T})!x?+Ԓ ĪoVp`ZI`oTb\\\nvSLB\0Kw`zH>ߠ0-Q|}@SC\" *λ0Et;aȧagfR=P\Z>rACF4xovAΘf]и^˽cH\\ih&{=qW)a<PsdOh{ \rsѡ p=PuKQ\Z*i]PHxp_A(bP2KyTQxWP>\rYTph@DB%AMD!TA}R\n>D\0}0p{~i6\0`oM\0UnU)A>jwp{[1(0\"{ :aƙ\rxa\">Sopռ_vpG/(80*PK#}@\0\0D\0PK\0\0,BN\0\0\0\0\0\0\0\0\0\0\0\0\0\0\0Object 2/styles.xmlK 9KYc,+)۳LM $SA\n# KAPYJ//c#w=FdbP\nU_[rtXpe?%7;\'VLKiE\Za\r72-W4	?Y<Ѧ=ҏեCس.Th$\01hZjP?.ږ`<~(kN\'ˁµ*`ϬG-2nT\'7ezru|Ezc=\0,Cҏ<}G\\G8{3*ْh\Zq9v/Lk釞b[v9H>.;ǥmo[geصk>>|^pVmTp3KW߫J2S\nnǖkMTYy{Loj-	.Y\05	ZWkLa\r=NL\rCtPKP\0\0\0\0PK\0\0,BN\0\0\0\0\0\0\0\0\0\0\0\0\0\0\0Object 2/meta.xmlAO0~\nRw؜[,iM-}cUhI)c_(1c~_.U64\"jaEF^\r79@&h+.o\rKif7aW0\'QO-lN34\\J?2rrf\0]nI- n*ŕ[[zJ\nb\Z\Zع1\Z4ࣴKhz+ezv	!w<<+nqG!|=lD	ɧyyh36߫7O;{,Jf}XpyG*Z<aSPKLK\"\0\0K\0\0PK\0\0,BN\0\0\0\0\0\0\0\0\0\0\0\0\0\0\0manifest.rdf͓n0<e@/r(ʹj5X/޾VQF3ߎaȋT4c)%Hh+:.:ض+j*wn*9_-7lϳ(x<O\"8qHƴ	Bi|\Z9	fWQt렐y =:\naR @	LʄtNK3Q9`Ӄ<`+ވ^཰\\|hzczu#`2O;y.⯴vDl@ΣgUGPKh\0\0\0\0PK\0\0\0\0,BN\0\0\0\0\0\0\0\0\0\0\0\0\Z\0\0\0Configurations2/toolpanel/PK\0\0\0\0,BN\0\0\0\0\0\0\0\0\0\0\0\0\0\0\0Configurations2/floater/PK\0\0\0\0,BN\0\0\0\0\0\0\0\0\0\0\0\0\0\0\0Configurations2/menubar/PK\0\0\0\0,BN\0\0\0\0\0\0\0\0\0\0\0\0\0\0\0Configurations2/toolbar/PK\0\0\0\0,BN\0\0\0\0\0\0\0\0\0\0\0\0\0\0\0Configurations2/progressbar/PK\0\0\0\0,BN\0\0\0\0\0\0\0\0\0\0\0\0\0\0\0Configurations2/images/Bitmaps/PK\0\0\0\0,BN\0\0\0\0\0\0\0\0\0\0\0\0\Z\0\0\0Configurations2/popupmenu/PK\0\0\0\0,BN\0\0\0\0\0\0\0\0\0\0\0\0\Z\0\0\0Configurations2/statusbar/PK\0\0\0\0,BN\0\0\0\0\0\0\0\0\0\0\0\0\0\0\0Configurations2/accelerator/PK\0\0,BN\0\0\0\0\0\0\0\0\0\0\0\0\0\0\0META-INF/manifest.xmlTN0+\"J\0*‐P9#l#}=vERS7{w<3]xR2Y@HR Y@X1-*pIx]w-oun.LˑƂ.\r\n4F UBB\Z޷=RaSzdVP\nBARpF6C-5\0Hh+h#+1݋Z8d\nar.8C쓣PrJWil*!Kk_ʴa=?,~vW_	(B\Zh̟)ɐ^k:+`a_am5emY P+{4o73/2~ߊPKJo\0\0\0\0PK\0\0,BN\0\0\0\0\0\0\0\0\0\0\0\0\0\0\0content.xml}ko$;r0v?H|e2cXcw0un%Pe&jn0\"cp>CR0\"20vwy|)ˋse/wnfyq7?}y8lVzXa~|0,{OƯy3G7_\'_}]-/~/O绯ixY]o߉Mdu{n}^l+󍶯Ï-xiVϫoP}ڮw#1a׼Oeڂy6SEݾڇwpП5ھY֯~u٧ǕM~eQw+7ohNsWF7Ѹ_ ?n~wͧo_=W_Vf;p75y0ס%q;F&n~[7G@4Ftpqۏaֻ_ۻVӗ\rokof|^}7n}wfssdp<\rm>v#7_mN=w]a^/w>f}uw?=>?޹1-şVn9Gbpw˿X=mvͷ>B8wn{ct|Oľw[\r~=<7/~Xz\\}t_sx2$yY?ǋ>xX&{wX>_}~޸zws5}==mn6bO^	/_WOnwŇvno8c|+yzWs$ճZ=z\"4ճiu#!5T&㞭%\n⺏|لn\"͒{ȽГ=[DCpV&ᶇvW>yT?>~rރϻau~^}_>|p/%|/ۻ<ọopw6;oQ}`\\}/Q?蛯=BHvpM,W>=?qztw_߯u|qlw-7nI>߿`C>mwS7~ޟ4/Vwmܯ5j	?|{\\MM{ѡկ_W\'<㻃^7~y{yrs^?w]j~Y/nzzo5=|_Obu[=<ݏvp!F\\ys+pkOn;S\Zr{J全|FxF|l\'zvs/\003y}뒆qo?Q>_~D;ï~?/RY^_=,]`r⥂?shis{&ۇFO[>旿!ꑾG6F|㺆W~iE_w[/^>L{m@l豾2h/Bv}dl;ُi!b|+B+h\"Do6\r˘5Qh\\uzg(C_\ZHT7n$up~	Z(j,5=h\'K=KQ(QhQG% esQ9\ZM(MXّ-,9,qPV]̡C;;sPqlHFCY,ŠѨ\"5aiG\\dr7<K9t>s>stElC\'`(Šj\rJQ:\r2HpeE,Y2/}^(K\rM\0K=GbfT맰 ŏF`hk)VH0gf+(WP\nm8:oaA&U;1.2mq\ry5\Z-Rz->c8U:#.,h#TW3f0˰COĬ{kLSӐ^m)R.Q[VPeT;VF#W-fH~Z(ʘeì\"LjJL镘r>3*Aj(bvTﯰENm±rY6j&@t}T^)3QJ\r]1ˆY=ucL2HX(P^fS-z	\0|<!!n]Ɍb^죐@ōEgAxѢG+ӮaL)B\0S0Uu2|]΂^z(Q?.)J<R{S,MT=CxKD	KtUw͎R)Q:U*PcRG`2kW؛b՛7:AxZKDky73|\"bb΂cg\ZTaMjdʵ+aayx/|^JppA^Q8*,PcJF|Gڋ5=$\'RQ{^0\' [ʑ1urv0`ELҒh6EW#M@-.5씎KIxG=_盵\rH*[̐Qj<W?s~\rTd*Dj/\Z8L7X,up~	Z(zCڌY68:ÙJj/-Mf씫A7,3Qʡ2,f9N*˝,PMvB{]Ld %ң\'d\Z;DZvm0\")^;\"2y9Vv$Ne	lBd㥒K%|$ڣ\'ehHg;ar*]h/:v$i!Eea9Vyvn(G@Vɮ4^hv.=zZ6JҁmJڋIZHÅ\".1VXeڑWy	:v/4^<h.K^FM)C.ŠH(XbeG8KkD` ?5xa@`\"B;vPŀRT9#jKp\"G	h|{D\rL8C$/kد/C{l솦$WLNR\r\nIZHÅGRXcgG\Zpy*9B҉4`hoدbv\\3U(Igbr*]h/:v$i!vƊ\ZL;:,Kq${_~lȌw96!z\\N13*S8G#=Ԟ\"*ώ eD$,Zk	%73Q*9;HI9\n3Z?)r4Pʱ#U\0;6%V~H=;z	zs8nCx\nSZf̄IZHÅ2CC(eʱ#[ ̓)^y`W]vmmhor/U̍}ՙq&T\Z2Zh8O<:	~X\rjv^gؕ3Dw\'fELeqe*ӎ-dUY=Lv:K%FO}w\".@.rQ?\ZAƕ\n5aaG+%l\Z؛	:/e켔[20>w*-fH~Z(&<̘e,Qh[\\o@ԱRnɝ0-n+{gR6AnR!췐ōRmRgN<UD\rii4{l*z}4װa.[\"v)fF~\nRh42Ɗ<;\0׎XhX[K^]i.QW86\"o^]9\n3Z?)z4ri7Ɗ<;u&K,?[^ai+,kqv9&ڡhN13*S8G#MzscEUG8([]lJ땕vɐHXjY*A:hN13SXG#2ƊL;|;x3^9i;<zWcrfHdб#I)~p/S\\+Z,^Cyb+C0^ϗ0]Z(=GbfTTP?y+ʴ#϶ɆK^{	cDi6s@ EBǎ$-P5VYvGK{>540zf\rr0=}3%rV0D@qD\r=s,<;,~$U4<X2zo}2Ɗ<;@%e\rlk\n{)k\n5p؟$dN13*S8G#,2VXّGGK;.9KE5?d 4<U9+jPp\" }=8ىT,q6i&لfш,Ȑ,,)_)GbfT몰 EH&Ɗ<;ztHȎ$*$:$K-6K|B*KQ0*Hxk94ƊL;bT,h$&$mH\\Ʋ-M<ʥ3bW)z@\ZQXceGJEYXЅa>ck}{Bv膆dEɴbfTp EHʄ3VXؑid3tCH $;OI;44}(X̍y]\"gѢG+î4oj\Z\ZmTtJ\"(|N\"6\n\"(uЋR=Phӵ5leء6\nm	D2yJbR`1}4:;W!EUބceإ#(`2yeA)S,aN15:aׅ-~Ҕ+l^_DI.HSX\"҄Utw?vt*uЋ®	Z@ЖJ¬\"B	Njn/ut}:aׅ-ERtL,fyjI2gUuTc29esbN2D35HceӊQ7 y#1VU	.#ן`էdCj Ք(OvMo@Ïj~Z׷/eH\'~elL4v^,q2\\kT2\"|UdJ/V̌]ɡ,]1VXؑ\Z`~8b{UȠ{A(0JQj.%4ܨ]ည&%+EV])Sĺ(BpS#ID7oTKFT^ƏC@J&sbw*~XCCX`ʴ+%2\nzFj6Z8+,PÒCCidʵ+#&S,_;ӦpQmm<黜w<kkPܨ]~p\\xds|aV\"RI/i%Ǫ5)X̍aɽW\"-ZH*mfYe7K!RY*hZ13*vUxGp|$cEU~\n[c.ODYJ=_V3j΀Q!캐ETڑwmj,Qh[\\TW+:.|hh3|t;YŘ%YEJBe*`i};fIL`$PSߤS8!ջ.,hՈ6Z,f\ZvETS/<{Fb*JVb:[<ڑ5aGCy|,Mězx\rA@˦3ZWus\r&ue.%LAأvG 4AiM7xq.1A\n;3zׅ-rVtlѶhæ.2Ait̗nRV.^v]H*3H:Mc\r,D-RyER36L&5|f%4vh!	GM+fF\nR4*uagG*hsKGF_$AiӔ-Ĵ8rMɴbfTRQ@0VXّ\ZxQh6LI&.M\\%KM:MiAxkGѴbfT몰 Hfr+b2Hp}Ic@)h,}R6H-%׏XV]6պ+,HR;y|ʳ#\rt_2,SUfHAL1e;_L)O/3J!-u_EӊQ? /uʴ#aҲ0\'K`\rve㰷[.H;\r.!<J)fE.\nR@4Lw\"*ώ_㦱qދ6% l%PЫi`Z13*vU8$=hƊ,;HDޔ:<dĒ|e3~PΒįUg	ܣneȱʴ#u\0t3 T+Z*)Hړ%ӊQ:OGY&)Vyv֗5\']IvA$IAW{$\Z(R̊j]yGEuʴ#a#OX(H\"nH6D3qL+fFŮ\nRdhN1V9vdclJMXeXhvTRɮhxC M\n\'sbwu<3e\nhѣiWv!:)0%A.d7_.a$\\NK.T̋LxPѢG+SMhyF^HĒ6%|jdM|2fДJ)fE.\nR@P6C+b2H,PZ$]eX-zHH9Hʁ%ӊQ:cʴG+Z2HA\\vk	L٢ceG A0i&^nQ^]2*gE.\nN 8}_Nyv\"x^PmlH6#|y%QC/%ӊQ9 M(GPy.=,P=UI4i]r6,F8	4.%>U0պ*,HIP3VXّ=8ERDlFtslGAG=}RB\Z=DNyfsqw]?Wc_R1LyCcEU60d9TU9}P0A/i	M<eV{б/I)~Acʴ#aS鮐İ~P3P>dZ13uUX\"$18cEU	(Ż(4$}K&2ݑ<\"3Σ`Z13*vU8$XcgGj6FI~0e(,3hi8L+fF\nR4*uagG\Zam	^_U%^n(/7YYC=ƹXJ1+uQ}7#+j2HЬ6%\nૡHVqp0AaQ\0b\"cQqL+fFŮ\nRdi\'$0VXeڑ`9A\"]{$yP!y!y(/T:4Z(:%i!EeA*Fbhʴ#ȋ\'\"\n@ƕNvlLmQ=V4P.3U;K)Vv$A;ӫd dӅaDXZ\'(_/ \"*-uҊQ? icEUق-\Z}!EP3jF|zw! I0L+fF\nRd[~ׅU;%I<hA(f<cfjhHGL+fFLO(#cEUiD%\ZXwo6l#FbV#WFR^\ZY*gG.V4!	+^vB\"-AJ)R̗Rg9j;]#ջ/,hU;Hdleء\'r^ϫu,bKĖbREP	EX@̞Q!캐T=e1ˆYuE4\"1ec%%\'l(A/f.$hC[Wk-61QĚ25|w)#bSEVee^\n)rWȨ;	=E^~	G&ӍA)XSkJ൰2߭BL)L+fFŮ\nR܀Q\'+bH\rF9Rv\n7M ˔A)LxDPΘ@ BacN(?)?N9v%VVi	dPAʠU\ZPg14fhGM+fF\nRdh/`ʒ<6ZbN`[k=<\n*GD˯u<!#/]Q2*H)!2VXؑ:o3l:w8}PAǨQ-:	KqU7LAzWVbnT쮰@K,FLR\0\'Ng$AǨQ-1^O<RҐN-X̍a|@]hQ#ofnfzHwBE\nF5_ш		)mDZR\Z}IZH#GcEU!TP8pTKt7(- atǤU^0tKB1tS+rKU  AeK\'Bc.V̌]Y&)5D5Vyu;a(t:\"lgGѴbfTp H=e9VyvMX(A< <AxA./IGL+fFŮ,ʊT5XbaG8HqІ(>١C`\0$tBiUJ-fG.<\ZhJleء6\nmcn#1?XţG=_Hy|bf0t:uaA\Z1ˆY˶ULqppcRKfԒbOYc(E?I\r*~E:OѢF+ϮLdT*REx&!|=u$J&f7*z8r8S\"hѣiW*8\nk4K	&\"MPEh[kKQ-SQ:ָYbʣWFK;.&&(#|edLv#V0*HC9rxB&HiRMP?~4K=8j2=4E̢įU@&ie3VXeu.=VJ>cT|#\'Ҥ\\bRIjP-beM̱XwJ0^Rd3poֱ\rZv6`,t?N$]>*gF\nVܠ4\"m.`2i4tdX)m;A;X\rsKy,z1Cu!,ZFjO\rp\"{$j6!%s\"aw8W1!ջ.,hՄ$˘cV+@<Uצ;dԒY6e	I8z1Cu!AKQ3f0ˢk{IEPvACP6@6C\ZD?DIK3bW)r@PtKƊ;R7P-P);.3 3ў>)!eG:;V/\n}IZH#XQccGhF\0giH2 \"a.(\'k^])5T?Ja.FznH3jP˸K%P7\0K&]\'.h\'IjeԌlp(9\r\\p%	\'0jP˸K\rl)h,*.(*J\0g9HKyv=$cC?p9\r-n9w*P7AVt#+mWJخ!Vнe7dwR8*-`C\Z*#FX	wT8}\r:KthN(*L>t.VMbʰ-,U|Ule ʴET4KJ%sB&~1*%BrBX\nQ\0ޒ2\Z&KY/t̠Eޠ@zEwb^ꦐDq\")NTB** VjԏAi<ΗG=}R*O4HKX=>s=!J9v!,M,ad/Aua@uxeTB1\'tOgynWMreQʱIR1G&ӱN*샪*D{Tԃ U`?>fJ9v!L5DS\Z؋}Aϗ=}Z*CCq2\ZT`Ǉv͟dNdBDtX\r\Z`(݉>bԔɏO0/4pÕېO\\fraׁgn`8hP~}P~\Zxc1AAЉ3zׅ-rЖt1f0˰CmJvowG/@T N\\o3:bڡ\\!ջ.,h.Y62P^\rƪS^-UʅjDH.dH.2vϻAI1iuЋ®	Z@Ў Pf9Ƣik4KVP\n|9;n0tR	Ŝ=iqڡfׅR&hF/ڛcU`xɎ]Ƅ\rI|9v	9\\ĢmF-j9vi|2YqHrхbFX\"+h1r*C餪)@qCǘp#ETc	yG Ar)K.AAɫJ\'U弨Ma\0Fq1RHeڍxd1%J)RJd$,:|C%MKzlbnT쮰@EKgCwR\0#\0ɒ A8)\'-Pg\Z$!R	Ŝ=a<Ɖ;1{k:lK%tRX\"Dzԃ6WLf~uo9Lh^?ɘe,(-.-6aFb$Ktѿ`ٷ@I,归Y6rTWK.?0Qa/LD{d4C\r(,J>$QbBX1Sى!l4`6\Z2heshqtWCxؠ`R1/tSgR&8e\'@t^ܹI7@*Ad\"0dlIxĠXJ1+tQXpvPt}Ɖ<|3\"!2Nw*Q\nA9_!hL黢\"0N,F\nTqhe@+îV˕S\0XS.tAb(PΗ=}R2*5D^CuQBpP0lC%$8c\'v#\ZVurvɢy T\Zq\'CENXJ1+tQXp!+\00N8eىtC;M鮆VA6Q-\Z\ZT*r)ŬEaT)Nec	aJTA1<-	[Jy\ZI$	4PGacOHbA0YA$jAاOKn1`R1/tSXpr0DS:;/,!buG҅ 	TAK\rt8bBI`bVT颰B>fHqʲavoD!\ruP%\naϮQ\'.N̈*]!L8q\")NwRHXho*ItCT:|ա>8\ZӋR9PMhGZ?;FmqdnܲJEzR2tsC%	_)^̐]JSȘe,g[k:&PK+R/<v?^*bhg,\"nbcrfo3DF<R\nTI7IYݣGe\nOhHol)X̍aięL=PMqpK=euD45d4];tb17vW8%3ihQUHutW34A)i+%ў>)1! E`ٷ@IKC1f0c=9	&H)#]!)^v]HR*E71ˆYY)V	Ct7D e4AhHa,UYs#Q=,9	/~a2aWWt9zB\0Gd	DPI4U=pzioh{e+rL*En\nN@V(qʏSƦ#lX4:1JmFKnFzTP;EB/A\ZACo9Lhxe̲a+C⢝Z6 gl)o0X@vt΄^o?W0fNTA;v~$	c$|	cN/ғqjE_.(8#gk)N\n` Jl(] Jx$TNF%AeB~#\rQ+F9vvQ\"OmPAW*0f:B7\\J1+*uQ8p\"	a|Ɖlg5X!\rM1` ng^̐]ȁjB[R_\r˘e,$E^:\']vAn-¦v	%f?QjʘuЋR9P9P_ɘe,G\r\'k:J7.(FOKvtgH?Hs-do?;eìHr.rE\rTuG!ȡ#))Ɛ]J1ˆY?d7PwAI%e7_I;]F͜#eG9[|j1;wYX,fvB[ua)_6(-|epp Cc雟ӋR7PyҒ1ˆP1O6(-mPZJxgIڠ7ČV3>X\"P 5a;\\ka]2CLBp:auƁPy͘eÌw(=\\!\rBN;_y6PNB/AcCȾ\\#I?4tblj]HeD{\"(!h)\"I߰ىph\"N8kR8-ll3BD;l	B[B>LCۤ{K_wꕯ;=>xG@0=1	[uЋR\"Pvl0u:IKCraBraJO.$ez1CumMn,fve[m^twmH.\\tةtqHt;hCbTﺰETm&c3ޡ9:ކE @z4mdzRq}\Zcly(mڱiȯ1E音ЍOJdu\\0ջ,,hC[Ww(|ȐXXWZpz\\\02	!CC}$1ˀٷ;\'oM_ww՗zZ~quxes?x\r>nEte^??qKmԵUOO뻏5Z/\"{uݛ~})u3\Zwi{<}jx9͇z7obx_]W_|y]o/~{v?t8qt~li˵J/n?_% ܬn?aqOaKS}e/x)~W7.2oV\'.mg=GUoj/+sH\Zs?&3s=_z~{6OÇvxN٪<P}tI\Z`g&ݫuo3Od%Q%1FxepF\Zd3kD\Z_\'h́؋d3\0)gÜ9ƕM8\0L/\"ox\0`|lD6Wuӿ聯ɡF4cztp{s,\03bvc$aj52$\nW_7=`DcXj#X-e\r%+` +>\0)\\chO8OhI)%e4Fx2@Cr-Ub\r&\\=Z93Eq/!b\ZWPfZ-\r~+#]I,-o|_BpcPmi%GX=V	{4}\"Q[U\0_\ZFK\n`jbihY\n)vHGK,RR?ђWDLӛyS$噽*1}EQ{\'Yrw\"b\'eM~6^{9!507Bi3Vyd(gY%d\Z\r\r\0ve#,6b&mxZZcY2r$U@h/º2;;Zk\"g8cjPDX NvTW-ԕ9K^tC~@H[2#a?~^6Cdr֛:\'}ݐ1\r,QC(_w닻i~^}ϋO닏ӧOL423=oȘ^wqD-݁Vw͓[ŸK.7SۊVl]U2wjz͋=ͱݹx]vݴA6?۟uj[CK`-gq̶9#dkESRnvw񼙲};1W/؂X#eQ\n&4oBSUwj[X1QMHg~7q\0ݩҜWa\\L[Br꾝%3,0[pNKM;U1Sd)i\r`{ˌS*>u_j{ *0$QУΒIZmZi{~*j]MIa\rhր&&o\ZDITdE P:wT3	u{Bh[2:%S]\nOXI ,hamӖbTӣ=p3g*1}KFGd*?2YE UG2\ZtnމPj:bߨi;4:C<gx9ޚ|^vQmQ1=|*Po*5|EG]5TQWc<d͞.	9}EGYXhE\r,th\rӀZ(S(tq\"(A`^M}rutE\r^t%}mñ&3JM1|ީXw2\n\'RwyLLc\'È%/2_NCML1|kb҅I&3EP7w1<	OXa=(7bj;T\r2@M^>@H\Z2qpY׼G<9B#:4_[;sc7(hyf\00w܀c|ĴjtX-Lq[-쌔oӴ1m\ZVQSΒfb6MӦk\0h/\r1}@/|I, x=gZBI;Nm`tvaMژIV!<b5\ZGjo%m\\d\06e[C\'&eoqʪժFFS%o1m;{~㷍zseo@9ʠ3hmvN1eŞ/0\'e\Z]LW|c[MGs;S *-޻.-W}it uzTj%\'`ma%tQmagYl)lM&cSɧ`owtQDzQ%0-?XÁs78i_vpdTؤ/do4t1ܗ4phYc|[s)V%%}{>k#27-K%%\\y.F7No\n\nbY:QRZŰňd)\\%%~?5S}]d?eUo6:Лs]LYᰑv\0gCm2%?UixTQO*=;\"]\'Rqb#q4,w8o=ޛ<-9}gtVPo\n+\Z0mA-JN[[9\Z\ZvX~c&Mp?@J߾Q~~U\ZZrXut:`YI<6Sq8|\'H9{/O!b`bO2_|qטOS|,Mh{#}To>UX%g\rLtq<j19gR7*FEM~N(aUgyfөҷ*VE]ީ?vjrw.BJi)	܍%1\rRDc#L6Pb:K,b\n-}->喈d]KW<xi^ka\\ܹ8{\nI:6D)\Zߺ\\,3I>\"4+4mgDGKtCw	Ys2p5[R5BI,̋,5UfLݨ$qUrS&n,09Y՘smjLzzU9ĤxQbuz%3Tz4ppM`Y<QSC>P3;f)\'bL81+RT;{ȦyMHƛpVz!2&)8voÐqS44DLCFxbN\Z)0uRM!u$:|o}f%Óh	%vTD\0hJb]3Cqq`)\nsxtx&b~{8ȫ$cXEz;^=D=Cv$_U}ETv*K\"T_v\ZhcPT!\r=&woM])xcuv)7T	.JOK2LWH)(*ᣅZ3\r]&escM(`؛c4b>3c^!8G5B7PjPկGiu\"h4ɘNSmz{h/TQ5{=CItЦ<*=U`o*S3dL:ϩ:LfFK,f^֫95CIF]78=7dL	8MzA`Ԝ,qXa^yU$~$N,+BKI爃	qo!G̳BGŴz.cDt$R&bB0+e3«?\'\0=DQqEe\\߈|?cEIcϣ%ǄUZKbͣQbZ9h^J0^ރuqOMAH\",7?3\0DUhps9~YV0(4FQ1-Uѓ9ne&&M=*n<\'u}z=C=%SozuĢ%\'XԡczIyMG6P+fV:DMґݤ9\'ڿ\"{Rˏ\"p8;jӫ@/rXi:N:T	7dq_ZXÒNh<_eE&Km\ZچޔM1mz]|;o>odr~:%T.F]>GtC-$7n֝X\\^lGK7s[35tLHR\norIb~\Z7$L@\Z`q4od3i\'JRUzK&Tyzv/Ĕ\n~޺\ZA2iXz?gbz&GHM=ZVÛд0QMxcP;<ZY|=yfV~URyo]lqbvv}Gб01ꁃzyС0QSˡ@{2چEӰ8)k<xAJ-ECSqUqz,	݇V\n|*3S244Z>gň*̈3!)\Zz&-3YDߘP7nژMq4pdYlƎD{6@N8At\r6r4\ZlF\"HeMd->D j\ZDuW#UhDLiC\Z:Y8Ȋe]tQ`MBhٴhyfYkE)51F\"iTWEyȈI\ZC]7OH^}\rEUoQINXAu!vQ.,\nP/.WD/HŴpD!5EOKO4vOĻӨ&<0bZ>Un!<=PcI=HZ;]ܴ2\nBBuT,X*uhB;jN>bՊD\0lب1c\"_?=Y`)z?{?MRUXh%g0.9DQǂ).P9ĪTf9Dr=6SW1<gu\r3@ׅ].Q܆NBa\0w%t6kQؘNr^j|z0H@4Xޒc:,(,s\"-6\0!0\'TCςܳA[3tbl\\\'JI8\rO}h1Ce$K.aD0N4rjKOꀷ$9>Q3͜>O]ȑuЍ͑h/\Z+u\0X~Ǵv40e墧1҆&1S-ECkih`%Mt9nBA\n}KB~h1LR34@*Y>sf\r͞>S:]*=#S£ǄG<wT34{ȱmrڒ\\}#.O/]|kl[.6AGKEWb8㢷eYtkF[	/:5ZbXrxr.:ؽH\0M5b2	Zⷅ,I5;7\':XcXcBr;JvsOnEcjGS,B.$ԎkC[)Vz	\\$d\\v\r,xSu١єdɖ\rMK&4s2#ǻ8齈?o@:?)1\'}[*dkEjFKf!\r7?Eѣ%֢܋,ǽh+hPaY^_XGKE-y)Vg`af1A7`KlzQ\Z-(pz)H[h,PGKS}\nɔ\\W\\sL%sN&s7涛\Z&Ѕ5l[oL[N>>^#$1Cu)OrmOq;`a`diREXwR\ZqѡђTv/={N^\0VGKEHQCEg,O\ZD%V)2u:h.Rf-˵-_\0,2E[JpѺu.\n\ryhL\')W]Cs\ZoM!uӚň=_@A5づtONԧ,\rlUA8K$7S1%W	tPd\\*W6&Sel[KٰɔɖIL9I2S-\\+EFط5̞.IqXa e\"_A{+\\<%΢w@jW@U\nkV\r>.KV7-%ؽ`i8KS]sƥN-^p-%.\nbV,A}ŀtHg>=բCaΒ>i,\rguɮGC6MtK	,9mL\\kd]\r`\0Re:%ViDu9A3Gbs[?o$<g.pWd.-ђ%\\el&P9KHe1Zv]}KdYtt/bً#3H\r>NFu[<;)բXckӽ]D͍XK\"F-]SB\0\'X8S牼q;5{ڴ֝/zyiLi\r[rSʼ$eimКuQԛb%J0bRX@R&p\\o:s\Z*$\\oPp0dKW8*㨒Q-~\\şnZ6xlNR]-{]e*[;,ޕuYpq\"1\0ݔkiJQֈ6j-X\rX}mrԓ~}sMZv8\0)eu3xZtSS˓͸d~oLSXOL{s*3ٗqڛPC)o/+\n{s$_	Xcϫ5G¸%\0kJ-MLڒDd.\"0.R;6|J-DT̱|y}0Y9_|-m!~9#cON|X|D +^M7g?F7mޏHiУ)k:=28p2eFe@)0Bqfb{]m[ůO\r-o.,pEۅ,M#48itX=%3B\n8XR#	t,\"cf%֐Y\rT6B2CS5]vDVrXQyKCvZZ΢B5%0x8PUVȂBUi\ZuM\0Qoq]!b+[);D.\0&S\".Bdƛb\0fzRU/ˉWw,58:SZWoTXCvϋ΄zf]@J[|MR=H6!4ȮZJ5VN2LR6F-]\n{SFR\05Ks;OnWH=sZQ[HaC\'-`r(,(vۻǏ?KKKKͽ&^[|uZ❾P͉-~]ڨŷ_[U_MEZ]vwݻ?]vkW׻|廼yay?}Z_._i˧Ob~~<\\Wx\\4%zUâA4ښ47՝[OzZ{>6~?ܭo< /+@yX=ݼw[-/Wv}Y~~.lv7_>qs|~X?>_\0PK>%jU\0\0	\0PK\0\0\0\0\0,BNl9.\0\0\0.\0\0\0\0\0\0\0\0\0\0\0\0\0\0\0\0\0\0\0\0mimetypePK\0\0\0,BN:\0\0 \0\0\n\0\0\0\0\0\0\0\0\0\0\0\0\0T\0\0\0styles.xmlPK\0\0\0,BNS\n\0\0\0\0\0\0\0\0\0\0\0\0\0\0\0\0\0\0\0meta.xmlPK\0\0\0,BNYa\'\0\0\"\0\0\0\0\0\0\0\0\0\0\0\0\0\0\0	\0\0settings.xmlPK\0\0\0,BNCK\0\0Z\0\0\0\0\0\0\0\0\0\0\0\0\0\0\r\0\0ObjectReplacements/Object 2PK\0\0\0\0\0,BNk9C\"\0\0\"\0\0\0\0\0\0\0\0\0\0\0\0\0\0\0)\"\0\0Thumbnails/thumbnail.pngPK\0\0\0,BN#}@\0\0D\0\0\0\0\0\0\0\0\0\0\0\0\0\0D\0\0Object 2/content.xmlPK\0\0\0,BNP\0\0\0\0\0\0\0\0\0\0\0\0\0\0\0\0\0S\0\0Object 2/styles.xmlPK\0\0\0,BNLK\"\0\0K\0\0\0\0\0\0\0\0\0\0\0\0\0\0\0U\0\0Object 2/meta.xmlPK\0\0\0,BNh\0\0\0\0\0\0\0\0\0\0\0\0\0\0\0\0\0`W\0\0manifest.rdfPK\0\0\0\0\0,BN\0\0\0\0\0\0\0\0\0\0\0\0\Z\0\0\0\0\0\0\0\0\0\0\0\0\0X\0\0Configurations2/toolpanel/PK\0\0\0\0\0,BN\0\0\0\0\0\0\0\0\0\0\0\0\0\0\0\0\0\0\0\0\0\0\0\0\0X\0\0Configurations2/floater/PK\0\0\0\0\0,BN\0\0\0\0\0\0\0\0\0\0\0\0\0\0\0\0\0\0\0\0\0\0\0\0\0\rY\0\0Configurations2/menubar/PK\0\0\0\0\0,BN\0\0\0\0\0\0\0\0\0\0\0\0\0\0\0\0\0\0\0\0\0\0\0\0\0CY\0\0Configurations2/toolbar/PK\0\0\0\0\0,BN\0\0\0\0\0\0\0\0\0\0\0\0\0\0\0\0\0\0\0\0\0\0\0\0\0yY\0\0Configurations2/progressbar/PK\0\0\0\0\0,BN\0\0\0\0\0\0\0\0\0\0\0\0\0\0\0\0\0\0\0\0\0\0\0\0\0Y\0\0Configurations2/images/Bitmaps/PK\0\0\0\0\0,BN\0\0\0\0\0\0\0\0\0\0\0\0\Z\0\0\0\0\0\0\0\0\0\0\0\0\0Y\0\0Configurations2/popupmenu/PK\0\0\0\0\0,BN\0\0\0\0\0\0\0\0\0\0\0\0\Z\0\0\0\0\0\0\0\0\0\0\0\0\0(Z\0\0Configurations2/statusbar/PK\0\0\0\0\0,BN\0\0\0\0\0\0\0\0\0\0\0\0\0\0\0\0\0\0\0\0\0\0\0\0\0`Z\0\0Configurations2/accelerator/PK\0\0\0,BNJo\0\0\0\0\0\0\0\0\0\0\0\0\0\0\0\0\0Z\0\0META-INF/manifest.xmlPK\0\0\0,BN>%jU\0\0	\0\0\0\0\0\0\0\0\0\0\0\0\0\0L\\\0\0content.xmlPK\0\0\0\0\0\0p\0\0\0\0\0\0','Practical Excercise Manmeet.ods'),(6,100003,'PNG\r\n\Z\n\0\0\0\rIHDR\0\0\0d\0\0\02\0\0\05~\0\0\0bKGD\0\0\0\0\0\0	pHYs\0\0\0\0\0\0\0\0tIME\r7\0\0\0iTXtComment\0\0\0\0\0Created with GIMPd.e\0\0IDATx혹K3]O6!Z$Q#&V	ll,,H*b!6#k!\ZƠ.WL<0sϹ{g\0 LF2rttDHE2\Z466FH$g~)b499ImmmP(HPKK\\.rhddW\">p8J\"Boo/rADօB<<<(#\Z\"9$ADC9Swc۟D\"\"(E(eMDz?BɄݜ} jkkvǿ(6d!D.K(P0XYYd1 \"B$I,--`$c@Dp:p:9377d2loo0>>^W(h!Fݕ$d``\0@\0t\ZP.D)b*++ADd2yuP(p~~.l6?+;͂`0J\rrŖB1??\"BOOϯp8\"B]]dF.//~d\"BWWdZ\r\"˗}nCA bb~(_	D\" \"TWWKx< \"LOO,϶EDPTyL&SQ+D}}G:-(tt\Zjɗn\0D\Z\ZH`XPQQ\\]]%n<EC\Z\Z\Z@D8==E<ď6:D/9-(doo6\rJZ&	^X,kjh`Xl6[p5R),,,b@RA.Cףn;o\r -gccPհZ1XVr|m|>z}Ywu°°°°°0,0,0,0,0,a!,a!,a!,;{v/\0\0\0\0IENDB`','Untitled.png'),(7,100003,'-- phpMyAdmin SQL Dump\n-- version 4.6.6deb4\n-- https://www.phpmyadmin.net/\n--\n-- Host: localhost:3306\n-- Generation Time: Nov 06, 2019 at 11:13 PM\n-- Server version: 10.1.26-MariaDB-0+deb9u1\n-- PHP Version: 7.0.27-0+deb9u1\n\nSET SQL_MODE = \"NO_AUTO_VALUE_ON_ZERO\";\nSET time_zone = \"+00:00\";\n\n\n/*!40101 SET @OLD_CHARACTER_SET_CLIENT=@@CHARACTER_SET_CLIENT */;\n/*!40101 SET @OLD_CHARACTER_SET_RESULTS=@@CHARACTER_SET_RESULTS */;\n/*!40101 SET @OLD_COLLATION_CONNECTION=@@COLLATION_CONNECTION */;\n/*!40101 SET NAMES utf8mb4 */;\n\n--\n-- Database: `research`\n--\n\n-- --------------------------------------------------------\n\n--\n-- Table structure for table `proposal`\n--\n\nCREATE TABLE `proposal` (\n  `id` int(11) NOT NULL,\n  `applicant_id` bigint(15) NOT NULL,\n  `proposal_name` varchar(500) NOT NULL,\n  `type` varchar(20) NOT NULL,\n  `date_time` datetime NOT NULL,\n  `guide` varchar(50) NOT NULL,\n  `researcher_email_id` varchar(100) NOT NULL,\n  `researcher_mobile_no` bigint(15) NOT NULL,\n  `year` varchar(5) NOT NULL,\n  `Department` varchar(25) NOT NULL,\n  `status` enum(\'001.applied\',\'010.srcm_assigned\',\'020.srcm_approved\',\'030.sent_to_ecms\',\'040.ecm_assigned\',\'060.ecm_approved\',\'070.ecms_approved\') NOT NULL,\n  `forwarded` int(11) NOT NULL\n) ENGINE=InnoDB DEFAULT CHARSET=utf8mb4;\n\n--\n-- Dumping data for table `proposal`\n--\n\nINSERT INTO `proposal` (`id`, `applicant_id`, `proposal_name`, `type`, `date_time`, `guide`, `researcher_email_id`, `researcher_mobile_no`, `year`, `Department`, `status`, `forwarded`) VALUES\n(14, 111172357079, \'TO STUDY THE CLINICAL PROFILE, MANAGEMENT AND OUTCOME OF ACCIDENTAL POISONING IN CHILDREN\', \'PG Dissertation\', \'2019-08-08 16:03:58\', \'Dr Charmy Patel\', \'\', 0, \'2019\', \'Paediatrics\', \'040.ecm_assigned\', 0),\n(15, 111119500892, \'A longitudinal study of correlation between perceived stress, academic resilience, emotional intelligence, personality traits and academic performance in MBBS students\', \'Research Project\', \'2019-08-08 18:58:12\', \'Devashish Palkar\', \'\', 9998141221, \'2018\', \'Psychiatry\', \'040.ecm_assigned\', 0),\n(17, 111129332087, \'“Perception of an Indian serodiscordant (one partner\\r\\nHIV negative and One partner HIV positive) over Pre-\\r\\nExposer prophylaxis for HIV Prevention- PrEP and\\r\\nUndetectable viral load is equal to Untransmittable HIV\\r\\ninfection U=U”\', \'Poster/Paper\', \'2019-08-15 11:42:10\', \'Dr. Sweta Patel\', \'\', 0, \'2018\', \'Community Medicine\', \'040.ecm_assigned\', 0),\n(86, 111118612297, \'A study of clinical profile of mechanical eye injury in adults and its analysis by ocular trauma score.(Prospective study)\', \'PG Dissertation\', \'2019-08-20 16:18:45\', \'DR. JAY .U. RANA\', \'jayrana17@gmail.com\', 9408115290, \'2019\', \'Ophthalmology\', \'010.srcm_assigned\', 0),\n(87, 111100662670, \'“TO STUDY THE CLINICAL PROFILE, BACTERIOLOGICAL PROFILE, ANTIBIOTIC SENSITIVITY PATTERN AND OUTCOME OF NEONATAL SEPTICEMIA  IN NEONATAL INTENSIVE CARE UNIT( NICU) IN A TETIARY CARE HOSPITAL.”\', \'PG Dissertation\', \'2019-08-20 16:31:19\', \'Dr Rakesh Chhotala\', \'rakeshchhotala8@gmail.com\', 9737363019, \'May 2\', \'Paediatrics\', \'010.srcm_assigned\', 0),\n(92, 111139240154, \'The influence of social media among students of  Surat city - a cross sectional study.\', \'PG Dissertation\', \'2019-08-27 10:59:47\', \'Dr. Raktim Engti\', \'raktimengtiting@gmail.com\', 8130669019, \'2019\', \'Community Medicine\', \'010.srcm_assigned\', 0),\n(95, 111118612297, \'“A cross sectional study of peripheral retinal degeneration  in myopia”.\', \'PG Dissertation\', \'2019-08-28 12:35:28\', \'Dr. Yashorajlakshmi\', \'yashorajlakshmi@gmail.com\', 9974398637, \'2019\', \'Ophthalmology\', \'010.srcm_assigned\', 0),\n(96, 111158373497, \'STUDY OF FUNCTIONAL OUTCOME OF TLIF (TRANSFORAMINAL LUMBAR INTERBODY FUSION) IN LUMBAR INSTABILITY \', \'PG Dissertation\', \'2019-08-29 15:41:39\', \'DR YASH M MEHTA\', \'yash_95_mehta@yahoo.co.in\', 9909400945, \'2019-\', \'Orthopedics\', \'010.srcm_assigned\', 0),\n(97, 111110638064, \'To study the extent of internet use and its correlates among selected youth of Surat city: A cross sectional study\', \'PG Dissertation\', \'2019-08-29 17:34:40\', \'Abhishek Mukherjee\', \'abhishekmkhrj1212@gmail.com\', 7001889429, \'2019\', \'Community Medicine\', \'060.ecm_approved\', 0),\n(98, 111158373497, \'SALVAGE OF FAILED INTERNAL FIXATION OF PERTROCHANTERIC HIP FRACTURE : CLINICAL  & FUNCTIONAL OUTCOME OF VARIOUS METHODS IN ADULTS: A PROSPECTIVE OBSERVATION\', \'PG Dissertation\', \'2019-08-29 18:16:35\', \'DR RISHI PARESH PATEL\', \'rishipatel994@gmail.com\', 9978710190, \'2019-\', \'Orthopedics\', \'010.srcm_assigned\', 0),\n(99, 781969244089, \'FROZEN SECTION- A DIAGNOSTIC TOOL IN SURGICAL PATHOLOGY AND IT’S CORRELATION WITH HISTOPATHOLOGY FINDINGS AT TERTIARY CARE CENTRE  IN SOUTH GUJARAT –  A CROSS-SECTIONAL STUDY.\', \'PG Dissertation\', \'2019-08-30 16:02:44\', \'Dr. Ridham D. Sukhadia\', \'ridham1995@gmail.com\', 8866773098, \'2019\', \'Pathology\', \'010.srcm_assigned\', 0),\n(100, 111113861297, \'HISTOPATHOLOGICAL STUDY OF HYSTERECTOMY SPECIMENS-A STUDY AT TERTIARY CARE HOSPITAL\', \'PG Dissertation\', \'2019-08-31 09:35:13\', \'Dr. Asha S. Vinzuda\', \'drashavinzuda@gmail.com\', 9714612945, \'2019\', \'Pathology\', \'040.ecm_assigned\', 0),\n(101, 111115740702, \'Prospective study of diaphyseal fractures of humerus treated with interlocking intramedullary nail- comparison of antegrade and retrograde nailing techniques\', \'PG Dissertation\', \'2019-09-01 19:15:59\', \'Missam\', \'misamuniya151@gmail.com\', 9824780660, \'2019\', \'Orthopedics\', \'010.srcm_assigned\', 0),\n(102, 111115740702, \'Functional outcome of distraction laminoplasty in lumbar canal stenosis in adults\', \'PG Dissertation\', \'2019-09-01 19:20:11\', \'Aniket\', \'aniketpatel4794@gmail.com\', 9824780660, \'2019\', \'Orthopedics\', \'010.srcm_assigned\', 0),\n(103, 111181427001, \'Evaluation of clinical and radiological outcome of unstable lower end radius fracture  in adults treated  with  different surgical  modalities -A prospective  studyp\', \'PG Dissertation\', \'2019-09-03 09:06:40\', \'Pranavu. K. Devu\', \'Pranavpmnl00@gmail.com\', 8281772654, \'2019\', \'Orthopedics\', \'010.srcm_assigned\', 0),\n(104, 111165420408, \'Clinicopathological spectrum of prostatic lesions at tertiary health care centre\', \'PG Dissertation\', \'2019-09-03 09:54:15\', \'Dr. Parmita L. Jayani\', \'parmitajayani7@gmail.com\', 8530201025, \'2019\', \'Pathology\', \'010.srcm_assigned\', 0),\n(105, 111160607429, \'A Study of platelet volume indices in patients of Type 2 Diabetes Mellitus.\', \'PG Dissertation\', \'2019-09-03 12:23:23\', \'Dr. Vishakha Shyam Gupta\', \'gsvishakha@gmail.com\', 9594400327, \'2019\', \'Pathology\', \'010.srcm_assigned\', 0),\n(106, 111181427001, \'prevalence of osteoarticular menifestation in sickle cell disease at tertiary care centre in south gujarat\', \'PG Dissertation\', \'2019-09-03 13:27:08\', \'Parmar Nirmal Bharatbhai\', \'nirmalparmar108@gmail.com\', 9662366653, \'2019\', \'Orthopedics\', \'010.srcm_assigned\', 0),\n(108, 111150390940, \'Histopathological study of  Urinary Bladder lesions at tertiary health care centre\', \'PG Dissertation\', \'2019-09-03 15:41:26\', \'Dr. Nilam J Tejani\', \'tejani.nilam@gmail.com\', 7567208507, \'2019\', \'Pathology\', \'010.srcm_assigned\', 0),\n(109, 111169190762, \'Histopathological study of lung malignancy at tertiary health care centre\', \'PG Dissertation\', \'2019-09-04 10:24:45\', \'Dr.Shweta Sutariya\', \'shweta12sutariya@gmail.com\', 9376726858, \'2019\', \'Pathology\', \'010.srcm_assigned\', 0),\n(110, 111111004197, \'Histopathological study of various neoplastic and non-neoplastic lesions of Intestine at tertiary care centre of South Gujarat\', \'PG Dissertation\', \'2019-09-04 11:17:48\', \'Dr. Sayantani Das\', \'sayideas@gmail.com\', 9051335534, \'2019\', \'Pathology\', \'010.srcm_assigned\', 0),\n(111, 111150390940, \'Cytomorphological study of various body fluids in neoplastic and non-neoplastic conditions at tertiary care hospital.\', \'PG Dissertation\', \'2019-09-04 15:30:44\', \'Dr. Krishna K. Anajwala\', \'krishnaanajwala1996@gmail.com\', 9909627787, \'2019\', \'Pathology\', \'010.srcm_assigned\', 0),\n(112, 111137199905, \'STUDY OF CLINICAL PROFILE, LABORATORY FINDING, MANAGEMENT AND COMPLICATION IN CHILDREN WITH ACUTE VIRAL HEPATITIS AT TERTIARY CARE HOSPITAL\', \'PG Dissertation\', \'2019-09-04 15:52:25\', \'Dr. Jagruti Konkani\', \'jagrutikokani1122@gmail.com\', 8141070286, \'2019\', \'Paediatrics\', \'010.srcm_assigned\', 0),\n(113, 111126411782, \'HISTOMORPHOLOGICAL SPECTRUM IN SUDDEN DEATH–AN AUTOPSY STUDY AT TERTIARY CARE CENTRE\', \'PG Dissertation\', \'2019-09-04 16:23:31\', \'Dr.Sheetalben Yogeshkumar Gujrati\', \'drshee123@gmail.com\', 9898312828, \'2019\', \'Pathology\', \'010.srcm_assigned\', 0),\n(114, 111179448537, \'Determinants of nutritional outcome among beneficiaries of Nutrition Rehabilitation Centre – A Cohort study\', \'PG Dissertation\', \'2019-09-05 12:31:46\', \'Dr Dhwani Chauhan\', \'dhwani712@gmail.com\', 9909975191, \'2019\', \'Community Medicine\', \'040.ecm_assigned\', 0),\n(119, 111183590594, \'Observational study for assessing relation of Visual impermanent with symptoms of Depression \', \'PG Dissertation\', \'2019-09-08 18:56:59\', \'Chandniben Sureshbhai Satani\', \'chandnipatel1995@gmail.com\', 8238431335, \'May, \', \'Ophthalmology\', \'010.srcm_assigned\', 0),\n(122, 111182560159, \'Analysis of completeness of blood vacuum tube filling at a clinical laboratory attached to tertiary care center\', \'PG Dissertation\', \'2019-09-09 12:51:50\', \'Dr Chinka Patel\', \'chinkapatel133@gmail.com\', 9099514805, \'2019\', \'Biochemistry\', \'010.srcm_assigned\', 0),\n(123, 111183590594, \'Diabetic Retinopathy Screening in Diabetic patients attending Non Communicable Disease Clinic at Tertiary Heath Centre\', \'PG Dissertation\', \'2019-09-09 21:04:10\', \'Vrutti M Merchant\', \'vrutzmm@gmail.com\', 9029443139, \'2019\', \'Opthalmology\', \'010.srcm_assigned\', 0),\n(124, 111141616267, \'PREDICTORS OF REQUIREMENT OF POST OPERATIVE VENTILATORY SUPPORT FOR PATIENT UNDERGOING GENERAL SURGERY\', \'PG Dissertation\', \'2019-09-09 21:07:27\', \'Dr.Andrews.M\', \'andrews.9894@gmail.com\', 8489095548, \'2019\', \'Anesthesiology\', \'010.srcm_assigned\', 0),\n(125, 111165968362, \'Comparison of  Fascia iliaca compartment block and 3 IN 1 block for alleviating pain of positioning for spinal anaesthesia in patients undergoing surgery for acetabular and proximal femur fracture.\', \'PG Dissertation\', \'2019-09-09 21:29:14\', \'Anand Kishorbhai Solanki\', \'aksolanki1511@gmail.com\', 9664519203, \'2019\', \'Anesthesiology\', \'010.srcm_assigned\', 0),\n(126, 111160607429, \'Histopathological study of granulomatous lesions in tertiary care hospital.\', \'PG Dissertation\', \'2019-09-11 09:59:54\', \'Dr. Tilala Ajay Dineshbhai\', \'tilalaajay@gmail.com\', 8140987422, \'2019\', \'Pathology\', \'010.srcm_assigned\', 0),\n(127, 111118612297, \'An observational cross sectional study of intra-operative complications of mature catract.\', \'PG Dissertation\', \'2019-09-11 10:12:13\', \'Dr. Jainika Mavani\', \'jennymavani3399@gmail.com\', 9879259431, \'2019\', \'Ophthalmology\', \'010.srcm_assigned\', 0),\n(128, 111173864178, \'Determination of direct and indirect cost incurred by TB patients during diagnosis and treatment in urban area of South Gujarat: A mixed method approach \', \'Research Project\', \'2019-09-11 11:45:53\', \'Dr Rutu Buch\', \'rutu.buch@gmail.com\', 9374987303, \'2019\', \'Community Medicine\', \'030.sent_to_ecms\', 0),\n(129, 111191509897, \'The Retrospective observational study of corneal collagen cross linking in patients of keratoconus coming to tertiary health  center in South Gujarat.\', \'PG Dissertation\', \'2019-09-11 16:29:20\', \'Parth Dave Umeshkumar\', \'parthdave661@gmail.com\', 9979784982, \'2019\', \'Ophthalmology\', \'010.srcm_assigned\', 0),\n(130, 111183590594, \'A cross-sectional study for evaluation of Retinal Nerve Fiber Layer thickness and Macular Volume in patients of Schizophrenia using Optical Coherence Tomography at a tertiary care center in South Gujarat.\', \'PG Dissertation\', \'2019-09-11 17:33:57\', \'SHINJINI SAHAY\', \'shinjinisahay@gmail.com\', 9167062906, \'2019\', \'Opthalmology\', \'010.srcm_assigned\', 0),\n(131, 111196755327, \'Private Sector Involvement in Tuberculosis Control in Surat City – A Cross-Sectional study\', \'PG Dissertation\', \'2019-09-12 10:13:19\', \'Dr. Khushboo Hadiya\', \'khushboohadiya1991@gmail.com\', 9879617035, \'2019\', \'Community Medicine\', \'010.srcm_assigned\', 0),\n(132, 111122221253, \'An observational study of effectiveness of 2 ml 0.05% levobupivacaine + 25 mcg fentanyl combination in spinal anaesthesia for TURPTUR-BT.\', \'PG Dissertation\', \'2019-09-12 11:59:29\', \'Sridhar M\', \'sridharmn819@gmail.com\', 8197348627, \'2019\', \'Anesthesiology\', \'010.srcm_assigned\', 0),\n(133, 111145876700, \'Predictor of post operative AKI in patient undergoing surgery in surgical department \', \'PG Dissertation\', \'2019-09-13 20:28:55\', \'Dr. Smit patel\', \'Patelsmit1610@gmail.com \', 8469843485, \'May 2\', \'Anesthesiology\', \'010.srcm_assigned\', 0),\n(134, 111145876700, \'Comparison of two difeerent videolaryngoscope Airtraq and Tascope for the success of intubation in patients scheduled for cervical spine surgery \', \'PG Dissertation\', \'2019-09-13 22:18:01\', \'Abhinaya s\', \'drabhinaya2017@gmail.com\', 8220003627, \'2019\', \'Anesthesiology\', \'010.srcm_assigned\', 0),\n(135, 111119655372, \'Comparison of dexmedetomidine with   combination of midazolam - fentanyl pretreatment on induction of anaesthesia with Etomidate\', \'PG Dissertation\', \'2019-09-14 00:44:58\', \'Sojitra Nalin Pravinbhai \', \'nalinsojitra004@gmail.com\', 8141640490, \'2019\', \'Anesthesiology\', \'010.srcm_assigned\', 0),\n(136, 111129115301, \'\\\"An assessment of risk factors for Cesarean Section and proportion of operative deliveries in a tertiary health care setting attached with a teaching institute in South Gujarat.\\\"\', \'PG Dissertation\', \'2019-09-14 22:39:41\', \'DR. KAVITA G. BODAR\', \'bodarkavita@gmail.com\', 8306678070, \'2019\', \'Community Medicine\', \'010.srcm_assigned\', 0),\n(137, 111119655372, \'Effect of air-oxygen anaesthesia and nitrous oxide-oxygen anaesthesia on\\r\\nblockbuster laryngeal mask airway cuff pressure changes during short\\r\\nsurgical procedure\', \'PG Dissertation\', \'2019-09-14 23:50:30\', \'Usad Bhargav Ghanshyambhai\', \'bhargavusad@gmail.com\', 8866833130, \'2019\', \'Anesthesiology\', \'010.srcm_assigned\', 0),\n(138, 111119655372, \'OBSERVATIONAL STUDY OF COMBINED FEMORAL AND SCIATIC NERVE BLOCK FOR LOWER LIMB SURGERIES.\', \'PG Dissertation\', \'2019-09-15 16:21:54\', \'MISHRA DHARMENDRA RAGHAVENDRA\', \'dharmendra15mishra@gmail.com\', 7383717851, \'2019\', \'Anesthesiology\', \'010.srcm_assigned\', 0),\n(139, 111133936789, \'CORRELATION OF BLOOD PRESSURE AND PERFUSION INDEX AFTER GIVING SPINAL ANAESTHESIA IN A PREGNANT WOMAN FOR LOWER SEGMENT CAESAREAN SECTION\', \'PG Dissertation\', \'2019-09-15 22:18:57\', \'Chung chung kipa lachungpa\', \'chungchunglachungpa123@gmail.com\', 8145296428, \'2019\', \'Anesthesiology\', \'001.applied\', 1),\n(141, 111148712547, \'“Birth preparedness and complication readiness (BP/CR)\\r\\namong the antenatal women of more than 20 weeks of\\r\\npregnancy at Urban Health Training Centre in Surat city -\\r\\nA Cross Sectional Study”.\', \'PG Dissertation\', \'2019-09-16 11:39:47\', \'Patel Geetaben Kanjibhai\', \'geetapatel15194@gmail.com\', 8980339568, \'May 2\', \'Community Medicine\', \'040.ecm_assigned\', 0),\n(142, 111169759923, \'”TO STUDY THE CLINICAL PROFILE, COMPLICATIONS AND OUTCOME IN CHILDREN WITH SICKLE CELL DISEASE AT TERTIARY CARE HOSPITAL OF SOUTH GUJARAT”\', \'PG Dissertation\', \'2019-09-16 14:49:53\', \'DR ASHA RATHOD\', \'drasha284@gmail.com\', 9537475755, \'May 2\', \'Paediatrics\', \'010.srcm_assigned\', 0),\n(143, 111128097806, \'AN OBSERVATIONAL STUDY OF INTESTINAL STOMA CLOSURE\', \'PG Dissertation\', \'2019-09-16 17:05:40\', \'Dr.VISHWA KIRITKUMAR GOR\', \'gor20vishwa@gmail.com\', 9409200707, \'2019-\', \'General Surgery\', \'010.srcm_assigned\', 0),\n(144, 111141616267, \'An Observational study of inter scalene block in surgeries around shoulder joint \', \'PG Dissertation\', \'2019-09-16 23:09:02\', \'Riya Yohannan\', \'riyayohannan18@gmail.com\', 8301099895, \'2019\', \'Anesthesiology\', \'010.srcm_assigned\', 0),\n(145, 111104893908, \'Assesment of Shock Index and associated outcome in children with sepsis/ septic shock at the tertiary care hospital”\', \'PG Dissertation\', \'2019-09-17 13:43:36\', \'Dr. Gaigonglung \', \'gaigongmeinaga@gmail.com\', 6009182423, \'2019\', \'Paediatrics\', \'010.srcm_assigned\', 0),\n(146, 111118612297, \'A Pilot study- The role of Umbilical Cord Serum Therapy in Acute Ocular Chemical Injury cases.\', \'Research Project\', \'2019-09-17 19:04:30\', \'Dr. Yash Rajubhai Gandhi\', \'dryashgandhi1391@gmail.com\', 9913098061, \'\', \'Ophthalmology\', \'010.srcm_assigned\', 0),\n(147, 111169583692, \'Comparison of recovery characteristics between 2-chlorprocaine and low dose bupivacaine in short durations surgeries under spina anaesthesia\', \'PG Dissertation\', \'2019-09-17 20:53:49\', \'Bhoomika G Chaudhari\', \'drbhoomi94@gmail.com\', 814168475, \'May-2\', \'Anesthesiology\', \'010.srcm_assigned\', 0),\n(148, 111167622351, \'Cohort event monitoring of artemisinin derivatives in patients treated for uncomplicated malaria in tertiary care teaching hospital.\', \'PG Dissertation\', \'2019-09-18 09:15:31\', \'Dr.Jigar K. Chotaliya\', \'jigar.chotaliya@gmail.com\', 8347480586, \'2019\', \'Pharmacology\', \'010.srcm_assigned\', 0),\n(149, 111145876700, \'An observatinal study about infraclavicular block for forearm surgery\', \'PG Dissertation\', \'2019-09-18 16:59:51\', \'Kakdiya Kajal bharatbhai\', \'Kajalkakdiya96@gmail.com\', 9624709722, \'2019\', \'Anesthesiology\', \'010.srcm_assigned\', 0),\n(150, 111110092409, \'A study of Pulmonary Tuberculosis patients put on Bedaquiline based Optimized Background Regimen in the Tertiary Health Centre (New Civil Hospital, Surat) of South Gujarat.\', \'PG Dissertation\', \'2019-09-18 17:26:20\', \'Vaishali Jashbhai Rohit\', \'vaishaliujr7@gmail.com\', 9662050997, \'2019\', \'Respiratory Medicine\', \'010.srcm_assigned\', 0),\n(151, 111141673448, \'Diagnostic yield of bronchoscopy in benign lung diseases at tertiary health care hospital in south Gujarat.\', \'PG Dissertation\', \'2019-09-18 17:37:46\', \'Jignesh karamshibhai gengadiya\', \'jigneshgengadiyambbs@gmail.com\', 8000767972, \'2019\', \'Respiratory Medicine\', \'010.srcm_assigned\', 0),\n(152, 111197077596, \'Effect of Metformin on Heart Rate Variability(HRV) in newly diagnosed type 2 Diabetes Mellitus patients at tertiary care hospital \', \'PG Dissertation\', \'2019-09-21 11:55:39\', \'Dr. Khushbu P. Rathod\', \'khushir65@gmail.com\', 9408491908, \'2019\', \'Pharmacology\', \'040.ecm_assigned\', 0),\n(153, 111183920441, \'Study of Adverse Drug Reactions in outpatients and inpatients of Medicine Department in a Tertiary Care Hospital: A Cross-sectional Study\', \'PG Dissertation\', \'2019-09-21 11:56:30\', \'Patel Jeenalben\', \'pateljeenal612@gmail.com\', 9601263502, \'2019\', \'Pharmacology\', \'010.srcm_assigned\', 0),\n(154, 111128097806, \'A CASE SERIES OF WOUND COMPLICATIONS POST EMERGENCY LAPAROTOMIES- THEIR RELATION TO HOST FACTORS,  THEIR MANAGEMENT AND THEIR EFFECT ON PROLONGED HOSPITAL STAY\', \'PG Dissertation\', \'2019-09-22 12:47:59\', \'Rakshit Bankim Shah\', \'shahrb1996@yahoo.com\', 9429113289, \'2019\', \'\', \'010.srcm_assigned\', 0),\n(156, 111128097806, \'OBSERVATIONAL STUDY OF ETIOLOGY AND OUTCOME IN HOLLOW VISCUS PERFORATION\', \'PG Dissertation\', \'2019-09-22 17:30:08\', \'Dr.PULLURU BALA SUSHEETH KUMAR\', \'Sushipbsk101@gmail.com\', 8096600946, \'2019-\', \'General Surgery\', \'010.srcm_assigned\', 0),\n(157, 111120056441, \'Effect of chlorthalidone on Heart rate variability (HRV) in newly diagnosed patients of systemic hypertension in a tertiary care hospital: A prospective observational study.\', \'PG Dissertation\', \'2019-09-23 09:19:17\', \'Dr. Jatin V. Pathak\', \'pathakjatin1j1@gmail.com\', 9274789377, \'2019\', \'Pharmacology\', \'010.srcm_assigned\', 0),\n(158, 111118707412, \'“Laparoscopic cholecystectomy in patients of calculus\\r\\ncholecystitis with and without choledocholithiasis”\', \'PG Dissertation\', \'2019-09-23 12:45:17\', \'Amrut Phonde\', \'amrutphonde@yahoo.in\', 9481125598, \'2019\', \'General Surgery\', \'010.srcm_assigned\', 0),\n(159, 111118707412, \'Study of indications and complications of small and large intestinal stomas in emergency situations\', \'PG Dissertation\', \'2019-09-23 12:53:04\', \'PAPASANI ANIL KUMAR REDDY\', \'anilpapasani@gmail.com\', 9010662949, \'2019\', \'General surgery\', \'010.srcm_assigned\', 0),\n(160, 111133936789, \'CORRELATION OF BLOOD PRESSURE AND PERFUSION INDEX AFTER GIVING SPINAL ANAESTHESIA IN A PREGNANT WOMAN FOR LOWER SEGMENT CAESEREAN SECTION.\', \'PG Dissertation\', \'2019-09-23 21:39:08\', \'Dr Chung Chung Kipa Lachungpa\', \'chungchunglachungpa50@gmail.com\', 8145296428, \'2019\', \'Anesthesiology\', \'010.srcm_assigned\', 0),\n(161, 111116120754, \'To evaluate performance characteristics of Blockbuster  Laryngeal Mask Airway between elderly and young adult patients\', \'PG Dissertation\', \'2019-09-23 21:41:06\', \'Preya Rajeshbhai Modi\', \'preyamodi90@gmail.com\', 7405589017, \'2019\', \'Physiology\', \'001.applied\', 1),\n(162, 111187160228, \'To evaluate performance characteristics of Blockbuster  Laryngeal Mask Airway between elderly and young adult patients\', \'PG Dissertation\', \'2019-09-24 14:26:16\', \'Preya Rajeshbhai Modi\', \'preyamodi90@gmail.com\', 7405589017, \'2019\', \'Anesthesiology\', \'010.srcm_assigned\', 0),\n(164, 111133464648, \'To document the proportion of Acute Kidney Injury (AKI), using p RIFLE criteria, diagnosis and outcome among critically ill patients admitted to a Pediatric Intensive Care Unit (PICU) at a tertiary care centre.\', \'PG Dissertation\', \'2019-09-27 13:43:38\', \'Dr. Sakshi Suman\', \'suman.sakshi27@gmail.com, \', 7874059926, \'MAY-2\', \'Paediatrics\', \'040.ecm_assigned\', 0),\n(165, 111109176406, \'STUDY TO EVALUATE THE ROLE OF MULTIDETECTOR CT IN DIAGNOSING PULMONARY THROMBOEMBOLISM\', \'PG Dissertation\', \'2019-09-27 23:41:27\', \'Gunjan Jayant\', \'gunjanjayant25@gmail.com\', 9643397820, \'2019\', \'Radiology\', \'010.srcm_assigned\', 0),\n(166, 111131192347, \'CROSS-SECTIONAL STUDY CORRELATING HIGH RESOLUTION CT AND MR IMAGING OF TEMPORAL BONE TO DIAGNOSE AND CHARACTERIZE INNER EAR ANOMALIES IN PATIENTS WITH CONGENITAL SENSORINEURAL HEARING LOSS\', \'PG Dissertation\', \'2019-09-29 20:54:39\', \'Saurabh Deshpande\', \'saurabhde15@gmail.com\', 7382108165, \'2019\', \'Radiology\', \'010.srcm_assigned\', 0),\n(167, 111131192347, \'OBSERVATIONAL STUDY OF HIGH RESOLUTION CT SCAN THORAX IN  SUSPECTED CASES OF INTERSTITIAL LUNG DISEASE\', \'PG Dissertation\', \'2019-09-29 22:57:32\', \'Patel Mahammedwasim M\', \'wasimpatel215@gmail.com\', 8780319097, \'2019\', \'Radiology\', \'010.srcm_assigned\', 0),\n(169, 111113281064, \'Study of sociodemographic and clinical profile of paediatric cancer  patients at tertiary care institute\', \'PG Dissertation\', \'2019-09-30 16:03:41\', \'Dr. V. Sreeja\', \'vsreejambbs@gmail.com\', 9487992276, \'2019\', \'Paediatrics\', \'010.srcm_assigned\', 0),\n(170, 111113281064, \'Study of acute complications and short term outcome among children of Acute Lymphoblastic Leukemia\', \'PG Dissertation\', \'2019-09-30 16:47:25\', \'Zarna Mayankkumar Shastri\', \'shastri.zarna@gmail.com\', 9904215576, \'2019\', \'Paediatrics\', \'010.srcm_assigned\', 0),\n(171, 111109409394, \' Cross sectional study of three vessel tracheal view in diagnosing congenital heart diseases in fetus at 18-20 weeks of gestation in correlation with standard four chambered view\', \'PG Dissertation\', \'2019-09-30 16:52:27\', \'Kotha.Hari Priyanka\', \'haripriyanka080@gmail.com\', 7731852950, \'2019\', \'Radiology\', \'010.srcm_assigned\', 0),\n(172, 111109409394, \'ROLE OF ULTRASOUND IN DIAGNOSIS AND MANAGEMENT OF SHOULDER PAIN\', \'PG Dissertation\', \'2019-09-30 21:58:19\', \'Srinivas P\', \'srinivas4994@gmail.com\', 9740519809, \'2019\', \'Radiology\', \'010.srcm_assigned\', 0),\n(174, 111119500892, \'Understanding Coping and Marital Quality among wives of persons with Alcohol use disorder in General Hospital Psychiatry Unit De-Addiction Centre - A Cross-sectional study\', \'PG Dissertation\', \'2019-10-01 10:45:11\', \'Shivani Kanani\', \'kananishivani27@gmail.com\', 9409411174, \'2019\', \'Psychiatry\', \'010.srcm_assigned\', 0),\n(175, 111135784508, \'Study to determine correlations between the values of s. CK-MB with perinatal asphyxia and its outcome at a tertiary care hospital of South Gujarat\', \'PG Dissertation\', \'2019-10-01 12:54:57\', \'Aditya Bhatt\', \'adityabhatt47@gmail.com\', 9428067811, \'2019\', \'Paediatrics\', \'010.srcm_assigned\', 0),\n(176, 111119500892, \'Knowledge level and Perceived Burden in Primary caregivers of improved and prophylactic-stable Bipolar Affective disorder patients- A Cross-sectional, mixed method study.\', \'PG Dissertation\', \'2019-10-01 18:57:21\', \'Shreyasi Tendolkar\', \'shreyasitendolkar5@gmail.com\', 9821540404, \'2019\', \'Psychiatry\', \'010.srcm_assigned\', 0),\n(177, 111146143321, \'Factors associated with viral suppression and non-suppression among PLHIV on 2nd line ART at ART Center of South Gujarat: A mixed method study\', \'PG Dissertation\', \'2019-10-03 16:31:03\', \'Dr Shambhavi Verma \', \'shambhavi18071992v@gmail.com\', 8789193303, \'May 2\', \'Community Medicine\', \'040.ecm_assigned\', 0),\n(178, 111141673448, \'Study of comorbidities in Chronic obstructive pulmonary disease patients at Tertiary Health Care Centre in South Gujarat”\', \'PG Dissertation\', \'2019-10-03 17:36:46\', \'Dr sreerag Varior A\', \'variorsreerag@gmail.com\', 9446093151, \'2019\', \'Respiratory Medicine\', \'010.srcm_assigned\', 0),\n(179, 111155286817, \'Correlation of Depression with Self Esteem and Parenting style in depressed Adolescents visiting child and adolescents psychiatry unit –An Exploratory mixed method study\', \'PG Dissertation\', \'2019-10-04 13:31:33\', \'Tanvi Shaikh\', \'tanvishaikh35643@gmail.com\', 9662531250, \'2019\', \'Psychiatry\', \'010.srcm_assigned\', 0),\n(180, 111105855952, \'RETROSPECTIVE OBSERVATIONAL STUDY OF THE OUTCOME OF OPEN HEMORRHOIDECTOMY (MILLIGAN MORGAN`S TECHNIQUE) VS TRANSANAL SUTURE RECTOPEXY/HAEMORRHOIDOPEXY (CHIVATE`S PROCEDURE) IN HAEMORRHOID PATIENTS\', \'PG Dissertation\', \'2019-10-08 13:22:13\', \'Dr.Motiwala Mohammed A.Rahimbhai\', \'motiwalamohammed97@gmail.com\', 8980956292, \'2019-\', \'General Surgery\', \'010.srcm_assigned\', 0),\n(181, 111169583692, \'A prospective observational study to assess the labour epidural analgesic quality using 0.2% Ropivacaine with fentanyl in our institute.\', \'PG Dissertation\', \'2019-10-13 18:03:21\', \'Dr. Aanal Parmar\', \'aanal.parmar@gmail.com\', 8866374159, \'2019\', \'Anesthesiology\', \'010.srcm_assigned\', 0),\n(187, 111105855952, \'EFFECTIVENESS OF SUBCUTANEOUS DRAIN IN REDUCING SURGICAL SITE INFECTION IN LAPAROTOMY PATIENTS\', \'PG Dissertation\', \'2019-10-14 15:57:04\', \'PATEL YASH DURLABHJIBHAI\', \'yashpatel2573@gmail.com\', 8469533744, \'2019\', \'General Surgery\', \'010.srcm_assigned\', 0),\n(188, 989625977991, \'“Safe injection practices- A study to assess the knowledge, attitude and practices among health care providers of selected health care facialities of Surat city with focus on developing a local guideline to meet the demand of safe injection nursing practices.”\', \'PhD\', \'2019-10-17 13:33:58\', \'Mr. Sanjaykumar Valjibhai Dabhi\', \'princess1012012001@yahoo.com\', 9824961594, \'2018\', \'\', \'010.srcm_assigned\', 0),\n(189, 111197851111, \'CLINICAL STUDY OF VENEREAL DISEASES AT A TERTIARY CARE HOSPITAL: A CROSS SECTIONAL STUDY\', \'PG Dissertation\', \'2019-10-17 15:20:51\', \'Raj Vitthalbhai Patolia\', \'rajpatolia@yahoo.com\', 7383486070, \'2019\', \'Skin and VD\', \'010.srcm_assigned\', 0),\n(190, 111166452628, \'TO STUDY METABOLIC SYNDROME IN PATIENTS OF ACANTHOSIS NIGRICANS AT TERTIARY CARE HOSPITAL : A CROSS SECTIONAL STUDY \', \'PG Dissertation\', \'2019-10-17 15:28:01\', \'Dr. Nilam Pala\', \'neelampala233@gmail.com\', 9904776052, \'2019\', \'Dermatology\', \'010.srcm_assigned\', 0),\n(191, 111166452628, \'A CLINICAL STUDY OF LEPROSY PATIENTS ATTENDING TERTIARY CARE HOSPITAL - A CROSS SECTIONAL STUDY\', \'PG Dissertation\', \'2019-10-17 15:30:09\', \'Bhavani N S\', \'bhavanins9@gmail.com\', 9740425287, \'2019\', \'Skin and VD\', \'001.applied\', 0),\n(193, 111194398329, \'A PROSPECTIVE OBSERVATIONAL CLINICAL STUDY ON TRAUMATIC CHEST INJURY IN TERTIARY CARE HOSPITAL OF SOUTH GUJARAT\', \'PG Dissertation\', \'2019-10-21 12:00:06\', \'Dr. Rushita Thakore\', \'rushitathakore.rt@gmail.com\', 9408355089, \'2019\', \'General surgery\', \'010.srcm_assigned\', 0),\n(194, 111194398329, \'AN OBSERVATIONAL STUDY OF  ABDOMINAL STAB INJURIES IN TERTIARY CARE HOSPITAL OF SOUTH GUJARAT\', \'PG Dissertation\', \'2019-10-21 14:38:14\', \'NIKHIL DOLATRAM KRISHNANI\', \'krishnaninikhil@gmail.com\', 919879058871, \'2019\', \'\', \'010.srcm_assigned\', 0),\n(195, 111194398329, \'AN OBSERVATIONAL CLINICAL  STUDY OF VALIDATION OF LINTULA SCORE IN SUSPECTED CASE OF ACUTE APPENDICITIS IN TERTIARY CARE HOSPITAL OF SOUTH GUJARAT\', \'PG Dissertation\', \'2019-10-21 14:44:06\', \'Dr Kapil Garg\', \'kapilngarg@gmail.com\', 9712044761, \'2019\', \'General surgery\', \'010.srcm_assigned\', 0),\n(196, 111184643584, \'AN OBSERVATIONAL STUDY OF CYANOACRYLATE TISSUE ADHESIVE GLUE AND SKIN SUTURES IN CLOSURE OF SURGICAL INCISION IN INGUINAL REGION\', \'PG Dissertation\', \'2019-10-21 15:33:03\', \'Rathwa Dhawalbhai Aajambhai\', \'dhavalrathva1994@gmail.com\', 9426264796, \'2019\', \'General Surgery\', \'010.srcm_assigned\', 0),\n(197, 111184643584, \'AN OBSERVATIONAL STUDY OF CLINICAL FEATURES AND MANAGEMENT OF PAINFUL SCROTAL SWELLINGS\', \'PG Dissertation\', \'2019-10-21 15:34:40\', \'Ahir tusharkumar manjibhai\', \'tusharahir101@gmail.com\', 8758758868, \'2019\', \'General Surgery\', \'010.srcm_assigned\', 0),\n(198, 111180947873, \'OBSERVATIONAL CLINICAL STUDY OF INDICATIONS AND OUTCOME OF RE-\\r\\nEXPLORATION LAPAROTOMY IN 50 PATIENTS.\', \'PG Dissertation\', \'2019-10-21 15:35:47\', \'BADAMI KHUSHBU ARVINDLAL\', \'khushbu.badami@gmail.com\', 7016134614, \'2019-\', \'General Surgery\', \'010.srcm_assigned\', 0),\n(199, 111125200378, \'A RETROSPECTIVE COMPARATIVE STUDY OF STAPLER VERSES HAND SEWN TECHNIQUE IN GASTROINTESTINAL ANASTOMOSIS IN 25 CASES EACH\', \'PG Dissertation\', \'2019-10-21 15:36:05\', \'MEHTA ANUJ RANJIT \', \'ANUJMEHTA_101@YAHOO.COM\', 9408194130, \'2019\', \'General Surgery\', \'010.srcm_assigned\', 0),\n(200, 111125200378, \'ABDOMINAL SURGICAL SITE INFECTION INCIDENCE AND RISK \\r\\nFACTOR\', \'PG Dissertation\', \'2019-10-21 15:36:24\', \'DR. BHARGAV D PATEL\', \'bhargavdnp@gmail.com\', 8130620541, \'2019\', \'General Surgery\', \'010.srcm_assigned\', 0),\n(201, 111180947873, \'OBSERVATIONAL CLINICAL STUDY FOR EFFICACY OF MANNHEIM PERITONITIS INDEX (MPI) SCORE IN PATIENTS WITH SECONDARY PERITONITIS.\', \'PG Dissertation\', \'2019-10-21 15:37:21\', \'AMAN RATAN BALAR\', \'aman.animax@gmail.com\', 9024972895, \'2019\', \'General Surgery\', \'010.srcm_assigned\', 0),\n(202, 111142073582, \'AN OBSERVATIONAL CLINICAL  STUDY OF  MANAGEMENT OF ACUTE  SMALL BOWEL OBSTRUCTION IN TERTIARY CARE HOSPITAL OF SOUTH GUJARAT\\r\\n\', \'PG Dissertation\', \'2019-10-21 15:38:27\', \'SHAH SAVANKUMAR KANTIBHAI\', \'savankshah25@gmail.com\', 9408108491, \'2019\', \'General surgery\', \'001.applied\', 1),\n(203, 111189103736, \'OBSERVATIONAL CLINICAL STUDY OF RELEVANCE OF \\r\\nGOODSALL’S RULE IN 50 CASES OF FISTULA IN ANO\', \'PG Dissertation\', \'2019-10-21 15:39:06\', \'CHAUHAN DHARMESH RAMESHBHAI\', \'dharmesh_chauhan777@yahoo.com\', 7874321717, \'2019-\', \'General Surgery\', \'001.applied\', 1),\n(204, 111180947873, \'OBSERVATIONAL COMPARATIVE STUDY BETWEEN MARSHALL AND\\r\\nROTTERDAM CT SCORES IN PREDICTING EARLY DEATHS IN PATIENTS WITH\\r\\nTRAUMATIC BRAIN INJURY(TBI)\', \'PG Dissertation\', \'2019-10-21 15:46:49\', \'ADITYA ARVINDBHAI BARAIYA\', \'adityabaraiya1@gmail.com\', 7016907989, \'2019\', \'General Surgery\', \'010.srcm_assigned\', 0),\n(205, 111124527105, \'A   RETROSPECTIVE  STUDY OF VARIOUS PRESENATIONS OF ABDOMINAL TUBERCULOSIS” \', \'PG Dissertation\', \'2019-10-21 15:46:51\', \'TUSHAR BALUBHAI PADVI\', \'t.b.padvi75@gmail.com\', 9978172143, \'2019\', \'General Surgery\', \'001.applied\', 1),\n(206, 111124527105, \'AN OBSERVATIONAL STUDY OF INTRAPERITONEAL ONLAY MESH IN VENTRAL HERNIA REPAIR\', \'PG Dissertation\', \'2019-10-21 15:53:38\', \'VASAVA HIRENKUMAR DINESHBHAI\', \'hiren.vasava9619@gmail.com\', 9033878881, \'2019\', \'General Surgery\', \'001.applied\', 1),\n(207, 111124527105, \'OBSERVATONAL STUDY OF VARIOUS MODALITIES OF MANAGEMENT IN VARICOSE VEINS\', \'PG Dissertation\', \'2019-10-21 15:55:45\', \'DHAIRAV GAURANG VASAVADA\', \'dhairav23@gmail.com\', 9409129315, \'2019\', \'General Surgery\', \'001.applied\', 1),\n(208, 111119500892, \'Depression, anxiety, psychosomatic symptoms and myths in Dhat syndrome patients at a General Hospital Psychiatry Unit – A Cross-sectional mixed study\', \'PG Dissertation\', \'2019-10-21 16:12:19\', \'Tejas Joshi\', \'tejasjoshi834@gmail.com\', 9408511477, \'2019\', \'Psychiatry\', \'010.srcm_assigned\', 0),\n(209, 111101453295, \'“A CROSS SECTIONAL STUDY OF CLINICAL AND ETIOLOGICAL PROFILE OF ACUTE UNDIFFERENTIATED FEVER IN A TERTIARY CARE HOSPITAL OF SOUTH GUJARAT.”\', \'PG Dissertation\', \'2019-10-21 19:04:18\', \'dr Gohel Kalpeshkumar\', \'kgohel115@gmail.com\', 9650805101, \'2019\', \'Medicine\', \'010.srcm_assigned\', 0),\n(210, 111173970664, \'A mixed methods study of care continuum, retention, loss to follow up and  factors affecting adherence of pregnant mothers and young children in prevention of parent/mother to child program (PPTCT) \', \'PhD\', \'2019-10-21 21:26:49\', \'Dr Anjali Modi\', \'dranjalimodi@gmail.com\', 9925018752, \'2015\', \'Community Medicine\', \'010.srcm_assigned\', 0),\n(211, 111101453295, \'A COMPARISON STUDY CAN VENOUS BLOOD GAS ANALYSIS AND ARTERIAL IN BLOOD GAS ANALYSIS IN CHRONIC KIDNEY DISEASE ON HEMODIALYSIS PATIENTS\', \'PG Dissertation\', \'2019-10-22 20:23:18\', \'Dr.Shivakumar pujari\', \'drshivpujari@gmail.com\', 8105101260, \'2019\', \'Medicine\', \'010.srcm_assigned\', 0),\n(212, 111101453295, \'“A PROSPECTIVE AND OBSERVATIONAL STUDY OF INTRAVENOUS AND SUBCUTANEOUS PLAIN INSULIN IN DIABETIC KETOACIDOSIS.”\', \'PG Dissertation\', \'2019-10-28 22:46:43\', \'Dr. Tvisha Piyushbhai Chaudhari\', \'tvisha257@gmail.com\', 9409262071, \'2019\', \'Medicine\', \'010.srcm_assigned\', 0),\n(213, 111173374057, \'ROLE OF MAGNETIC RESONANCE IMAGING(MRI) AND PLAIN RADIOGRAPH IN THE EVALUATION OF SYMPTOMATIC HIP  JOINT \', \'PG Dissertation\', \'2019-10-30 10:39:05\', \'patel chaitali\', \'pchaitali810@gmail.com \', 7405507104, \'2019\', \'Radiology\', \'010.srcm_assigned\', 0),\n(217, 111114495955, \'PROSPECTIVE STUDY OF ALTERATION IN SAGGITAL PROFILE PARAMETERS IN OPERATED CASES OF LUMBAR DEGENERATIVE CONDITIONS AND ITS CORRELATION WITH CLINICAL OUTCOMES\', \'PG Dissertation\', \'2019-11-04 01:35:05\', \'DR .LOVISH GULBADHAR\', \'lovish.gulbadhar@gmail.com\', 7567734772, \'2019\', \'Orthopedics\', \'010.srcm_assigned\', 0),\n(218, 111114495955, \'Study of Functional and radiological outcomes of calcaneal fractures treated with Minimal access surgeries\', \'PG Dissertation\', \'2019-11-04 07:42:38\', \'VIREN UMRETHIYA\', \'virenfc@gmail.com\', 9624118632, \'2019\', \'Orthopedics\', \'010.srcm_assigned\', 0),\n(219, 111186968561, \'Observational study of correlation between barium swallow and C.T. scan of esophagus to determine radio logical abnormalities in patients presenting with dysphagia.\', \'PG Dissertation\', \'2019-11-06 11:24:02\', \'Payal Patel\', \'payalpatel14495@gmail.com\', 9624941538, \'2019\', \'Radiology\', \'001.applied\', 0);\n\n--\n-- Indexes for dumped tables\n--\n\n--\n-- Indexes for table `proposal`\n--\nALTER TABLE `proposal`\n  ADD PRIMARY KEY (`id`),\n  ADD KEY `applicant_id` (`applicant_id`);\n\n--\n-- AUTO_INCREMENT for dumped tables\n--\n\n--\n-- AUTO_INCREMENT for table `proposal`\n--\nALTER TABLE `proposal`\n  MODIFY `id` int(11) NOT NULL AUTO_INCREMENT, AUTO_INCREMENT=220;\n--\n-- Constraints for dumped tables\n--\n\n--\n-- Constraints for table `proposal`\n--\nALTER TABLE `proposal`\n  ADD CONSTRAINT `proposal_ibfk_1` FOREIGN KEY (`applicant_id`) REFERENCES `user` (`id`) ON UPDATE CASCADE;\n\n/*!40101 SET CHARACTER_SET_CLIENT=@OLD_CHARACTER_SET_CLIENT */;\n/*!40101 SET CHARACTER_SET_RESULTS=@OLD_CHARACTER_SET_RESULTS */;\n/*!40101 SET COLLATION_CONNECTION=@OLD_COLLATION_CONNECTION */;\n','proposal.sql');
/*!40000 ALTER TABLE `result_blob` ENABLE KEYS */;
UNLOCK TABLES;

--
-- Table structure for table `sample_id_strategy`
--

DROP TABLE IF EXISTS `sample_id_strategy`;
/*!40101 SET @saved_cs_client     = @@character_set_client */;
/*!40101 SET character_set_client = utf8 */;
CREATE TABLE `sample_id_strategy` (
  `sample_requirement` varchar(300) COLLATE utf8_bin NOT NULL,
  `lowest_id` bigint(20) NOT NULL,
  `highest_id` bigint(20) NOT NULL,
  `description` varchar(500) COLLATE utf8_bin NOT NULL,
  PRIMARY KEY (`sample_requirement`)
) ENGINE=InnoDB DEFAULT CHARSET=utf8 COLLATE=utf8_bin;
/*!40101 SET character_set_client = @saved_cs_client */;

--
-- Dumping data for table `sample_id_strategy`
--

LOCK TABLES `sample_id_strategy` WRITE;
/*!40000 ALTER TABLE `sample_id_strategy` DISABLE KEYS */;
INSERT INTO `sample_id_strategy` VALUES ('Citrate-Blood-HI',2000000,2999999,'Haematology series'),('EDTA-Blood-HI',2000000,2999999,'Haematology series'),('Fluoride-Blood-BI',1000000,1499999,'Biochemistry samples'),('Plain-Blood-BI',1000000,1499999,'Biochemistry samples'),('Plain-Blood-MI',6000000,6999999,'Microbiology Plain sample'),('Plain-CSF-BI',1000000,1499999,'Biochemistry sample');
/*!40000 ALTER TABLE `sample_id_strategy` ENABLE KEYS */;
UNLOCK TABLES;

--
-- Table structure for table `user`
--

DROP TABLE IF EXISTS `user`;
/*!40101 SET @saved_cs_client     = @@character_set_client */;
/*!40101 SET character_set_client = utf8 */;
CREATE TABLE `user` (
  `user` int(11) NOT NULL,
  `name` varchar(100) NOT NULL,
  `password` varchar(1000) NOT NULL,
  `expirydate` date NOT NULL,
  PRIMARY KEY (`user`)
) ENGINE=InnoDB DEFAULT CHARSET=utf8mb4;
/*!40101 SET character_set_client = @saved_cs_client */;

--
-- Dumping data for table `user`
--

LOCK TABLES `user` WRITE;
/*!40000 ALTER TABLE `user` DISABLE KEYS */;
INSERT INTO `user` VALUES (1,'Shailesh','$2y$10$rK6tUXxwZc0a07pu8YiQx.lXJLCevgepyiVt4kS391BwcPOqvmiNu','2020-06-18');
/*!40000 ALTER TABLE `user` ENABLE KEYS */;
UNLOCK TABLES;
/*!40103 SET TIME_ZONE=@OLD_TIME_ZONE */;

/*!40101 SET SQL_MODE=@OLD_SQL_MODE */;
/*!40014 SET FOREIGN_KEY_CHECKS=@OLD_FOREIGN_KEY_CHECKS */;
/*!40014 SET UNIQUE_CHECKS=@OLD_UNIQUE_CHECKS */;
/*!40101 SET CHARACTER_SET_CLIENT=@OLD_CHARACTER_SET_CLIENT */;
/*!40101 SET CHARACTER_SET_RESULTS=@OLD_CHARACTER_SET_RESULTS */;
/*!40101 SET COLLATION_CONNECTION=@OLD_COLLATION_CONNECTION */;
/*!40111 SET SQL_NOTES=@OLD_SQL_NOTES */;

-- Dump completed on 2020-01-10  9:07:11
